"","row","col","Rep","Genus","Species","sp","species_short","chamber","ch_rep","biome","total_reps","ambient_reps","max_reps","Run","n","pos","ID","Day","rand","temp_C","time_min","flash_condition","leaf_number","FvFm_manual","FvFm_auto"
"1","A",1,3,"Eucalyptus","sessilis","Eses","E SESS","C1","2","GRASS",24,8,6,1,29,"A1","Eses_C1_2_R29",1,0.000309643,30,120,"i","1",0.804170739654611,0.805295160881682
"2","A",1,3,"Eucalyptus","sessilis","Eses","E SESS","C1","2","GRASS",24,8,6,1,29,"A1","Eses_C1_2_R29",1,0.000309643,36,30,"i","1",0.815762184583477,0.81511362108377
"3","A",1,3,"Eucalyptus","sessilis","Eses","E SESS","C1","2","GRASS",24,8,6,1,29,"A1","Eses_C1_2_R29",1,0.000309643,48,60,"o","1",-0.0413793103448275,-0.0376138701146048
"4","A",1,3,"Eucalyptus","sessilis","Eses","E SESS","C1","2","GRASS",24,8,6,1,29,"A1","Eses_C1_2_R29",1,0.000309643,56,5,"p","1",-0.0622617534942819,-0.0594490091831803
"5","A",1,3,"Eucalyptus","sessilis","Eses","E SESS","C1","2","GRASS",24,8,6,1,29,"A1","Eses_C1_2_R29",1,0.000309643,48,30,"o","1",0.0255623721881391,0.0365752285951787
"6","A",1,3,"Eucalyptus","sessilis","Eses","E SESS","C1","2","GRASS",24,8,6,1,29,"A1","Eses_C1_2_R29",1,0.000309643,30,120,"o","1",0.261280167890871,0.217463617463617
"7","A",1,3,"Eucalyptus","sessilis","Eses","E SESS","C1","2","GRASS",24,8,6,1,29,"A1","Eses_C1_2_R29",1,0.000309643,44,15,"o","1",0.326039387308534,0.333735909822866
"8","A",1,3,"Eucalyptus","sessilis","Eses","E SESS","C1","2","GRASS",24,8,6,1,29,"A1","Eses_C1_2_R29",1,0.000309643,52,15,"p","1",-0.051792828685259,-0.0460933108487915
"9","A",1,3,"Eucalyptus","sessilis","Eses","E SESS","C1","2","GRASS",24,8,6,1,29,"A1","Eses_C1_2_R29",1,0.000309643,40,5,"p","1",0.626254826254826,0.615238095238095
"10","A",1,3,"Eucalyptus","sessilis","Eses","E SESS","C1","2","GRASS",24,8,6,1,29,"A1","Eses_C1_2_R29",1,0.000309643,36,120,"i","1",0.805664356733956,0.80670404111189
"11","A",1,3,"Eucalyptus","sessilis","Eses","E SESS","C1","2","GRASS",24,8,6,1,29,"A1","Eses_C1_2_R29",1,0.000309643,36,5,"p","1",0.464705882352941,0.47351742870077
"12","A",1,3,"Eucalyptus","sessilis","Eses","E SESS","C1","2","GRASS",24,8,6,1,29,"A1","Eses_C1_2_R29",1,0.000309643,56,5,"i","1",0.827677977378576,0.825463632776536
"13","A",1,3,"Eucalyptus","sessilis","Eses","E SESS","C1","2","GRASS",24,8,6,1,29,"A1","Eses_C1_2_R29",1,0.000309643,52,30,"i","1",0.775203915171289,0.773532388663968
"14","A",1,3,"Eucalyptus","sessilis","Eses","E SESS","C1","2","GRASS",24,8,6,1,29,"A1","Eses_C1_2_R29",1,0.000309643,36,15,"p","1",0.461722488038277,0.467423494570583
"15","A",1,3,"Eucalyptus","sessilis","Eses","E SESS","C1","2","GRASS",24,8,6,1,29,"A1","Eses_C1_2_R29",1,0.000309643,30,15,"o","1",0.589531680440771,0.571944444444444
"16","A",1,3,"Eucalyptus","sessilis","Eses","E SESS","C1","2","GRASS",24,8,6,1,29,"A1","Eses_C1_2_R29",1,0.000309643,52,30,"p","1",-0.0731707317073171,-0.0786885245901638
"17","A",1,3,"Eucalyptus","sessilis","Eses","E SESS","C1","2","GRASS",24,8,6,1,29,"A1","Eses_C1_2_R29",1,0.000309643,40,15,"o","1",0.536297640653358,0.525509250607363
"18","A",1,3,"Eucalyptus","sessilis","Eses","E SESS","C1","2","GRASS",24,8,6,1,29,"A1","Eses_C1_2_R29",1,0.000309643,44,60,"o","1",0.197014925373134,0.189565217391304
"19","A",1,3,"Eucalyptus","sessilis","Eses","E SESS","C1","2","GRASS",24,8,6,1,29,"A1","Eses_C1_2_R29",1,0.000309643,40,120,"p","1",0.243093922651934,0.25
"20","A",1,3,"Eucalyptus","sessilis","Eses","E SESS","C1","2","GRASS",24,8,6,1,29,"A1","Eses_C1_2_R29",1,0.000309643,30,30,"o","1",0.535361216730038,0.532401902497027
"21","A",1,3,"Eucalyptus","sessilis","Eses","E SESS","C1","2","GRASS",24,8,6,1,29,"A1","Eses_C1_2_R29",1,0.000309643,48,15,"o","1",0.0760534429599178,0.0779116465863453
"22","A",1,3,"Eucalyptus","sessilis","Eses","E SESS","C1","2","GRASS",24,8,6,1,29,"A1","Eses_C1_2_R29",1,0.000309643,56,30,"p","1",-0.0910780669144982,-0.0582241630276564
"23","A",1,3,"Eucalyptus","sessilis","Eses","E SESS","C1","2","GRASS",24,8,6,1,29,"A1","Eses_C1_2_R29",1,0.000309643,52,60,"i","1",0.830182926829268,0.831298162418494
"24","A",1,3,"Eucalyptus","sessilis","Eses","E SESS","C1","2","GRASS",24,8,6,1,29,"A1","Eses_C1_2_R29",1,0.000309643,56,15,"i","1",0.801470588235294,0.803252433164962
"25","A",1,3,"Eucalyptus","sessilis","Eses","E SESS","C1","2","GRASS",24,8,6,1,29,"A1","Eses_C1_2_R29",1,0.000309643,40,15,"i","1",0.745454545454545,0.744535519125683
"26","A",1,3,"Eucalyptus","sessilis","Eses","E SESS","C1","2","GRASS",24,8,6,1,29,"A1","Eses_C1_2_R29",1,0.000309643,48,15,"p","1",0.0896358543417367,0.0991780821917808
"27","A",1,3,"Eucalyptus","sessilis","Eses","E SESS","C1","2","GRASS",24,8,6,1,29,"A1","Eses_C1_2_R29",1,0.000309643,30,60,"o","1",0.405812701829925,0.400707651481645
"28","A",1,3,"Eucalyptus","sessilis","Eses","E SESS","C1","2","GRASS",24,8,6,1,29,"A1","Eses_C1_2_R29",1,0.000309643,44,120,"p","1",0.0271084337349397,0.0477987421383648
"29","A",1,3,"Eucalyptus","sessilis","Eses","E SESS","C1","2","GRASS",24,8,6,1,29,"A1","Eses_C1_2_R29",1,0.000309643,52,60,"o","1",-0.0490848585690515,-0.0493787830519273
"30","A",1,3,"Eucalyptus","sessilis","Eses","E SESS","C1","2","GRASS",24,8,6,1,29,"A1","Eses_C1_2_R29",1,0.000309643,56,30,"i","1",0.788132508190754,0.793812989921613
"31","A",1,3,"Eucalyptus","sessilis","Eses","E SESS","C1","2","GRASS",24,8,6,1,29,"A1","Eses_C1_2_R29",1,0.000309643,52,5,"p","1",-0.0472154963680386,-0.0414703110273328
"32","A",1,3,"Eucalyptus","sessilis","Eses","E SESS","C1","2","GRASS",24,8,6,1,29,"A1","Eses_C1_2_R29",1,0.000309643,52,60,"p","1",-0.0620592383638928,-0.0624999999999999
"33","A",1,3,"Eucalyptus","sessilis","Eses","E SESS","C1","2","GRASS",24,8,6,1,29,"A1","Eses_C1_2_R29",1,0.000309643,30,60,"i","1",0.809893992932862,0.810309836287377
"34","A",1,3,"Eucalyptus","sessilis","Eses","E SESS","C1","2","GRASS",24,8,6,1,29,"A1","Eses_C1_2_R29",1,0.000309643,48,30,"p","1",-0.0320855614973262,-0.0485133020344288
"35","A",1,3,"Eucalyptus","sessilis","Eses","E SESS","C1","2","GRASS",24,8,6,1,29,"A1","Eses_C1_2_R29",1,0.000309643,48,5,"p","1",0.238636363636364,0.229476405946994
"36","A",1,3,"Eucalyptus","sessilis","Eses","E SESS","C1","2","GRASS",24,8,6,1,29,"A1","Eses_C1_2_R29",1,0.000309643,44,30,"i","1",0.778184892897407,0.779690755565303
"37","A",1,3,"Eucalyptus","sessilis","Eses","E SESS","C1","2","GRASS",24,8,6,1,29,"A1","Eses_C1_2_R29",1,0.000309643,44,120,"o","1",0.0879120879120878,0.0949868073878628
"38","A",1,3,"Eucalyptus","sessilis","Eses","E SESS","C1","2","GRASS",24,8,6,1,29,"A1","Eses_C1_2_R29",1,0.000309643,36,60,"o","1",0.580645161290323,0.585500830105147
"39","A",1,3,"Eucalyptus","sessilis","Eses","E SESS","C1","2","GRASS",24,8,6,1,29,"A1","Eses_C1_2_R29",1,0.000309643,36,30,"o","1",0.535102739726027,0.536144578313253
"40","A",1,3,"Eucalyptus","sessilis","Eses","E SESS","C1","2","GRASS",24,8,6,1,29,"A1","Eses_C1_2_R29",1,0.000309643,30,15,"i","1",0.79928894634777,0.800757575757576
"41","A",2,2,"Eucalyptus","lucens","Eluc","E LUCE","C7","1","GRASS",18,7,6,1,30,"A2","Eluc_C7_1_R30",1,0.024448473,36,120,"i","2",0.79386189258312,0.791544117647059
"42","A",2,2,"Eucalyptus","lucens","Eluc","E LUCE","C7","1","GRASS",18,7,6,1,30,"A2","Eluc_C7_1_R30",1,0.024448473,52,30,"i","2",0.767367192060712,0.768494445757504
"43","A",2,2,"Eucalyptus","lucens","Eluc","E LUCE","C7","1","GRASS",18,7,6,1,30,"A2","Eluc_C7_1_R30",1,0.024448473,48,15,"p","2",0.043026706231454,0.0429234338747099
"44","A",2,2,"Eucalyptus","lucens","Eluc","E LUCE","C7","1","GRASS",18,7,6,1,30,"A2","Eluc_C7_1_R30",1,0.024448473,48,30,"o","2",0.026605504587156,0.0250280164363092
"45","A",2,2,"Eucalyptus","lucens","Eluc","E LUCE","C7","1","GRASS",18,7,6,1,30,"A2","Eluc_C7_1_R30",1,0.024448473,56,5,"p","2",-0.0447390223695111,-0.0351774864086984
"46","A",2,2,"Eucalyptus","lucens","Eluc","E LUCE","C7","1","GRASS",18,7,6,1,30,"A2","Eluc_C7_1_R30",1,0.024448473,40,15,"o","2",0.785190999476714,0.78037720292693
"47","A",2,2,"Eucalyptus","lucens","Eluc","E LUCE","C7","1","GRASS",18,7,6,1,30,"A2","Eluc_C7_1_R30",1,0.024448473,56,30,"p","2",-0.0527256478999107,-0.0550714534681073
"48","A",2,2,"Eucalyptus","lucens","Eluc","E LUCE","C7","1","GRASS",18,7,6,1,30,"A2","Eluc_C7_1_R30",1,0.024448473,48,15,"o","2",0.0713536201469045,0.076701030927835
"49","A",2,2,"Eucalyptus","lucens","Eluc","E LUCE","C7","1","GRASS",18,7,6,1,30,"A2","Eluc_C7_1_R30",1,0.024448473,52,60,"p","2",-0.0573643410852712,-0.0585106382978723
"50","A",2,2,"Eucalyptus","lucens","Eluc","E LUCE","C7","1","GRASS",18,7,6,1,30,"A2","Eluc_C7_1_R30",1,0.024448473,44,30,"i","2",0.813719512195122,0.811362792424805
"51","A",2,2,"Eucalyptus","lucens","Eluc","E LUCE","C7","1","GRASS",18,7,6,1,30,"A2","Eluc_C7_1_R30",1,0.024448473,52,15,"p","2",-0.0242337847469707,-0.0210002763194254
"52","A",2,2,"Eucalyptus","lucens","Eluc","E LUCE","C7","1","GRASS",18,7,6,1,30,"A2","Eluc_C7_1_R30",1,0.024448473,48,5,"p","2",0.18299711815562,0.176470588235294
"53","A",2,2,"Eucalyptus","lucens","Eluc","E LUCE","C7","1","GRASS",18,7,6,1,30,"A2","Eluc_C7_1_R30",1,0.024448473,56,5,"i","2",0.821798729521899,0.822024040325708
"54","A",2,2,"Eucalyptus","lucens","Eluc","E LUCE","C7","1","GRASS",18,7,6,1,30,"A2","Eluc_C7_1_R30",1,0.024448473,56,30,"i","2",0.803493449781659,0.805171062940716
"55","A",2,2,"Eucalyptus","lucens","Eluc","E LUCE","C7","1","GRASS",18,7,6,1,30,"A2","Eluc_C7_1_R30",1,0.024448473,44,60,"o","2",0.198830409356725,0.164588528678304
"56","A",2,2,"Eucalyptus","lucens","Eluc","E LUCE","C7","1","GRASS",18,7,6,1,30,"A2","Eluc_C7_1_R30",1,0.024448473,40,5,"p","2",0.747302158273381,0.748392701998262
"57","A",2,2,"Eucalyptus","lucens","Eluc","E LUCE","C7","1","GRASS",18,7,6,1,30,"A2","Eluc_C7_1_R30",1,0.024448473,48,60,"o","2",-0.0411931818181818,-0.0462506841817186
"58","A",2,2,"Eucalyptus","lucens","Eluc","E LUCE","C7","1","GRASS",18,7,6,1,30,"A2","Eluc_C7_1_R30",1,0.024448473,36,30,"o","2",0.733876945885841,0.73650516513895
"59","A",2,2,"Eucalyptus","lucens","Eluc","E LUCE","C7","1","GRASS",18,7,6,1,30,"A2","Eluc_C7_1_R30",1,0.024448473,52,5,"p","2",-0.0614525139664805,-0.0595108695652175
"60","A",2,2,"Eucalyptus","lucens","Eluc","E LUCE","C7","1","GRASS",18,7,6,1,30,"A2","Eluc_C7_1_R30",1,0.024448473,40,120,"p","2",0.563049853372434,0.562713797035348
"61","A",2,2,"Eucalyptus","lucens","Eluc","E LUCE","C7","1","GRASS",18,7,6,1,30,"A2","Eluc_C7_1_R30",1,0.024448473,48,30,"p","2",-0.0524934383202098,-0.0596936080295826
"62","A",2,2,"Eucalyptus","lucens","Eluc","E LUCE","C7","1","GRASS",18,7,6,1,30,"A2","Eluc_C7_1_R30",1,0.024448473,40,15,"i","2",0.810012437810945,0.808983614071273
"63","A",2,2,"Eucalyptus","lucens","Eluc","E LUCE","C7","1","GRASS",18,7,6,1,30,"A2","Eluc_C7_1_R30",1,0.024448473,30,60,"i","2",0.813681368136814,0.811229548834903
"64","A",2,2,"Eucalyptus","lucens","Eluc","E LUCE","C7","1","GRASS",18,7,6,1,30,"A2","Eluc_C7_1_R30",1,0.024448473,52,60,"i","2",0.838720103425986,0.837740693196406
"65","A",2,2,"Eucalyptus","lucens","Eluc","E LUCE","C7","1","GRASS",18,7,6,1,30,"A2","Eluc_C7_1_R30",1,0.024448473,56,15,"i","2",0.818711656441718,0.820244533270633
"66","A",2,2,"Eucalyptus","lucens","Eluc","E LUCE","C7","1","GRASS",18,7,6,1,30,"A2","Eluc_C7_1_R30",1,0.024448473,52,30,"p","2",-0.0580357142857143,-0.0521134916039376
"67","A",2,2,"Eucalyptus","lucens","Eluc","E LUCE","C7","1","GRASS",18,7,6,1,30,"A2","Eluc_C7_1_R30",1,0.024448473,36,60,"o","2",0.6357790119848,0.643875838926175
"68","A",2,2,"Eucalyptus","lucens","Eluc","E LUCE","C7","1","GRASS",18,7,6,1,30,"A2","Eluc_C7_1_R30",1,0.024448473,30,60,"o","2",0.704808050689527,0.706535141800247
"69","A",2,2,"Eucalyptus","lucens","Eluc","E LUCE","C7","1","GRASS",18,7,6,1,30,"A2","Eluc_C7_1_R30",1,0.024448473,44,120,"p","2",0.215025906735751,0.216138328530259
"70","A",2,2,"Eucalyptus","lucens","Eluc","E LUCE","C7","1","GRASS",18,7,6,1,30,"A2","Eluc_C7_1_R30",1,0.024448473,44,15,"o","2",0.671126456624946,0.678666224286662
"71","A",2,2,"Eucalyptus","lucens","Eluc","E LUCE","C7","1","GRASS",18,7,6,1,30,"A2","Eluc_C7_1_R30",1,0.024448473,30,30,"o","2",0.730728241563055,0.7464660874076
"72","A",2,2,"Eucalyptus","lucens","Eluc","E LUCE","C7","1","GRASS",18,7,6,1,30,"A2","Eluc_C7_1_R30",1,0.024448473,30,120,"o","2",0.628987517337032,0.620080321285141
"73","A",2,2,"Eucalyptus","lucens","Eluc","E LUCE","C7","1","GRASS",18,7,6,1,30,"A2","Eluc_C7_1_R30",1,0.024448473,30,120,"i","2",0.781637717121588,0.780555260078715
"74","A",2,2,"Eucalyptus","lucens","Eluc","E LUCE","C7","1","GRASS",18,7,6,1,30,"A2","Eluc_C7_1_R30",1,0.024448473,36,5,"p","2",0.748008385744235,0.745975531229878
"75","A",2,2,"Eucalyptus","lucens","Eluc","E LUCE","C7","1","GRASS",18,7,6,1,30,"A2","Eluc_C7_1_R30",1,0.024448473,44,120,"o","2",0.290429042904291,0.290426908150065
"76","A",2,2,"Eucalyptus","lucens","Eluc","E LUCE","C7","1","GRASS",18,7,6,1,30,"A2","Eluc_C7_1_R30",1,0.024448473,52,60,"o","2",-0.0480427046263345,-0.0544827586206896
"77","A",2,2,"Eucalyptus","lucens","Eluc","E LUCE","C7","1","GRASS",18,7,6,1,30,"A2","Eluc_C7_1_R30",1,0.024448473,36,15,"p","2",0.716129032258064,0.717341749956163
"78","A",2,2,"Eucalyptus","lucens","Eluc","E LUCE","C7","1","GRASS",18,7,6,1,30,"A2","Eluc_C7_1_R30",1,0.024448473,30,15,"o","2",0.758539059857964,0.756599378881988
"79","A",2,2,"Eucalyptus","lucens","Eluc","E LUCE","C7","1","GRASS",18,7,6,1,30,"A2","Eluc_C7_1_R30",1,0.024448473,36,30,"i","2",0.829406501640322,0.828727315858143
"80","A",2,2,"Eucalyptus","lucens","Eluc","E LUCE","C7","1","GRASS",18,7,6,1,30,"A2","Eluc_C7_1_R30",1,0.024448473,30,15,"i","2",0.805694618272841,0.804665780249003
"81","A",3,2,"Eucalyptus","trivalva","Etri","E TRIV","C1","1","GRASS",7,3,3,1,31,"A3","Etri_C1_1_R31",1,0.025058597,36,30,"o","3",0.7423900789177,0.744326777609682
"82","A",3,2,"Eucalyptus","trivalva","Etri","E TRIV","C1","1","GRASS",7,3,3,1,31,"A3","Etri_C1_1_R31",1,0.025058597,36,60,"o","3",0.753305288461538,0.751323969606263
"83","A",3,2,"Eucalyptus","trivalva","Etri","E TRIV","C1","1","GRASS",7,3,3,1,31,"A3","Etri_C1_1_R31",1,0.025058597,48,15,"o","3",-0.0398773006134969,-0.0454928390901433
"84","A",3,2,"Eucalyptus","trivalva","Etri","E TRIV","C1","1","GRASS",7,3,3,1,31,"A3","Etri_C1_1_R31",1,0.025058597,48,15,"p","3",-0.0389321468298109,-0.0483584738243123
"85","A",3,2,"Eucalyptus","trivalva","Etri","E TRIV","C1","1","GRASS",7,3,3,1,31,"A3","Etri_C1_1_R31",1,0.025058597,56,15,"i","3",0.806153846153846,0.808549066827212
"86","A",3,2,"Eucalyptus","trivalva","Etri","E TRIV","C1","1","GRASS",7,3,3,1,31,"A3","Etri_C1_1_R31",1,0.025058597,40,120,"p","3",0.586088154269972,0.593429697766097
"87","A",3,2,"Eucalyptus","trivalva","Etri","E TRIV","C1","1","GRASS",7,3,3,1,31,"A3","Etri_C1_1_R31",1,0.025058597,40,15,"i","3",0.790265770092859,0.787174955819238
"88","A",3,2,"Eucalyptus","trivalva","Etri","E TRIV","C1","1","GRASS",7,3,3,1,31,"A3","Etri_C1_1_R31",1,0.025058597,52,5,"p","3",-0.0586124401913876,-0.0589861751152074
"89","A",3,2,"Eucalyptus","trivalva","Etri","E TRIV","C1","1","GRASS",7,3,3,1,31,"A3","Etri_C1_1_R31",1,0.025058597,36,30,"i","3",0.803480348034804,0.80354819633353
"90","A",3,2,"Eucalyptus","trivalva","Etri","E TRIV","C1","1","GRASS",7,3,3,1,31,"A3","Etri_C1_1_R31",1,0.025058597,30,15,"i","3",0.763059701492537,0.768946850393701
"91","A",3,2,"Eucalyptus","trivalva","Etri","E TRIV","C1","1","GRASS",7,3,3,1,31,"A3","Etri_C1_1_R31",1,0.025058597,52,60,"o","3",-0.0652335063009637,-0.0567063697566029
"92","A",3,2,"Eucalyptus","trivalva","Etri","E TRIV","C1","1","GRASS",7,3,3,1,31,"A3","Etri_C1_1_R31",1,0.025058597,40,15,"o","3",0.778720996038483,0.775325977933801
"93","A",3,2,"Eucalyptus","trivalva","Etri","E TRIV","C1","1","GRASS",7,3,3,1,31,"A3","Etri_C1_1_R31",1,0.025058597,36,5,"p","3",0.742777997625643,0.747695144437615
"94","A",3,2,"Eucalyptus","trivalva","Etri","E TRIV","C1","1","GRASS",7,3,3,1,31,"A3","Etri_C1_1_R31",1,0.025058597,44,30,"i","3",0.764302662799895,0.764130766880538
"95","A",3,2,"Eucalyptus","trivalva","Etri","E TRIV","C1","1","GRASS",7,3,3,1,31,"A3","Etri_C1_1_R31",1,0.025058597,44,60,"o","3",0.465316455696203,0.453205128205128
"96","A",3,2,"Eucalyptus","trivalva","Etri","E TRIV","C1","1","GRASS",7,3,3,1,31,"A3","Etri_C1_1_R31",1,0.025058597,52,60,"p","3",-0.0685527747551687,-0.0683361629881156
"97","A",3,2,"Eucalyptus","trivalva","Etri","E TRIV","C1","1","GRASS",7,3,3,1,31,"A3","Etri_C1_1_R31",1,0.025058597,48,5,"p","3",0.0578313253012048,0.0829361296472832
"98","A",3,2,"Eucalyptus","trivalva","Etri","E TRIV","C1","1","GRASS",7,3,3,1,31,"A3","Etri_C1_1_R31",1,0.025058597,56,5,"p","3",-0.0701001430615165,-0.0720042987641053
"99","A",3,2,"Eucalyptus","trivalva","Etri","E TRIV","C1","1","GRASS",7,3,3,1,31,"A3","Etri_C1_1_R31",1,0.025058597,52,60,"i","3",0.820966214082728,0.821673874332231
"100","A",3,2,"Eucalyptus","trivalva","Etri","E TRIV","C1","1","GRASS",7,3,3,1,31,"A3","Etri_C1_1_R31",1,0.025058597,30,120,"i","3",0.788973966309341,0.791461006910168
"101","A",3,2,"Eucalyptus","trivalva","Etri","E TRIV","C1","1","GRASS",7,3,3,1,31,"A3","Etri_C1_1_R31",1,0.025058597,48,30,"p","3",-0.0696022727272727,-0.0718325791855203
"102","A",3,2,"Eucalyptus","trivalva","Etri","E TRIV","C1","1","GRASS",7,3,3,1,31,"A3","Etri_C1_1_R31",1,0.025058597,52,15,"p","3",-0.0703851261620186,-0.0678708264915163
"103","A",3,2,"Eucalyptus","trivalva","Etri","E TRIV","C1","1","GRASS",7,3,3,1,31,"A3","Etri_C1_1_R31",1,0.025058597,48,60,"o","3",-0.0527448869752422,-0.043574922187639
"104","A",3,2,"Eucalyptus","trivalva","Etri","E TRIV","C1","1","GRASS",7,3,3,1,31,"A3","Etri_C1_1_R31",1,0.025058597,44,120,"p","3",-0.0443548387096774,-0.0555800617556241
"105","A",3,2,"Eucalyptus","trivalva","Etri","E TRIV","C1","1","GRASS",7,3,3,1,31,"A3","Etri_C1_1_R31",1,0.025058597,56,30,"i","3",0.79266444377084,0.797920650095602
"106","A",3,2,"Eucalyptus","trivalva","Etri","E TRIV","C1","1","GRASS",7,3,3,1,31,"A3","Etri_C1_1_R31",1,0.025058597,56,5,"i","3",0.789575914535448,0.786596780232123
"107","A",3,2,"Eucalyptus","trivalva","Etri","E TRIV","C1","1","GRASS",7,3,3,1,31,"A3","Etri_C1_1_R31",1,0.025058597,36,120,"i","3",0.787410586552218,0.786327645812423
"108","A",3,2,"Eucalyptus","trivalva","Etri","E TRIV","C1","1","GRASS",7,3,3,1,31,"A3","Etri_C1_1_R31",1,0.025058597,36,15,"p","3",0.618189618189618,0.618887908208297
"109","A",3,2,"Eucalyptus","trivalva","Etri","E TRIV","C1","1","GRASS",7,3,3,1,31,"A3","Etri_C1_1_R31",1,0.025058597,30,120,"o","3",0.734218193590159,0.738095238095238
"110","A",3,2,"Eucalyptus","trivalva","Etri","E TRIV","C1","1","GRASS",7,3,3,1,31,"A3","Etri_C1_1_R31",1,0.025058597,56,30,"p","3",-0.0772532188841202,-0.0781517398745007
"111","A",3,2,"Eucalyptus","trivalva","Etri","E TRIV","C1","1","GRASS",7,3,3,1,31,"A3","Etri_C1_1_R31",1,0.025058597,44,120,"o","3",-0.0549363057324842,-0.0511690952219586
"112","A",3,2,"Eucalyptus","trivalva","Etri","E TRIV","C1","1","GRASS",7,3,3,1,31,"A3","Etri_C1_1_R31",1,0.025058597,30,60,"o","3",0.67986906710311,0.67783302800314
"113","A",3,2,"Eucalyptus","trivalva","Etri","E TRIV","C1","1","GRASS",7,3,3,1,31,"A3","Etri_C1_1_R31",1,0.025058597,30,15,"o","3",0.742758437416955,0.746176720475786
"114","A",3,2,"Eucalyptus","trivalva","Etri","E TRIV","C1","1","GRASS",7,3,3,1,31,"A3","Etri_C1_1_R31",1,0.025058597,52,30,"i","3",0.746291718170581,0.749516674722088
"115","A",3,2,"Eucalyptus","trivalva","Etri","E TRIV","C1","1","GRASS",7,3,3,1,31,"A3","Etri_C1_1_R31",1,0.025058597,52,30,"p","3",-0.0720130932896891,-0.0684178375076358
"116","A",3,2,"Eucalyptus","trivalva","Etri","E TRIV","C1","1","GRASS",7,3,3,1,31,"A3","Etri_C1_1_R31",1,0.025058597,48,30,"o","3",-0.0117647058823528,-0.0142923005993545
"117","A",3,2,"Eucalyptus","trivalva","Etri","E TRIV","C1","1","GRASS",7,3,3,1,31,"A3","Etri_C1_1_R31",1,0.025058597,44,15,"o","3",0.686186186186186,0.695141178156801
"118","A",3,2,"Eucalyptus","trivalva","Etri","E TRIV","C1","1","GRASS",7,3,3,1,31,"A3","Etri_C1_1_R31",1,0.025058597,30,30,"o","3",0.733045977011494,0.731747066492829
"119","A",3,2,"Eucalyptus","trivalva","Etri","E TRIV","C1","1","GRASS",7,3,3,1,31,"A3","Etri_C1_1_R31",1,0.025058597,40,5,"p","3",0.756349952963311,0.758601756954612
"120","A",3,2,"Eucalyptus","trivalva","Etri","E TRIV","C1","1","GRASS",7,3,3,1,31,"A3","Etri_C1_1_R31",1,0.025058597,30,60,"i","3",0.772409778812573,0.789215151184368
"121","A",4,3,"Eucalyptus","cullenii","Ecul","E CULL","C1","2","TROP",24,8,6,1,32,"A4","Ecul_C1_2_R32",1,0.085151785,48,15,"p","4",-0.0204638472032742,-0.00613496932515334
"122","A",4,3,"Eucalyptus","cullenii","Ecul","E CULL","C1","2","TROP",24,8,6,1,32,"A4","Ecul_C1_2_R32",1,0.085151785,48,5,"p","4",0.160228898426323,0.165142857142857
"123","A",4,3,"Eucalyptus","cullenii","Ecul","E CULL","C1","2","TROP",24,8,6,1,32,"A4","Ecul_C1_2_R32",1,0.085151785,56,5,"p","4",-0.0682302771855011,-0.0623953098827472
"124","A",4,3,"Eucalyptus","cullenii","Ecul","E CULL","C1","2","TROP",24,8,6,1,32,"A4","Ecul_C1_2_R32",1,0.085151785,40,15,"o","4",0.719778429455849,0.721696907743419
"125","A",4,3,"Eucalyptus","cullenii","Ecul","E CULL","C1","2","TROP",24,8,6,1,32,"A4","Ecul_C1_2_R32",1,0.085151785,52,5,"p","4",-0.0423940149625935,-0.0484877580412867
"126","A",4,3,"Eucalyptus","cullenii","Ecul","E CULL","C1","2","TROP",24,8,6,1,32,"A4","Ecul_C1_2_R32",1,0.085151785,56,5,"i","4",0.803757225433526,0.802508551881414
"127","A",4,3,"Eucalyptus","cullenii","Ecul","E CULL","C1","2","TROP",24,8,6,1,32,"A4","Ecul_C1_2_R32",1,0.085151785,52,30,"p","4",-0.0659488559892329,-0.0709745762711864
"128","A",4,3,"Eucalyptus","cullenii","Ecul","E CULL","C1","2","TROP",24,8,6,1,32,"A4","Ecul_C1_2_R32",1,0.085151785,52,30,"i","4",0.755042290175667,0.755520504731861
"129","A",4,3,"Eucalyptus","cullenii","Ecul","E CULL","C1","2","TROP",24,8,6,1,32,"A4","Ecul_C1_2_R32",1,0.085151785,36,60,"o","4",0.634072959759308,0.630633284241532
"130","A",4,3,"Eucalyptus","cullenii","Ecul","E CULL","C1","2","TROP",24,8,6,1,32,"A4","Ecul_C1_2_R32",1,0.085151785,48,30,"o","4",-0.0101694915254237,-0.00179694519317157
"131","A",4,3,"Eucalyptus","cullenii","Ecul","E CULL","C1","2","TROP",24,8,6,1,32,"A4","Ecul_C1_2_R32",1,0.085151785,48,60,"o","4",-0.0521390374331551,-0.056338028169014
"132","A",4,3,"Eucalyptus","cullenii","Ecul","E CULL","C1","2","TROP",24,8,6,1,32,"A4","Ecul_C1_2_R32",1,0.085151785,44,60,"o","4",0.285515320334262,0.309984317825405
"133","A",4,3,"Eucalyptus","cullenii","Ecul","E CULL","C1","2","TROP",24,8,6,1,32,"A4","Ecul_C1_2_R32",1,0.085151785,48,15,"o","4",0.0284090909090908,0.0150266602035869
"134","A",4,3,"Eucalyptus","cullenii","Ecul","E CULL","C1","2","TROP",24,8,6,1,32,"A4","Ecul_C1_2_R32",1,0.085151785,48,30,"p","4",-0.053206002728513,-0.0393013100436681
"135","A",4,3,"Eucalyptus","cullenii","Ecul","E CULL","C1","2","TROP",24,8,6,1,32,"A4","Ecul_C1_2_R32",1,0.085151785,36,120,"i","4",0.775956284153006,0.774913474161595
"136","A",4,3,"Eucalyptus","cullenii","Ecul","E CULL","C1","2","TROP",24,8,6,1,32,"A4","Ecul_C1_2_R32",1,0.085151785,52,15,"p","4",-0.0391134289439373,-0.0613120784794605
"137","A",4,3,"Eucalyptus","cullenii","Ecul","E CULL","C1","2","TROP",24,8,6,1,32,"A4","Ecul_C1_2_R32",1,0.085151785,36,5,"p","4",0.593680709534368,0.604043807919124
"138","A",4,3,"Eucalyptus","cullenii","Ecul","E CULL","C1","2","TROP",24,8,6,1,32,"A4","Ecul_C1_2_R32",1,0.085151785,40,15,"i","4",0.766257668711656,0.766692546583851
"139","A",4,3,"Eucalyptus","cullenii","Ecul","E CULL","C1","2","TROP",24,8,6,1,32,"A4","Ecul_C1_2_R32",1,0.085151785,44,120,"o","4",0.299638989169675,0.304241833252072
"140","A",4,3,"Eucalyptus","cullenii","Ecul","E CULL","C1","2","TROP",24,8,6,1,32,"A4","Ecul_C1_2_R32",1,0.085151785,30,15,"i","4",0.779283639883833,0.778932865731463
"141","A",4,3,"Eucalyptus","cullenii","Ecul","E CULL","C1","2","TROP",24,8,6,1,32,"A4","Ecul_C1_2_R32",1,0.085151785,44,30,"i","4",0.780351660619593,0.778467232745482
"142","A",4,3,"Eucalyptus","cullenii","Ecul","E CULL","C1","2","TROP",24,8,6,1,32,"A4","Ecul_C1_2_R32",1,0.085151785,52,60,"o","4",-0.0862573099415205,-0.0900243309002433
"143","A",4,3,"Eucalyptus","cullenii","Ecul","E CULL","C1","2","TROP",24,8,6,1,32,"A4","Ecul_C1_2_R32",1,0.085151785,56,30,"i","4",0.786182251340083,0.784058509978926
"144","A",4,3,"Eucalyptus","cullenii","Ecul","E CULL","C1","2","TROP",24,8,6,1,32,"A4","Ecul_C1_2_R32",1,0.085151785,30,60,"o","4",0.649760109664154,0.648630683328902
"145","A",4,3,"Eucalyptus","cullenii","Ecul","E CULL","C1","2","TROP",24,8,6,1,32,"A4","Ecul_C1_2_R32",1,0.085151785,30,15,"o","4",0.719496021220159,0.720840314473515
"146","A",4,3,"Eucalyptus","cullenii","Ecul","E CULL","C1","2","TROP",24,8,6,1,32,"A4","Ecul_C1_2_R32",1,0.085151785,52,60,"p","4",-0.0738255033557047,-0.0777616279069768
"147","A",4,3,"Eucalyptus","cullenii","Ecul","E CULL","C1","2","TROP",24,8,6,1,32,"A4","Ecul_C1_2_R32",1,0.085151785,40,5,"p","4",0.501488095238095,0.41952707856598
"148","A",4,3,"Eucalyptus","cullenii","Ecul","E CULL","C1","2","TROP",24,8,6,1,32,"A4","Ecul_C1_2_R32",1,0.085151785,56,30,"p","4",-0.0656716417910448,-0.0764179104477613
"149","A",4,3,"Eucalyptus","cullenii","Ecul","E CULL","C1","2","TROP",24,8,6,1,32,"A4","Ecul_C1_2_R32",1,0.085151785,36,30,"o","4",0.550761421319797,0.553992395437262
"150","A",4,3,"Eucalyptus","cullenii","Ecul","E CULL","C1","2","TROP",24,8,6,1,32,"A4","Ecul_C1_2_R32",1,0.085151785,36,15,"p","4",0.567409144196952,0.569170865781035
"151","A",4,3,"Eucalyptus","cullenii","Ecul","E CULL","C1","2","TROP",24,8,6,1,32,"A4","Ecul_C1_2_R32",1,0.085151785,52,60,"i","4",0.803516606195925,0.798466981132075
"152","A",4,3,"Eucalyptus","cullenii","Ecul","E CULL","C1","2","TROP",24,8,6,1,32,"A4","Ecul_C1_2_R32",1,0.085151785,30,60,"i","4",0.791759465478842,0.793271311120727
"153","A",4,3,"Eucalyptus","cullenii","Ecul","E CULL","C1","2","TROP",24,8,6,1,32,"A4","Ecul_C1_2_R32",1,0.085151785,56,15,"i","4",0.776625560538117,0.775478927203065
"154","A",4,3,"Eucalyptus","cullenii","Ecul","E CULL","C1","2","TROP",24,8,6,1,32,"A4","Ecul_C1_2_R32",1,0.085151785,44,120,"p","4",0.182156133828996,0.201266713581985
"155","A",4,3,"Eucalyptus","cullenii","Ecul","E CULL","C1","2","TROP",24,8,6,1,32,"A4","Ecul_C1_2_R32",1,0.085151785,30,120,"i","4",0.77506345177665,0.776176123705936
"156","A",4,3,"Eucalyptus","cullenii","Ecul","E CULL","C1","2","TROP",24,8,6,1,32,"A4","Ecul_C1_2_R32",1,0.085151785,36,30,"i","4",0.76622167028873,0.7675747993189
"157","A",4,3,"Eucalyptus","cullenii","Ecul","E CULL","C1","2","TROP",24,8,6,1,32,"A4","Ecul_C1_2_R32",1,0.085151785,40,120,"p","4",0.431627906976744,0.428571428571429
"158","A",4,3,"Eucalyptus","cullenii","Ecul","E CULL","C1","2","TROP",24,8,6,1,32,"A4","Ecul_C1_2_R32",1,0.085151785,30,120,"o","4",0.638855780691299,0.643381778402875
"159","A",4,3,"Eucalyptus","cullenii","Ecul","E CULL","C1","2","TROP",24,8,6,1,32,"A4","Ecul_C1_2_R32",1,0.085151785,30,30,"o","4",0.676514584891548,0.676260043827612
"160","A",4,3,"Eucalyptus","cullenii","Ecul","E CULL","C1","2","TROP",24,8,6,1,32,"A4","Ecul_C1_2_R32",1,0.085151785,44,15,"o","4",0.479612992398065,0.474576271186441
"161","A",5,2,"Eucalyptus","sessilis","Eses","E SESS","C7","1","GRASS",24,8,6,1,33,"A5","Eses_C7_1_R33",1,0.094845462,44,120,"p","5",0.119266055045872,0.186758893280632
"162","A",5,2,"Eucalyptus","sessilis","Eses","E SESS","C7","1","GRASS",24,8,6,1,33,"A5","Eses_C7_1_R33",1,0.094845462,56,30,"p","5",-0.0702875399361022,-0.0706691682301439
"163","A",5,2,"Eucalyptus","sessilis","Eses","E SESS","C7","1","GRASS",24,8,6,1,33,"A5","Eses_C7_1_R33",1,0.094845462,30,30,"o","5",0.603794642857143,0.603666521169795
"164","A",5,2,"Eucalyptus","sessilis","Eses","E SESS","C7","1","GRASS",24,8,6,1,33,"A5","Eses_C7_1_R33",1,0.094845462,52,60,"o","5",-0.0650730411686585,-0.0585189021232523
"165","A",5,2,"Eucalyptus","sessilis","Eses","E SESS","C7","1","GRASS",24,8,6,1,33,"A5","Eses_C7_1_R33",1,0.094845462,36,15,"p","5",0.666831438457736,0.667666466706659
"166","A",5,2,"Eucalyptus","sessilis","Eses","E SESS","C7","1","GRASS",24,8,6,1,33,"A5","Eses_C7_1_R33",1,0.094845462,56,5,"p","5",-0.0659955257270694,-0.0574098798397865
"167","A",5,2,"Eucalyptus","sessilis","Eses","E SESS","C7","1","GRASS",24,8,6,1,33,"A5","Eses_C7_1_R33",1,0.094845462,40,5,"p","5",0.713515335355578,0.710322752734062
"168","A",5,2,"Eucalyptus","sessilis","Eses","E SESS","C7","1","GRASS",24,8,6,1,33,"A5","Eses_C7_1_R33",1,0.094845462,48,60,"o","5",-0.0371075166508088,-0.0330363771343726
"169","A",5,2,"Eucalyptus","sessilis","Eses","E SESS","C7","1","GRASS",24,8,6,1,33,"A5","Eses_C7_1_R33",1,0.094845462,30,15,"i","5",0.787442572741194,0.788611077880129
"170","A",5,2,"Eucalyptus","sessilis","Eses","E SESS","C7","1","GRASS",24,8,6,1,33,"A5","Eses_C7_1_R33",1,0.094845462,52,60,"i","5",0.801712483100496,0.80098812516252
"171","A",5,2,"Eucalyptus","sessilis","Eses","E SESS","C7","1","GRASS",24,8,6,1,33,"A5","Eses_C7_1_R33",1,0.094845462,30,60,"i","5",0.773565034228541,0.783662477558348
"172","A",5,2,"Eucalyptus","sessilis","Eses","E SESS","C7","1","GRASS",24,8,6,1,33,"A5","Eses_C7_1_R33",1,0.094845462,44,15,"o","5",0.591884057971014,0.590930124942156
"173","A",5,2,"Eucalyptus","sessilis","Eses","E SESS","C7","1","GRASS",24,8,6,1,33,"A5","Eses_C7_1_R33",1,0.094845462,56,5,"i","5",0.812305955405024,0.811781609195402
"174","A",5,2,"Eucalyptus","sessilis","Eses","E SESS","C7","1","GRASS",24,8,6,1,33,"A5","Eses_C7_1_R33",1,0.094845462,30,15,"o","5",0.756885890949972,0.754547496070065
"175","A",5,2,"Eucalyptus","sessilis","Eses","E SESS","C7","1","GRASS",24,8,6,1,33,"A5","Eses_C7_1_R33",1,0.094845462,30,120,"i","5",0.784305032143649,0.786845852616589
"176","A",5,2,"Eucalyptus","sessilis","Eses","E SESS","C7","1","GRASS",24,8,6,1,33,"A5","Eses_C7_1_R33",1,0.094845462,44,120,"o","5",0.2515625,0.260290556900726
"177","A",5,2,"Eucalyptus","sessilis","Eses","E SESS","C7","1","GRASS",24,8,6,1,33,"A5","Eses_C7_1_R33",1,0.094845462,30,60,"o","5",0.675785797438882,0.677569060773481
"178","A",5,2,"Eucalyptus","sessilis","Eses","E SESS","C7","1","GRASS",24,8,6,1,33,"A5","Eses_C7_1_R33",1,0.094845462,44,60,"o","5",0.115873015873016,0.0481317289423686
"179","A",5,2,"Eucalyptus","sessilis","Eses","E SESS","C7","1","GRASS",24,8,6,1,33,"A5","Eses_C7_1_R33",1,0.094845462,48,30,"o","5",0.0137614678899083,0.00784313725490205
"180","A",5,2,"Eucalyptus","sessilis","Eses","E SESS","C7","1","GRASS",24,8,6,1,33,"A5","Eses_C7_1_R33",1,0.094845462,30,120,"o","5",0.705913410770855,0.701938353987925
"181","A",5,2,"Eucalyptus","sessilis","Eses","E SESS","C7","1","GRASS",24,8,6,1,33,"A5","Eses_C7_1_R33",1,0.094845462,40,120,"p","5",0.597271648873072,0.602298332582244
"182","A",5,2,"Eucalyptus","sessilis","Eses","E SESS","C7","1","GRASS",24,8,6,1,33,"A5","Eses_C7_1_R33",1,0.094845462,36,30,"o","5",0.680555555555556,0.674798964154287
"183","A",5,2,"Eucalyptus","sessilis","Eses","E SESS","C7","1","GRASS",24,8,6,1,33,"A5","Eses_C7_1_R33",1,0.094845462,52,15,"p","5",-0.0484048404840484,-0.0489323843416369
"184","A",5,2,"Eucalyptus","sessilis","Eses","E SESS","C7","1","GRASS",24,8,6,1,33,"A5","Eses_C7_1_R33",1,0.094845462,48,15,"o","5",0.0281280310378274,0.024896265560166
"185","A",5,2,"Eucalyptus","sessilis","Eses","E SESS","C7","1","GRASS",24,8,6,1,33,"A5","Eses_C7_1_R33",1,0.094845462,36,30,"i","5",0.717972070431087,0.712710529504423
"186","A",5,2,"Eucalyptus","sessilis","Eses","E SESS","C7","1","GRASS",24,8,6,1,33,"A5","Eses_C7_1_R33",1,0.094845462,36,60,"o","5",0.763071482697651,0.763263665594855
"187","A",5,2,"Eucalyptus","sessilis","Eses","E SESS","C7","1","GRASS",24,8,6,1,33,"A5","Eses_C7_1_R33",1,0.094845462,44,30,"i","5",0.775205158264947,0.771002082851192
"188","A",5,2,"Eucalyptus","sessilis","Eses","E SESS","C7","1","GRASS",24,8,6,1,33,"A5","Eses_C7_1_R33",1,0.094845462,56,15,"i","5",0.802709568162574,0.802182963879824
"189","A",5,2,"Eucalyptus","sessilis","Eses","E SESS","C7","1","GRASS",24,8,6,1,33,"A5","Eses_C7_1_R33",1,0.094845462,52,30,"p","5",-0.0677731673582296,-0.0591397849462364
"190","A",5,2,"Eucalyptus","sessilis","Eses","E SESS","C7","1","GRASS",24,8,6,1,33,"A5","Eses_C7_1_R33",1,0.094845462,48,15,"p","5",-0.0404280618311534,-0.0377189043556354
"191","A",5,2,"Eucalyptus","sessilis","Eses","E SESS","C7","1","GRASS",24,8,6,1,33,"A5","Eses_C7_1_R33",1,0.094845462,56,30,"i","5",0.789744911105385,0.790782661658715
"192","A",5,2,"Eucalyptus","sessilis","Eses","E SESS","C7","1","GRASS",24,8,6,1,33,"A5","Eses_C7_1_R33",1,0.094845462,48,30,"p","5",-0.0526315789473684,-0.0609869646182495
"193","A",5,2,"Eucalyptus","sessilis","Eses","E SESS","C7","1","GRASS",24,8,6,1,33,"A5","Eses_C7_1_R33",1,0.094845462,52,5,"p","5",-0.0473627556512379,-0.0408777969018934
"194","A",5,2,"Eucalyptus","sessilis","Eses","E SESS","C7","1","GRASS",24,8,6,1,33,"A5","Eses_C7_1_R33",1,0.094845462,40,15,"o","5",0.728727660709523,0.723415682062299
"195","A",5,2,"Eucalyptus","sessilis","Eses","E SESS","C7","1","GRASS",24,8,6,1,33,"A5","Eses_C7_1_R33",1,0.094845462,48,5,"p","5",-0.0193050193050193,-0.0122137404580153
"196","A",5,2,"Eucalyptus","sessilis","Eses","E SESS","C7","1","GRASS",24,8,6,1,33,"A5","Eses_C7_1_R33",1,0.094845462,40,15,"i","5",0.769087523277467,0.770284117373079
"197","A",5,2,"Eucalyptus","sessilis","Eses","E SESS","C7","1","GRASS",24,8,6,1,33,"A5","Eses_C7_1_R33",1,0.094845462,52,30,"i","5",0.776670574443142,0.777854511970534
"198","A",5,2,"Eucalyptus","sessilis","Eses","E SESS","C7","1","GRASS",24,8,6,1,33,"A5","Eses_C7_1_R33",1,0.094845462,36,120,"i","5",0.772359715755942,0.772120038722168
"199","A",5,2,"Eucalyptus","sessilis","Eses","E SESS","C7","1","GRASS",24,8,6,1,33,"A5","Eses_C7_1_R33",1,0.094845462,36,5,"p","5",0.654372623574145,0.665709774651931
"200","A",5,2,"Eucalyptus","sessilis","Eses","E SESS","C7","1","GRASS",24,8,6,1,33,"A5","Eses_C7_1_R33",1,0.094845462,52,60,"p","5",-0.0801963993453355,-0.0749063670411985
"201","A",6,2,"Eucalyptus","leptophleba","Elep","E LEPT","C11","2","COSMO",24,8,6,1,34,"A6","Elep_C11_2_R34",1,0.124451955,56,30,"p","6",-0.0618686868686867,-0.0597590361445782
"202","A",6,2,"Eucalyptus","leptophleba","Elep","E LEPT","C11","2","COSMO",24,8,6,1,34,"A6","Elep_C11_2_R34",1,0.124451955,52,30,"i","6",0.641068849301878,0.645251128397196
"203","A",6,2,"Eucalyptus","leptophleba","Elep","E LEPT","C11","2","COSMO",24,8,6,1,34,"A6","Elep_C11_2_R34",1,0.124451955,56,15,"i","6",0.662946428571428,0.654748488884336
"204","A",6,2,"Eucalyptus","leptophleba","Elep","E LEPT","C11","2","COSMO",24,8,6,1,34,"A6","Elep_C11_2_R34",1,0.124451955,30,60,"o","6",0.365023474178404,0.370914542728636
"205","A",6,2,"Eucalyptus","leptophleba","Elep","E LEPT","C11","2","COSMO",24,8,6,1,34,"A6","Elep_C11_2_R34",1,0.124451955,36,120,"i","6",0.675743707093821,0.682773109243697
"206","A",6,2,"Eucalyptus","leptophleba","Elep","E LEPT","C11","2","COSMO",24,8,6,1,34,"A6","Elep_C11_2_R34",1,0.124451955,56,30,"i","6",0.690545699528408,0.691135609930985
"207","A",6,2,"Eucalyptus","leptophleba","Elep","E LEPT","C11","2","COSMO",24,8,6,1,34,"A6","Elep_C11_2_R34",1,0.124451955,44,120,"o","6",-0.0361111111111111,-0.0286900717251794
"208","A",6,2,"Eucalyptus","leptophleba","Elep","E LEPT","C11","2","COSMO",24,8,6,1,34,"A6","Elep_C11_2_R34",1,0.124451955,40,15,"i","6",0.619555143651529,0.622018698721618
"209","A",6,2,"Eucalyptus","leptophleba","Elep","E LEPT","C11","2","COSMO",24,8,6,1,34,"A6","Elep_C11_2_R34",1,0.124451955,44,60,"o","6",0.0191532258064516,0.0358841331603977
"210","A",6,2,"Eucalyptus","leptophleba","Elep","E LEPT","C11","2","COSMO",24,8,6,1,34,"A6","Elep_C11_2_R34",1,0.124451955,48,15,"o","6",0.0605187319884726,0.0690172543135784
"211","A",6,2,"Eucalyptus","leptophleba","Elep","E LEPT","C11","2","COSMO",24,8,6,1,34,"A6","Elep_C11_2_R34",1,0.124451955,40,15,"o","6",0.576888489208633,0.5829913559766
"212","A",6,2,"Eucalyptus","leptophleba","Elep","E LEPT","C11","2","COSMO",24,8,6,1,34,"A6","Elep_C11_2_R34",1,0.124451955,30,15,"o","6",0.400531511009871,0.398307515777395
"213","A",6,2,"Eucalyptus","leptophleba","Elep","E LEPT","C11","2","COSMO",24,8,6,1,34,"A6","Elep_C11_2_R34",1,0.124451955,56,5,"i","6",0.697759376522163,0.69924670433145
"214","A",6,2,"Eucalyptus","leptophleba","Elep","E LEPT","C11","2","COSMO",24,8,6,1,34,"A6","Elep_C11_2_R34",1,0.124451955,44,30,"i","6",0.660755589822668,0.666832917705736
"215","A",6,2,"Eucalyptus","leptophleba","Elep","E LEPT","C11","2","COSMO",24,8,6,1,34,"A6","Elep_C11_2_R34",1,0.124451955,48,30,"p","6",-0.0555073720728535,-0.0573798824749395
"216","A",6,2,"Eucalyptus","leptophleba","Elep","E LEPT","C11","2","COSMO",24,8,6,1,34,"A6","Elep_C11_2_R34",1,0.124451955,52,15,"p","6",-0.0584415584415585,-0.060310421286031
"217","A",6,2,"Eucalyptus","leptophleba","Elep","E LEPT","C11","2","COSMO",24,8,6,1,34,"A6","Elep_C11_2_R34",1,0.124451955,40,120,"p","6",0.305882352941176,0.302241503976862
"218","A",6,2,"Eucalyptus","leptophleba","Elep","E LEPT","C11","2","COSMO",24,8,6,1,34,"A6","Elep_C11_2_R34",1,0.124451955,48,30,"o","6",-0.00326797385620915,0.00256937307297023
"219","A",6,2,"Eucalyptus","leptophleba","Elep","E LEPT","C11","2","COSMO",24,8,6,1,34,"A6","Elep_C11_2_R34",1,0.124451955,36,60,"o","6",0.463664861783984,0.411076091850518
"220","A",6,2,"Eucalyptus","leptophleba","Elep","E LEPT","C11","2","COSMO",24,8,6,1,34,"A6","Elep_C11_2_R34",1,0.124451955,48,15,"p","6",0.0464807436918991,0.0482827277252364
"221","A",6,2,"Eucalyptus","leptophleba","Elep","E LEPT","C11","2","COSMO",24,8,6,1,34,"A6","Elep_C11_2_R34",1,0.124451955,48,5,"p","6",0.180346820809248,0.194991055456172
"222","A",6,2,"Eucalyptus","leptophleba","Elep","E LEPT","C11","2","COSMO",24,8,6,1,34,"A6","Elep_C11_2_R34",1,0.124451955,52,60,"i","6",0.730633388274076,0.729914374202951
"223","A",6,2,"Eucalyptus","leptophleba","Elep","E LEPT","C11","2","COSMO",24,8,6,1,34,"A6","Elep_C11_2_R34",1,0.124451955,40,5,"p","6",0.329090909090909,0.347987825498816
"224","A",6,2,"Eucalyptus","leptophleba","Elep","E LEPT","C11","2","COSMO",24,8,6,1,34,"A6","Elep_C11_2_R34",1,0.124451955,48,60,"o","6",-0.0521072796934866,-0.0540132770066385
"225","A",6,2,"Eucalyptus","leptophleba","Elep","E LEPT","C11","2","COSMO",24,8,6,1,34,"A6","Elep_C11_2_R34",1,0.124451955,56,5,"p","6",-0.0615384615384615,-0.0754915730337078
"226","A",6,2,"Eucalyptus","leptophleba","Elep","E LEPT","C11","2","COSMO",24,8,6,1,34,"A6","Elep_C11_2_R34",1,0.124451955,30,120,"o","6",0.407888631090487,0.408499095840868
"227","A",6,2,"Eucalyptus","leptophleba","Elep","E LEPT","C11","2","COSMO",24,8,6,1,34,"A6","Elep_C11_2_R34",1,0.124451955,30,60,"i","6",0.681254229641326,0.684603230337079
"228","A",6,2,"Eucalyptus","leptophleba","Elep","E LEPT","C11","2","COSMO",24,8,6,1,34,"A6","Elep_C11_2_R34",1,0.124451955,36,30,"o","6",0.511591478696742,0.506580581077725
"229","A",6,2,"Eucalyptus","leptophleba","Elep","E LEPT","C11","2","COSMO",24,8,6,1,34,"A6","Elep_C11_2_R34",1,0.124451955,52,5,"p","6",-0.0436941410129096,-0.0434445306439099
"230","A",6,2,"Eucalyptus","leptophleba","Elep","E LEPT","C11","2","COSMO",24,8,6,1,34,"A6","Elep_C11_2_R34",1,0.124451955,30,120,"i","6",0.701866181156122,0.702794463306346
"231","A",6,2,"Eucalyptus","leptophleba","Elep","E LEPT","C11","2","COSMO",24,8,6,1,34,"A6","Elep_C11_2_R34",1,0.124451955,44,120,"p","6",-0.0303030303030303,-0.0313329792883698
"232","A",6,2,"Eucalyptus","leptophleba","Elep","E LEPT","C11","2","COSMO",24,8,6,1,34,"A6","Elep_C11_2_R34",1,0.124451955,52,30,"p","6",-0.0752941176470587,-0.0669436749769159
"233","A",6,2,"Eucalyptus","leptophleba","Elep","E LEPT","C11","2","COSMO",24,8,6,1,34,"A6","Elep_C11_2_R34",1,0.124451955,36,5,"p","6",0.391939769707706,0.405254237288136
"234","A",6,2,"Eucalyptus","leptophleba","Elep","E LEPT","C11","2","COSMO",24,8,6,1,34,"A6","Elep_C11_2_R34",1,0.124451955,52,60,"p","6",-0.0647887323943662,-0.0712952594251586
"235","A",6,2,"Eucalyptus","leptophleba","Elep","E LEPT","C11","2","COSMO",24,8,6,1,34,"A6","Elep_C11_2_R34",1,0.124451955,30,30,"o","6",0.335791925465838,0.345127610208817
"236","A",6,2,"Eucalyptus","leptophleba","Elep","E LEPT","C11","2","COSMO",24,8,6,1,34,"A6","Elep_C11_2_R34",1,0.124451955,44,15,"o","6",0.362119725220805,0.350846123573396
"237","A",6,2,"Eucalyptus","leptophleba","Elep","E LEPT","C11","2","COSMO",24,8,6,1,34,"A6","Elep_C11_2_R34",1,0.124451955,52,60,"o","6",-0.0614478114478113,-0.0572569906790946
"238","A",6,2,"Eucalyptus","leptophleba","Elep","E LEPT","C11","2","COSMO",24,8,6,1,34,"A6","Elep_C11_2_R34",1,0.124451955,36,15,"p","6",0.333333333333333,0.321768326804701
"239","A",6,2,"Eucalyptus","leptophleba","Elep","E LEPT","C11","2","COSMO",24,8,6,1,34,"A6","Elep_C11_2_R34",1,0.124451955,30,15,"i","6",0.650704225352113,0.648997279048675
"240","A",6,2,"Eucalyptus","leptophleba","Elep","E LEPT","C11","2","COSMO",24,8,6,1,34,"A6","Elep_C11_2_R34",1,0.124451955,36,30,"i","6",0.72029702970297,0.718841841732883
"241","A",7,2,"Eucalyptus","oxymitra","Eoxy","E OXYM","C11","2","DES",12,6,6,1,35,"A7","Eoxy_C11_2_R35",1,0.126424031,36,60,"o","7",0.685796269727403,0.685982152942505
"242","A",7,2,"Eucalyptus","oxymitra","Eoxy","E OXYM","C11","2","DES",12,6,6,1,35,"A7","Eoxy_C11_2_R35",1,0.126424031,44,30,"i","7",0.796712512579671,0.799231380864034
"243","A",7,2,"Eucalyptus","oxymitra","Eoxy","E OXYM","C11","2","DES",12,6,6,1,35,"A7","Eoxy_C11_2_R35",1,0.126424031,48,5,"p","7",0.0738916256157634,0.0790790790790792
"244","A",7,2,"Eucalyptus","oxymitra","Eoxy","E OXYM","C11","2","DES",12,6,6,1,35,"A7","Eoxy_C11_2_R35",1,0.126424031,40,15,"i","7",0.785296031229668,0.785940468651045
"245","A",7,2,"Eucalyptus","oxymitra","Eoxy","E OXYM","C11","2","DES",12,6,6,1,35,"A7","Eoxy_C11_2_R35",1,0.126424031,56,5,"p","7",-0.0527131782945736,-0.0382387022016223
"246","A",7,2,"Eucalyptus","oxymitra","Eoxy","E OXYM","C11","2","DES",12,6,6,1,35,"A7","Eoxy_C11_2_R35",1,0.126424031,48,60,"o","7",-0.036454018227009,-0.0365892459433662
"247","A",7,2,"Eucalyptus","oxymitra","Eoxy","E OXYM","C11","2","DES",12,6,6,1,35,"A7","Eoxy_C11_2_R35",1,0.126424031,56,30,"i","7",0.793720459149224,0.793127531778181
"248","A",7,2,"Eucalyptus","oxymitra","Eoxy","E OXYM","C11","2","DES",12,6,6,1,35,"A7","Eoxy_C11_2_R35",1,0.126424031,44,120,"p","7",0.0671378091872791,0.0774647887323943
"249","A",7,2,"Eucalyptus","oxymitra","Eoxy","E OXYM","C11","2","DES",12,6,6,1,35,"A7","Eoxy_C11_2_R35",1,0.126424031,40,15,"o","7",0.744901486346353,0.740088697755678
"250","A",7,2,"Eucalyptus","oxymitra","Eoxy","E OXYM","C11","2","DES",12,6,6,1,35,"A7","Eoxy_C11_2_R35",1,0.126424031,48,15,"p","7",0.0522875816993465,0.0459272097053726
"251","A",7,2,"Eucalyptus","oxymitra","Eoxy","E OXYM","C11","2","DES",12,6,6,1,35,"A7","Eoxy_C11_2_R35",1,0.126424031,48,15,"o","7",0.100511073253833,0.0914804469273743
"252","A",7,2,"Eucalyptus","oxymitra","Eoxy","E OXYM","C11","2","DES",12,6,6,1,35,"A7","Eoxy_C11_2_R35",1,0.126424031,36,120,"i","7",0.790949472515269,0.790417209908735
"253","A",7,2,"Eucalyptus","oxymitra","Eoxy","E OXYM","C11","2","DES",12,6,6,1,35,"A7","Eoxy_C11_2_R35",1,0.126424031,30,30,"o","7",0.705521472392638,0.698832116788321
"254","A",7,2,"Eucalyptus","oxymitra","Eoxy","E OXYM","C11","2","DES",12,6,6,1,35,"A7","Eoxy_C11_2_R35",1,0.126424031,30,60,"o","7",0.533774834437086,0.520308330862733
"255","A",7,2,"Eucalyptus","oxymitra","Eoxy","E OXYM","C11","2","DES",12,6,6,1,35,"A7","Eoxy_C11_2_R35",1,0.126424031,52,30,"i","7",0.773591427583823,0.775155111950364
"256","A",7,2,"Eucalyptus","oxymitra","Eoxy","E OXYM","C11","2","DES",12,6,6,1,35,"A7","Eoxy_C11_2_R35",1,0.126424031,36,5,"p","7",0.691056910569106,0.682958081640125
"257","A",7,2,"Eucalyptus","oxymitra","Eoxy","E OXYM","C11","2","DES",12,6,6,1,35,"A7","Eoxy_C11_2_R35",1,0.126424031,30,60,"i","7",0.792885973763875,0.793324646687381
"258","A",7,2,"Eucalyptus","oxymitra","Eoxy","E OXYM","C11","2","DES",12,6,6,1,35,"A7","Eoxy_C11_2_R35",1,0.126424031,56,5,"i","7",0.814035087719298,0.814842903575298
"259","A",7,2,"Eucalyptus","oxymitra","Eoxy","E OXYM","C11","2","DES",12,6,6,1,35,"A7","Eoxy_C11_2_R35",1,0.126424031,52,30,"p","7",-0.0682170542635659,-0.0587875076546234
"260","A",7,2,"Eucalyptus","oxymitra","Eoxy","E OXYM","C11","2","DES",12,6,6,1,35,"A7","Eoxy_C11_2_R35",1,0.126424031,44,60,"o","7",0.275761973875181,0.257798705120659
"261","A",7,2,"Eucalyptus","oxymitra","Eoxy","E OXYM","C11","2","DES",12,6,6,1,35,"A7","Eoxy_C11_2_R35",1,0.126424031,30,15,"o","7",0.563287342531494,0.53772856039145
"262","A",7,2,"Eucalyptus","oxymitra","Eoxy","E OXYM","C11","2","DES",12,6,6,1,35,"A7","Eoxy_C11_2_R35",1,0.126424031,40,120,"p","7",0.591964846202134,0.596681096681097
"263","A",7,2,"Eucalyptus","oxymitra","Eoxy","E OXYM","C11","2","DES",12,6,6,1,35,"A7","Eoxy_C11_2_R35",1,0.126424031,52,5,"p","7",-0.0340909090909091,-0.0347682119205297
"264","A",7,2,"Eucalyptus","oxymitra","Eoxy","E OXYM","C11","2","DES",12,6,6,1,35,"A7","Eoxy_C11_2_R35",1,0.126424031,52,60,"p","7",-0.0824427480916031,-0.0788530465949821
"265","A",7,2,"Eucalyptus","oxymitra","Eoxy","E OXYM","C11","2","DES",12,6,6,1,35,"A7","Eoxy_C11_2_R35",1,0.126424031,44,15,"o","7",0.499530516431925,0.499629903774982
"266","A",7,2,"Eucalyptus","oxymitra","Eoxy","E OXYM","C11","2","DES",12,6,6,1,35,"A7","Eoxy_C11_2_R35",1,0.126424031,30,15,"i","7",0.782065217391304,0.780201164637374
"267","A",7,2,"Eucalyptus","oxymitra","Eoxy","E OXYM","C11","2","DES",12,6,6,1,35,"A7","Eoxy_C11_2_R35",1,0.126424031,52,60,"i","7",0.809447983014862,0.810100166944908
"268","A",7,2,"Eucalyptus","oxymitra","Eoxy","E OXYM","C11","2","DES",12,6,6,1,35,"A7","Eoxy_C11_2_R35",1,0.126424031,44,120,"o","7",0.109725685785536,0.105731225296443
"269","A",7,2,"Eucalyptus","oxymitra","Eoxy","E OXYM","C11","2","DES",12,6,6,1,35,"A7","Eoxy_C11_2_R35",1,0.126424031,56,15,"i","7",0.800735539953193,0.801827220206906
"270","A",7,2,"Eucalyptus","oxymitra","Eoxy","E OXYM","C11","2","DES",12,6,6,1,35,"A7","Eoxy_C11_2_R35",1,0.126424031,40,5,"p","7",0.691336525903352,0.696901114206128
"271","A",7,2,"Eucalyptus","oxymitra","Eoxy","E OXYM","C11","2","DES",12,6,6,1,35,"A7","Eoxy_C11_2_R35",1,0.126424031,52,60,"o","7",-0.0550300945829751,-0.0595118689401538
"272","A",7,2,"Eucalyptus","oxymitra","Eoxy","E OXYM","C11","2","DES",12,6,6,1,35,"A7","Eoxy_C11_2_R35",1,0.126424031,48,30,"o","7",0.044806517311609,0.0629615235134085
"273","A",7,2,"Eucalyptus","oxymitra","Eoxy","E OXYM","C11","2","DES",12,6,6,1,35,"A7","Eoxy_C11_2_R35",1,0.126424031,30,120,"i","7",0.793900889453621,0.793878947883055
"274","A",7,2,"Eucalyptus","oxymitra","Eoxy","E OXYM","C11","2","DES",12,6,6,1,35,"A7","Eoxy_C11_2_R35",1,0.126424031,48,30,"p","7",-0.0434782608695652,-0.0265664160401003
"275","A",7,2,"Eucalyptus","oxymitra","Eoxy","E OXYM","C11","2","DES",12,6,6,1,35,"A7","Eoxy_C11_2_R35",1,0.126424031,56,30,"p","7",-0.075968992248062,-0.07496977025393
"276","A",7,2,"Eucalyptus","oxymitra","Eoxy","E OXYM","C11","2","DES",12,6,6,1,35,"A7","Eoxy_C11_2_R35",1,0.126424031,36,30,"o","7",0.641763341067285,0.651878354203936
"277","A",7,2,"Eucalyptus","oxymitra","Eoxy","E OXYM","C11","2","DES",12,6,6,1,35,"A7","Eoxy_C11_2_R35",1,0.126424031,36,15,"p","7",0.624105011933174,0.634361233480176
"278","A",7,2,"Eucalyptus","oxymitra","Eoxy","E OXYM","C11","2","DES",12,6,6,1,35,"A7","Eoxy_C11_2_R35",1,0.126424031,30,120,"o","7",0.643810898592566,0.650531456478024
"279","A",7,2,"Eucalyptus","oxymitra","Eoxy","E OXYM","C11","2","DES",12,6,6,1,35,"A7","Eoxy_C11_2_R35",1,0.126424031,52,15,"p","7",-0.068181818181818,-0.0672941176470588
"280","A",7,2,"Eucalyptus","oxymitra","Eoxy","E OXYM","C11","2","DES",12,6,6,1,35,"A7","Eoxy_C11_2_R35",1,0.126424031,36,30,"i","7",0.804255319148936,0.805003474635163
"281","A",8,2,"Eucalyptus","cullenii","Ecul","E CULL","C6","2","TROP",24,8,6,1,36,"A8","Ecul_C6_2_R36",1,0.134771826,56,30,"i","8",0.782943440923897,0.78240163283819
"282","A",8,2,"Eucalyptus","cullenii","Ecul","E CULL","C6","2","TROP",24,8,6,1,36,"A8","Ecul_C6_2_R36",1,0.134771826,40,120,"p","8",0.368043087971275,0.379755434782609
"283","A",8,2,"Eucalyptus","cullenii","Ecul","E CULL","C6","2","TROP",24,8,6,1,36,"A8","Ecul_C6_2_R36",1,0.134771826,44,120,"o","8",0.104913678618858,0.110775427995972
"284","A",8,2,"Eucalyptus","cullenii","Ecul","E CULL","C6","2","TROP",24,8,6,1,36,"A8","Ecul_C6_2_R36",1,0.134771826,52,30,"p","8",-0.0716374269005848,-0.0791717417783189
"285","A",8,2,"Eucalyptus","cullenii","Ecul","E CULL","C6","2","TROP",24,8,6,1,36,"A8","Ecul_C6_2_R36",1,0.134771826,52,5,"p","8",-0.028798411122145,-0.033140655105973
"286","A",8,2,"Eucalyptus","cullenii","Ecul","E CULL","C6","2","TROP",24,8,6,1,36,"A8","Ecul_C6_2_R36",1,0.134771826,36,30,"i","8",0.795404814004376,0.795104822885469
"287","A",8,2,"Eucalyptus","cullenii","Ecul","E CULL","C6","2","TROP",24,8,6,1,36,"A8","Ecul_C6_2_R36",1,0.134771826,52,60,"p","8",-0.0534069981583794,-0.0568513119533527
"288","A",8,2,"Eucalyptus","cullenii","Ecul","E CULL","C6","2","TROP",24,8,6,1,36,"A8","Ecul_C6_2_R36",1,0.134771826,48,15,"p","8",0.0258264462809918,0.0240032546786005
"289","A",8,2,"Eucalyptus","cullenii","Ecul","E CULL","C6","2","TROP",24,8,6,1,36,"A8","Ecul_C6_2_R36",1,0.134771826,30,15,"o","8",0.584627329192547,0.583848960812312
"290","A",8,2,"Eucalyptus","cullenii","Ecul","E CULL","C6","2","TROP",24,8,6,1,36,"A8","Ecul_C6_2_R36",1,0.134771826,56,5,"p","8",-0.0775401069518716,-0.0730005367686527
"291","A",8,2,"Eucalyptus","cullenii","Ecul","E CULL","C6","2","TROP",24,8,6,1,36,"A8","Ecul_C6_2_R36",1,0.134771826,56,5,"i","8",0.804833201996323,0.805982465188241
"292","A",8,2,"Eucalyptus","cullenii","Ecul","E CULL","C6","2","TROP",24,8,6,1,36,"A8","Ecul_C6_2_R36",1,0.134771826,52,60,"o","8",-0.0783744557329463,-0.0768335273573923
"293","A",8,2,"Eucalyptus","cullenii","Ecul","E CULL","C6","2","TROP",24,8,6,1,36,"A8","Ecul_C6_2_R36",1,0.134771826,40,5,"p","8",0.549673202614379,0.547813194959229
"294","A",8,2,"Eucalyptus","cullenii","Ecul","E CULL","C6","2","TROP",24,8,6,1,36,"A8","Ecul_C6_2_R36",1,0.134771826,30,60,"i","8",0.776111408677022,0.779888388066109
"295","A",8,2,"Eucalyptus","cullenii","Ecul","E CULL","C6","2","TROP",24,8,6,1,36,"A8","Ecul_C6_2_R36",1,0.134771826,40,15,"o","8",0.712192262602579,0.715627864344638
"296","A",8,2,"Eucalyptus","cullenii","Ecul","E CULL","C6","2","TROP",24,8,6,1,36,"A8","Ecul_C6_2_R36",1,0.134771826,52,15,"p","8",-0.056745182012848,-0.0564081294068851
"297","A",8,2,"Eucalyptus","cullenii","Ecul","E CULL","C6","2","TROP",24,8,6,1,36,"A8","Ecul_C6_2_R36",1,0.134771826,56,15,"i","8",0.802970597150652,0.803780718336484
"298","A",8,2,"Eucalyptus","cullenii","Ecul","E CULL","C6","2","TROP",24,8,6,1,36,"A8","Ecul_C6_2_R36",1,0.134771826,40,15,"i","8",0.774936061381074,0.772634212920837
"299","A",8,2,"Eucalyptus","cullenii","Ecul","E CULL","C6","2","TROP",24,8,6,1,36,"A8","Ecul_C6_2_R36",1,0.134771826,30,60,"o","8",0.64896152536602,0.646807905587943
"300","A",8,2,"Eucalyptus","cullenii","Ecul","E CULL","C6","2","TROP",24,8,6,1,36,"A8","Ecul_C6_2_R36",1,0.134771826,48,5,"p","8",0.166431593794076,0.17579408543264
"301","A",8,2,"Eucalyptus","cullenii","Ecul","E CULL","C6","2","TROP",24,8,6,1,36,"A8","Ecul_C6_2_R36",1,0.134771826,48,60,"o","8",-0.0278086763070078,-0.0286334056399132
"302","A",8,2,"Eucalyptus","cullenii","Ecul","E CULL","C6","2","TROP",24,8,6,1,36,"A8","Ecul_C6_2_R36",1,0.134771826,56,30,"p","8",-0.0706521739130435,-0.0803506208911614
"303","A",8,2,"Eucalyptus","cullenii","Ecul","E CULL","C6","2","TROP",24,8,6,1,36,"A8","Ecul_C6_2_R36",1,0.134771826,36,60,"o","8",0.56919494344644,0.572794492605813
"304","A",8,2,"Eucalyptus","cullenii","Ecul","E CULL","C6","2","TROP",24,8,6,1,36,"A8","Ecul_C6_2_R36",1,0.134771826,48,30,"o","8",0.0215439856373429,0.033096926713948
"305","A",8,2,"Eucalyptus","cullenii","Ecul","E CULL","C6","2","TROP",24,8,6,1,36,"A8","Ecul_C6_2_R36",1,0.134771826,36,120,"i","8",0.773065902578797,0.765656565656566
"306","A",8,2,"Eucalyptus","cullenii","Ecul","E CULL","C6","2","TROP",24,8,6,1,36,"A8","Ecul_C6_2_R36",1,0.134771826,52,30,"i","8",0.750900669068451,0.752019633909398
"307","A",8,2,"Eucalyptus","cullenii","Ecul","E CULL","C6","2","TROP",24,8,6,1,36,"A8","Ecul_C6_2_R36",1,0.134771826,48,15,"o","8",0.076417419884963,0.0746268656716418
"308","A",8,2,"Eucalyptus","cullenii","Ecul","E CULL","C6","2","TROP",24,8,6,1,36,"A8","Ecul_C6_2_R36",1,0.134771826,36,15,"p","8",0.611363636363636,0.611540208995911
"309","A",8,2,"Eucalyptus","cullenii","Ecul","E CULL","C6","2","TROP",24,8,6,1,36,"A8","Ecul_C6_2_R36",1,0.134771826,44,30,"i","8",0.768599562363238,0.765998293515358
"310","A",8,2,"Eucalyptus","cullenii","Ecul","E CULL","C6","2","TROP",24,8,6,1,36,"A8","Ecul_C6_2_R36",1,0.134771826,44,60,"o","8",0.195428571428571,0.195862068965517
"311","A",8,2,"Eucalyptus","cullenii","Ecul","E CULL","C6","2","TROP",24,8,6,1,36,"A8","Ecul_C6_2_R36",1,0.134771826,52,60,"i","8",0.817139408569704,0.814307637823161
"312","A",8,2,"Eucalyptus","cullenii","Ecul","E CULL","C6","2","TROP",24,8,6,1,36,"A8","Ecul_C6_2_R36",1,0.134771826,36,5,"p","8",0.626648476580264,0.625852782764811
"313","A",8,2,"Eucalyptus","cullenii","Ecul","E CULL","C6","2","TROP",24,8,6,1,36,"A8","Ecul_C6_2_R36",1,0.134771826,44,120,"p","8",0.106598984771574,0.0780590717299579
"314","A",8,2,"Eucalyptus","cullenii","Ecul","E CULL","C6","2","TROP",24,8,6,1,36,"A8","Ecul_C6_2_R36",1,0.134771826,44,15,"o","8",0.419308357348703,0.425201221204552
"315","A",8,2,"Eucalyptus","cullenii","Ecul","E CULL","C6","2","TROP",24,8,6,1,36,"A8","Ecul_C6_2_R36",1,0.134771826,30,120,"i","8",0.764892578125,0.764217557251908
"316","A",8,2,"Eucalyptus","cullenii","Ecul","E CULL","C6","2","TROP",24,8,6,1,36,"A8","Ecul_C6_2_R36",1,0.134771826,48,30,"p","8",-0.0539215686274508,-0.0628517823639775
"317","A",8,2,"Eucalyptus","cullenii","Ecul","E CULL","C6","2","TROP",24,8,6,1,36,"A8","Ecul_C6_2_R36",1,0.134771826,36,30,"o","8",0.622810286992173,0.623652781823478
"318","A",8,2,"Eucalyptus","cullenii","Ecul","E CULL","C6","2","TROP",24,8,6,1,36,"A8","Ecul_C6_2_R36",1,0.134771826,30,15,"i","8",0.778880617590295,0.777570503676067
"319","A",8,2,"Eucalyptus","cullenii","Ecul","E CULL","C6","2","TROP",24,8,6,1,36,"A8","Ecul_C6_2_R36",1,0.134771826,30,30,"o","8",0.624893435635124,0.630602006688963
"320","A",8,2,"Eucalyptus","cullenii","Ecul","E CULL","C6","2","TROP",24,8,6,1,36,"A8","Ecul_C6_2_R36",1,0.134771826,30,120,"o","8",0.577548005908419,0.583755610250471
"321","A",9,2,"Eucalyptus","cloeziana","Eclo","E CLOEZ","C1","2","SUB",24,8,6,1,37,"A9","Eclo_C1_2_R37",1,0.149054606,40,15,"o","9",0.531654424623994,0.520452179086717
"322","A",9,2,"Eucalyptus","cloeziana","Eclo","E CLOEZ","C1","2","SUB",24,8,6,1,37,"A9","Eclo_C1_2_R37",1,0.149054606,44,120,"p","9",-0.0569948186528497,-0.0617342130065977
"323","A",9,2,"Eucalyptus","cloeziana","Eclo","E CLOEZ","C1","2","SUB",24,8,6,1,37,"A9","Eclo_C1_2_R37",1,0.149054606,44,15,"o","9",0.120629370629371,0.10655737704918
"324","A",9,2,"Eucalyptus","cloeziana","Eclo","E CLOEZ","C1","2","SUB",24,8,6,1,37,"A9","Eclo_C1_2_R37",1,0.149054606,36,120,"i","9",0.757506361323155,0.728235039965435
"325","A",9,2,"Eucalyptus","cloeziana","Eclo","E CLOEZ","C1","2","SUB",24,8,6,1,37,"A9","Eclo_C1_2_R37",1,0.149054606,30,15,"o","9",0.510857563489142,0.508897818599311
"326","A",9,2,"Eucalyptus","cloeziana","Eclo","E CLOEZ","C1","2","SUB",24,8,6,1,37,"A9","Eclo_C1_2_R37",1,0.149054606,44,60,"o","9",-0.037463976945245,-0.0303030303030302
"327","A",9,2,"Eucalyptus","cloeziana","Eclo","E CLOEZ","C1","2","SUB",24,8,6,1,37,"A9","Eclo_C1_2_R37",1,0.149054606,48,15,"p","9",-0.0647002854424358,-0.0632863133816241
"328","A",9,2,"Eucalyptus","cloeziana","Eclo","E CLOEZ","C1","2","SUB",24,8,6,1,37,"A9","Eclo_C1_2_R37",1,0.149054606,36,15,"p","9",0.378331900257954,0.376244421558531
"329","A",9,2,"Eucalyptus","cloeziana","Eclo","E CLOEZ","C1","2","SUB",24,8,6,1,37,"A9","Eclo_C1_2_R37",1,0.149054606,36,30,"i","9",0.755804425020486,0.753136295981289
"330","A",9,2,"Eucalyptus","cloeziana","Eclo","E CLOEZ","C1","2","SUB",24,8,6,1,37,"A9","Eclo_C1_2_R37",1,0.149054606,48,30,"o","9",-0.0139178844815588,-0.00750000000000009
"331","A",9,2,"Eucalyptus","cloeziana","Eclo","E CLOEZ","C1","2","SUB",24,8,6,1,37,"A9","Eclo_C1_2_R37",1,0.149054606,30,60,"o","9",0.442610364683301,0.429417571569595
"332","A",9,2,"Eucalyptus","cloeziana","Eclo","E CLOEZ","C1","2","SUB",24,8,6,1,37,"A9","Eclo_C1_2_R37",1,0.149054606,56,30,"i","9",0.750512820512821,0.754434121621622
"333","A",9,2,"Eucalyptus","cloeziana","Eclo","E CLOEZ","C1","2","SUB",24,8,6,1,37,"A9","Eclo_C1_2_R37",1,0.149054606,56,5,"p","9",-0.0595854922279793,-0.0640849897189856
"334","A",9,2,"Eucalyptus","cloeziana","Eclo","E CLOEZ","C1","2","SUB",24,8,6,1,37,"A9","Eclo_C1_2_R37",1,0.149054606,40,120,"p","9",0.465250965250965,0.472782258064516
"335","A",9,2,"Eucalyptus","cloeziana","Eclo","E CLOEZ","C1","2","SUB",24,8,6,1,37,"A9","Eclo_C1_2_R37",1,0.149054606,30,30,"o","9",0.420899854862119,0.425383542538354
"336","A",9,2,"Eucalyptus","cloeziana","Eclo","E CLOEZ","C1","2","SUB",24,8,6,1,37,"A9","Eclo_C1_2_R37",1,0.149054606,48,5,"p","9",0.019607843137255,0.00869565217391301
"337","A",9,2,"Eucalyptus","cloeziana","Eclo","E CLOEZ","C1","2","SUB",24,8,6,1,37,"A9","Eclo_C1_2_R37",1,0.149054606,30,60,"i","9",0.756468075005934,0.757891743293203
"338","A",9,2,"Eucalyptus","cloeziana","Eclo","E CLOEZ","C1","2","SUB",24,8,6,1,37,"A9","Eclo_C1_2_R37",1,0.149054606,30,120,"i","9",0.741516966067864,0.73635673212542
"339","A",9,2,"Eucalyptus","cloeziana","Eclo","E CLOEZ","C1","2","SUB",24,8,6,1,37,"A9","Eclo_C1_2_R37",1,0.149054606,44,30,"i","9",0.729193506828137,0.727012104480781
"340","A",9,2,"Eucalyptus","cloeziana","Eclo","E CLOEZ","C1","2","SUB",24,8,6,1,37,"A9","Eclo_C1_2_R37",1,0.149054606,48,60,"o","9",-0.0544354838709678,-0.0476947535771065
"341","A",9,2,"Eucalyptus","cloeziana","Eclo","E CLOEZ","C1","2","SUB",24,8,6,1,37,"A9","Eclo_C1_2_R37",1,0.149054606,56,5,"i","9",0.783689706613625,0.772186545952205
"342","A",9,2,"Eucalyptus","cloeziana","Eclo","E CLOEZ","C1","2","SUB",24,8,6,1,37,"A9","Eclo_C1_2_R37",1,0.149054606,52,60,"p","9",-0.073993471164309,-0.0767534186149095
"343","A",9,2,"Eucalyptus","cloeziana","Eclo","E CLOEZ","C1","2","SUB",24,8,6,1,37,"A9","Eclo_C1_2_R37",1,0.149054606,36,30,"o","9",0.322790697674419,0.327413127413127
"344","A",9,2,"Eucalyptus","cloeziana","Eclo","E CLOEZ","C1","2","SUB",24,8,6,1,37,"A9","Eclo_C1_2_R37",1,0.149054606,48,15,"o","9",-0.0448493342676946,-0.0523602821486706
"345","A",9,2,"Eucalyptus","cloeziana","Eclo","E CLOEZ","C1","2","SUB",24,8,6,1,37,"A9","Eclo_C1_2_R37",1,0.149054606,52,30,"i","9",0.700814289466772,0.698337051308051
"346","A",9,2,"Eucalyptus","cloeziana","Eclo","E CLOEZ","C1","2","SUB",24,8,6,1,37,"A9","Eclo_C1_2_R37",1,0.149054606,56,15,"i","9",0.765583377730421,0.761953939894661
"347","A",9,2,"Eucalyptus","cloeziana","Eclo","E CLOEZ","C1","2","SUB",24,8,6,1,37,"A9","Eclo_C1_2_R37",1,0.149054606,56,30,"p","9",-0.0756547041707081,-0.0810705973622963
"348","A",9,2,"Eucalyptus","cloeziana","Eclo","E CLOEZ","C1","2","SUB",24,8,6,1,37,"A9","Eclo_C1_2_R37",1,0.149054606,48,30,"p","9",-0.0743405275779377,-0.0761342448725918
"349","A",9,2,"Eucalyptus","cloeziana","Eclo","E CLOEZ","C1","2","SUB",24,8,6,1,37,"A9","Eclo_C1_2_R37",1,0.149054606,52,30,"p","9",-0.0682302771855011,-0.063412599082186
"350","A",9,2,"Eucalyptus","cloeziana","Eclo","E CLOEZ","C1","2","SUB",24,8,6,1,37,"A9","Eclo_C1_2_R37",1,0.149054606,52,60,"o","9",-0.0640920295809367,-0.0570977917981072
"351","A",9,2,"Eucalyptus","cloeziana","Eclo","E CLOEZ","C1","2","SUB",24,8,6,1,37,"A9","Eclo_C1_2_R37",1,0.149054606,44,120,"o","9",-0.0622529644268775,-0.0620927558451514
"352","A",9,2,"Eucalyptus","cloeziana","Eclo","E CLOEZ","C1","2","SUB",24,8,6,1,37,"A9","Eclo_C1_2_R37",1,0.149054606,30,15,"i","9",0.753290260827949,0.754974207811349
"353","A",9,2,"Eucalyptus","cloeziana","Eclo","E CLOEZ","C1","2","SUB",24,8,6,1,37,"A9","Eclo_C1_2_R37",1,0.149054606,30,120,"o","9",0.189926547743966,0.110532639167
"354","A",9,2,"Eucalyptus","cloeziana","Eclo","E CLOEZ","C1","2","SUB",24,8,6,1,37,"A9","Eclo_C1_2_R37",1,0.149054606,52,15,"p","9",-0.05932932072227,-0.0712008501594048
"355","A",9,2,"Eucalyptus","cloeziana","Eclo","E CLOEZ","C1","2","SUB",24,8,6,1,37,"A9","Eclo_C1_2_R37",1,0.149054606,52,5,"p","9",-0.0653029110936271,-0.0719314355677992
"356","A",9,2,"Eucalyptus","cloeziana","Eclo","E CLOEZ","C1","2","SUB",24,8,6,1,37,"A9","Eclo_C1_2_R37",1,0.149054606,52,60,"i","9",0.773891489947673,0.774759854256376
"357","A",9,2,"Eucalyptus","cloeziana","Eclo","E CLOEZ","C1","2","SUB",24,8,6,1,37,"A9","Eclo_C1_2_R37",1,0.149054606,40,5,"p","9",0.481857764876633,0.480808672721946
"358","A",9,2,"Eucalyptus","cloeziana","Eclo","E CLOEZ","C1","2","SUB",24,8,6,1,37,"A9","Eclo_C1_2_R37",1,0.149054606,36,5,"p","9",0.51746835443038,0.514194957315863
"359","A",9,2,"Eucalyptus","cloeziana","Eclo","E CLOEZ","C1","2","SUB",24,8,6,1,37,"A9","Eclo_C1_2_R37",1,0.149054606,36,60,"o","9",0.450926290894757,0.45570202329859
"360","A",9,2,"Eucalyptus","cloeziana","Eclo","E CLOEZ","C1","2","SUB",24,8,6,1,37,"A9","Eclo_C1_2_R37",1,0.149054606,40,15,"i","9",0.729007633587786,0.727833144970718
"361","B",1,3,"Corymbia","stockeri","Csto","C STOC","C11","2","TROP",24,8,6,1,38,"B1","Csto_C11_2_R38",1,0.151401454,30,60,"o","10",0.380750176928521,0.387347391786903
"362","B",1,3,"Corymbia","stockeri","Csto","C STOC","C11","2","TROP",24,8,6,1,38,"B1","Csto_C11_2_R38",1,0.151401454,56,30,"i","10",0.754689754689755,0.742500291817439
"363","B",1,3,"Corymbia","stockeri","Csto","C STOC","C11","2","TROP",24,8,6,1,38,"B1","Csto_C11_2_R38",1,0.151401454,36,120,"i","10",0.78429140580535,0.783072546230441
"364","B",1,3,"Corymbia","stockeri","Csto","C STOC","C11","2","TROP",24,8,6,1,38,"B1","Csto_C11_2_R38",1,0.151401454,30,120,"o","10",0.287756925826631,0.247427502338634
"365","B",1,3,"Corymbia","stockeri","Csto","C STOC","C11","2","TROP",24,8,6,1,38,"B1","Csto_C11_2_R38",1,0.151401454,56,15,"i","10",0.761904761904762,0.7723044397463
"366","B",1,3,"Corymbia","stockeri","Csto","C STOC","C11","2","TROP",24,8,6,1,38,"B1","Csto_C11_2_R38",1,0.151401454,48,5,"p","10",0.0549242424242424,0.0810611643330877
"367","B",1,3,"Corymbia","stockeri","Csto","C STOC","C11","2","TROP",24,8,6,1,38,"B1","Csto_C11_2_R38",1,0.151401454,52,60,"i","10",0.792631872732347,0.793276414087513
"368","B",1,3,"Corymbia","stockeri","Csto","C STOC","C11","2","TROP",24,8,6,1,38,"B1","Csto_C11_2_R38",1,0.151401454,40,5,"p","10",0.413953488372093,0.400237060450415
"369","B",1,3,"Corymbia","stockeri","Csto","C STOC","C11","2","TROP",24,8,6,1,38,"B1","Csto_C11_2_R38",1,0.151401454,40,15,"o","10",0.675907590759076,0.680883280757098
"370","B",1,3,"Corymbia","stockeri","Csto","C STOC","C11","2","TROP",24,8,6,1,38,"B1","Csto_C11_2_R38",1,0.151401454,36,60,"o","10",0.604949182501105,0.599822537710736
"371","B",1,3,"Corymbia","stockeri","Csto","C STOC","C11","2","TROP",24,8,6,1,38,"B1","Csto_C11_2_R38",1,0.151401454,48,30,"o","10",-0.0153846153846154,-0.0195121951219512
"372","B",1,3,"Corymbia","stockeri","Csto","C STOC","C11","2","TROP",24,8,6,1,38,"B1","Csto_C11_2_R38",1,0.151401454,30,120,"i","10",0.721852300242131,0.726346265199768
"373","B",1,3,"Corymbia","stockeri","Csto","C STOC","C11","2","TROP",24,8,6,1,38,"B1","Csto_C11_2_R38",1,0.151401454,52,5,"p","10",-0.0303030303030303,-0.0322580645161292
"374","B",1,3,"Corymbia","stockeri","Csto","C STOC","C11","2","TROP",24,8,6,1,38,"B1","Csto_C11_2_R38",1,0.151401454,36,15,"p","10",0.578005115089514,0.587104930467762
"375","B",1,3,"Corymbia","stockeri","Csto","C STOC","C11","2","TROP",24,8,6,1,38,"B1","Csto_C11_2_R38",1,0.151401454,30,60,"i","10",0.774339823953054,0.775514579759863
"376","B",1,3,"Corymbia","stockeri","Csto","C STOC","C11","2","TROP",24,8,6,1,38,"B1","Csto_C11_2_R38",1,0.151401454,52,30,"p","10",-0.10705596107056,-0.138132295719844
"377","B",1,3,"Corymbia","stockeri","Csto","C STOC","C11","2","TROP",24,8,6,1,38,"B1","Csto_C11_2_R38",1,0.151401454,52,30,"i","10",0.651772525849335,0.648426622110833
"378","B",1,3,"Corymbia","stockeri","Csto","C STOC","C11","2","TROP",24,8,6,1,38,"B1","Csto_C11_2_R38",1,0.151401454,40,15,"i","10",0.772917914919113,0.773545220845992
"379","B",1,3,"Corymbia","stockeri","Csto","C STOC","C11","2","TROP",24,8,6,1,38,"B1","Csto_C11_2_R38",1,0.151401454,56,30,"p","10",-0.105603448275862,-0.0944026733500417
"380","B",1,3,"Corymbia","stockeri","Csto","C STOC","C11","2","TROP",24,8,6,1,38,"B1","Csto_C11_2_R38",1,0.151401454,52,15,"p","10",-0.0731261425959781,-0.0544135429262396
"381","B",1,3,"Corymbia","stockeri","Csto","C STOC","C11","2","TROP",24,8,6,1,38,"B1","Csto_C11_2_R38",1,0.151401454,52,60,"o","10",-0.0913705583756346,-0.0828947368421054
"382","B",1,3,"Corymbia","stockeri","Csto","C STOC","C11","2","TROP",24,8,6,1,38,"B1","Csto_C11_2_R38",1,0.151401454,44,120,"p","10",0.128747795414462,0.116902457185406
"383","B",1,3,"Corymbia","stockeri","Csto","C STOC","C11","2","TROP",24,8,6,1,38,"B1","Csto_C11_2_R38",1,0.151401454,30,15,"i","10",0.784684939248375,0.782080485952923
"384","B",1,3,"Corymbia","stockeri","Csto","C STOC","C11","2","TROP",24,8,6,1,38,"B1","Csto_C11_2_R38",1,0.151401454,30,30,"o","10",0.557772621809745,0.579015127132282
"385","B",1,3,"Corymbia","stockeri","Csto","C STOC","C11","2","TROP",24,8,6,1,38,"B1","Csto_C11_2_R38",1,0.151401454,48,15,"o","10",0.095006090133983,0.0781469349555452
"386","B",1,3,"Corymbia","stockeri","Csto","C STOC","C11","2","TROP",24,8,6,1,38,"B1","Csto_C11_2_R38",1,0.151401454,52,60,"p","10",-0.101239669421488,-0.0819542947202522
"387","B",1,3,"Corymbia","stockeri","Csto","C STOC","C11","2","TROP",24,8,6,1,38,"B1","Csto_C11_2_R38",1,0.151401454,36,5,"p","10",0.619948849104859,0.621789727126806
"388","B",1,3,"Corymbia","stockeri","Csto","C STOC","C11","2","TROP",24,8,6,1,38,"B1","Csto_C11_2_R38",1,0.151401454,48,30,"p","10",-0.0492125984251969,-0.0630486831604151
"389","B",1,3,"Corymbia","stockeri","Csto","C STOC","C11","2","TROP",24,8,6,1,38,"B1","Csto_C11_2_R38",1,0.151401454,30,15,"o","10",0.675722145804677,0.68658064516129
"390","B",1,3,"Corymbia","stockeri","Csto","C STOC","C11","2","TROP",24,8,6,1,38,"B1","Csto_C11_2_R38",1,0.151401454,48,15,"p","10",0.0298507462686567,0.0449308755760369
"391","B",1,3,"Corymbia","stockeri","Csto","C STOC","C11","2","TROP",24,8,6,1,38,"B1","Csto_C11_2_R38",1,0.151401454,44,60,"o","10",0.296859169199595,0.294565217391304
"392","B",1,3,"Corymbia","stockeri","Csto","C STOC","C11","2","TROP",24,8,6,1,38,"B1","Csto_C11_2_R38",1,0.151401454,40,120,"p","10",0.345116279069767,0.35348506401138
"393","B",1,3,"Corymbia","stockeri","Csto","C STOC","C11","2","TROP",24,8,6,1,38,"B1","Csto_C11_2_R38",1,0.151401454,48,60,"o","10",-0.0335570469798658,-0.045271178843568
"394","B",1,3,"Corymbia","stockeri","Csto","C STOC","C11","2","TROP",24,8,6,1,38,"B1","Csto_C11_2_R38",1,0.151401454,36,30,"i","10",0.79315144766147,0.792677642980936
"395","B",1,3,"Corymbia","stockeri","Csto","C STOC","C11","2","TROP",24,8,6,1,38,"B1","Csto_C11_2_R38",1,0.151401454,36,30,"o","10",0.599132834055972,0.599415204678363
"396","B",1,3,"Corymbia","stockeri","Csto","C STOC","C11","2","TROP",24,8,6,1,38,"B1","Csto_C11_2_R38",1,0.151401454,44,30,"i","10",0.761752756819501,0.763134754891185
"397","B",1,3,"Corymbia","stockeri","Csto","C STOC","C11","2","TROP",24,8,6,1,38,"B1","Csto_C11_2_R38",1,0.151401454,44,15,"o","10",0.423574144486692,0.411177021542304
"398","B",1,3,"Corymbia","stockeri","Csto","C STOC","C11","2","TROP",24,8,6,1,38,"B1","Csto_C11_2_R38",1,0.151401454,44,120,"o","10",0.302107728337237,0.292500746937556
"399","B",1,3,"Corymbia","stockeri","Csto","C STOC","C11","2","TROP",24,8,6,1,38,"B1","Csto_C11_2_R38",1,0.151401454,56,5,"i","10",0.757155769810184,0.776781992496874
"400","B",1,3,"Corymbia","stockeri","Csto","C STOC","C11","2","TROP",24,8,6,1,38,"B1","Csto_C11_2_R38",1,0.151401454,56,5,"p","10",-0.088768115942029,-0.0863787375415283
"401","B",2,2,"Eucalyptus","argophloia","Earg","E ARGO","C1","1","SUB",9,4,4,1,39,"B2","Earg_C1_1_R39",1,0.175598804,48,30,"o","11",-0.0221774193548388,-0.0190627482128674
"402","B",2,2,"Eucalyptus","argophloia","Earg","E ARGO","C1","1","SUB",9,4,4,1,39,"B2","Earg_C1_1_R39",1,0.175598804,40,5,"p","11",0.731293923108723,0.737140948563794
"403","B",2,2,"Eucalyptus","argophloia","Earg","E ARGO","C1","1","SUB",9,4,4,1,39,"B2","Earg_C1_1_R39",1,0.175598804,30,15,"i","11",0.808628659476117,0.809930271699928
"404","B",2,2,"Eucalyptus","argophloia","Earg","E ARGO","C1","1","SUB",9,4,4,1,39,"B2","Earg_C1_1_R39",1,0.175598804,52,60,"i","11",0.824,0.823777911888956
"405","B",2,2,"Eucalyptus","argophloia","Earg","E ARGO","C1","1","SUB",9,4,4,1,39,"B2","Earg_C1_1_R39",1,0.175598804,44,120,"o","11",0.0981963927855712,0.0955011838989739
"406","B",2,2,"Eucalyptus","argophloia","Earg","E ARGO","C1","1","SUB",9,4,4,1,39,"B2","Earg_C1_1_R39",1,0.175598804,44,15,"o","11",0.472584856396867,0.469686411149826
"407","B",2,2,"Eucalyptus","argophloia","Earg","E ARGO","C1","1","SUB",9,4,4,1,39,"B2","Earg_C1_1_R39",1,0.175598804,40,15,"o","11",0.742071288240247,0.741161206616932
"408","B",2,2,"Eucalyptus","argophloia","Earg","E ARGO","C1","1","SUB",9,4,4,1,39,"B2","Earg_C1_1_R39",1,0.175598804,44,120,"p","11",0.0162337662337662,0.0131061598951507
"409","B",2,2,"Eucalyptus","argophloia","Earg","E ARGO","C1","1","SUB",9,4,4,1,39,"B2","Earg_C1_1_R39",1,0.175598804,52,60,"o","11",-0.0604186489058039,-0.056913470115968
"410","B",2,2,"Eucalyptus","argophloia","Earg","E ARGO","C1","1","SUB",9,4,4,1,39,"B2","Earg_C1_1_R39",1,0.175598804,56,30,"i","11",0.78834182229768,0.788617886178862
"411","B",2,2,"Eucalyptus","argophloia","Earg","E ARGO","C1","1","SUB",9,4,4,1,39,"B2","Earg_C1_1_R39",1,0.175598804,52,30,"p","11",-0.07475317348378,-0.0594916170903192
"412","B",2,2,"Eucalyptus","argophloia","Earg","E ARGO","C1","1","SUB",9,4,4,1,39,"B2","Earg_C1_1_R39",1,0.175598804,40,15,"i","11",0.790201729106628,0.790027447392498
"413","B",2,2,"Eucalyptus","argophloia","Earg","E ARGO","C1","1","SUB",9,4,4,1,39,"B2","Earg_C1_1_R39",1,0.175598804,40,120,"p","11",0.156040268456376,0.153998678122935
"414","B",2,2,"Eucalyptus","argophloia","Earg","E ARGO","C1","1","SUB",9,4,4,1,39,"B2","Earg_C1_1_R39",1,0.175598804,52,60,"p","11",-0.0711398544866613,-0.0614173228346458
"415","B",2,2,"Eucalyptus","argophloia","Earg","E ARGO","C1","1","SUB",9,4,4,1,39,"B2","Earg_C1_1_R39",1,0.175598804,52,15,"p","11",-0.0410646387832699,-0.0334703464474457
"416","B",2,2,"Eucalyptus","argophloia","Earg","E ARGO","C1","1","SUB",9,4,4,1,39,"B2","Earg_C1_1_R39",1,0.175598804,30,120,"o","11",0.505219206680585,0.505071413785966
"417","B",2,2,"Eucalyptus","argophloia","Earg","E ARGO","C1","1","SUB",9,4,4,1,39,"B2","Earg_C1_1_R39",1,0.175598804,30,120,"i","11",0.793655413271246,0.798021624108581
"418","B",2,2,"Eucalyptus","argophloia","Earg","E ARGO","C1","1","SUB",9,4,4,1,39,"B2","Earg_C1_1_R39",1,0.175598804,48,5,"p","11",0.0298507462686567,0.0232294617563739
"419","B",2,2,"Eucalyptus","argophloia","Earg","E ARGO","C1","1","SUB",9,4,4,1,39,"B2","Earg_C1_1_R39",1,0.175598804,56,15,"i","11",0.802413696323323,0.801714662563201
"420","B",2,2,"Eucalyptus","argophloia","Earg","E ARGO","C1","1","SUB",9,4,4,1,39,"B2","Earg_C1_1_R39",1,0.175598804,30,15,"o","11",0.75895865237366,0.758683286941789
"421","B",2,2,"Eucalyptus","argophloia","Earg","E ARGO","C1","1","SUB",9,4,4,1,39,"B2","Earg_C1_1_R39",1,0.175598804,36,60,"o","11",0.578613693998309,0.573692028387523
"422","B",2,2,"Eucalyptus","argophloia","Earg","E ARGO","C1","1","SUB",9,4,4,1,39,"B2","Earg_C1_1_R39",1,0.175598804,48,15,"p","11",-0.033596837944664,-0.0394788787998421
"423","B",2,2,"Eucalyptus","argophloia","Earg","E ARGO","C1","1","SUB",9,4,4,1,39,"B2","Earg_C1_1_R39",1,0.175598804,48,60,"o","11",-0.0524899057873486,-0.0451167728237793
"424","B",2,2,"Eucalyptus","argophloia","Earg","E ARGO","C1","1","SUB",9,4,4,1,39,"B2","Earg_C1_1_R39",1,0.175598804,36,30,"i","11",0.823246878001921,0.822586656727544
"425","B",2,2,"Eucalyptus","argophloia","Earg","E ARGO","C1","1","SUB",9,4,4,1,39,"B2","Earg_C1_1_R39",1,0.175598804,52,5,"p","11",-0.0597014925373134,-0.0528414755732802
"426","B",2,2,"Eucalyptus","argophloia","Earg","E ARGO","C1","1","SUB",9,4,4,1,39,"B2","Earg_C1_1_R39",1,0.175598804,48,30,"p","11",-0.0809595202398801,-0.0815645845967254
"427","B",2,2,"Eucalyptus","argophloia","Earg","E ARGO","C1","1","SUB",9,4,4,1,39,"B2","Earg_C1_1_R39",1,0.175598804,36,120,"i","11",0.794543429844098,0.7928164695576
"428","B",2,2,"Eucalyptus","argophloia","Earg","E ARGO","C1","1","SUB",9,4,4,1,39,"B2","Earg_C1_1_R39",1,0.175598804,56,5,"p","11",-0.0622529644268775,-0.062934362934363
"429","B",2,2,"Eucalyptus","argophloia","Earg","E ARGO","C1","1","SUB",9,4,4,1,39,"B2","Earg_C1_1_R39",1,0.175598804,48,15,"o","11",0.0103662750518314,0.0163525498891352
"430","B",2,2,"Eucalyptus","argophloia","Earg","E ARGO","C1","1","SUB",9,4,4,1,39,"B2","Earg_C1_1_R39",1,0.175598804,36,5,"p","11",0.730582524271845,0.731717011128776
"431","B",2,2,"Eucalyptus","argophloia","Earg","E ARGO","C1","1","SUB",9,4,4,1,39,"B2","Earg_C1_1_R39",1,0.175598804,30,60,"i","11",0.797946084724005,0.804092382495948
"432","B",2,2,"Eucalyptus","argophloia","Earg","E ARGO","C1","1","SUB",9,4,4,1,39,"B2","Earg_C1_1_R39",1,0.175598804,36,15,"p","11",0.676485788113695,0.677366924014628
"433","B",2,2,"Eucalyptus","argophloia","Earg","E ARGO","C1","1","SUB",9,4,4,1,39,"B2","Earg_C1_1_R39",1,0.175598804,52,30,"i","11",0.77016505761445,0.771442675552265
"434","B",2,2,"Eucalyptus","argophloia","Earg","E ARGO","C1","1","SUB",9,4,4,1,39,"B2","Earg_C1_1_R39",1,0.175598804,30,60,"o","11",0.560759493670886,0.570492327365729
"435","B",2,2,"Eucalyptus","argophloia","Earg","E ARGO","C1","1","SUB",9,4,4,1,39,"B2","Earg_C1_1_R39",1,0.175598804,56,5,"i","11",0.819672131147541,0.818862097636299
"436","B",2,2,"Eucalyptus","argophloia","Earg","E ARGO","C1","1","SUB",9,4,4,1,39,"B2","Earg_C1_1_R39",1,0.175598804,44,60,"o","11",0.174535050071531,0.147393648891552
"437","B",2,2,"Eucalyptus","argophloia","Earg","E ARGO","C1","1","SUB",9,4,4,1,39,"B2","Earg_C1_1_R39",1,0.175598804,56,30,"p","11",-0.0689655172413793,-0.0665024630541873
"438","B",2,2,"Eucalyptus","argophloia","Earg","E ARGO","C1","1","SUB",9,4,4,1,39,"B2","Earg_C1_1_R39",1,0.175598804,30,30,"o","11",0.632563256325632,0.630841121495327
"439","B",2,2,"Eucalyptus","argophloia","Earg","E ARGO","C1","1","SUB",9,4,4,1,39,"B2","Earg_C1_1_R39",1,0.175598804,44,30,"i","11",0.8014440433213,0.802060166217956
"440","B",2,2,"Eucalyptus","argophloia","Earg","E ARGO","C1","1","SUB",9,4,4,1,39,"B2","Earg_C1_1_R39",1,0.175598804,36,30,"o","11",0.707982350581629,0.706993752856925
"441","B",3,2,"Corymbia","polycarpa","Cpol","C POLY","C11","1","TROP",24,8,6,1,40,"B3","Cpol_C11_1_R40",1,0.197139966,40,15,"o","12",0.565597667638484,0.568579492003763
"442","B",3,2,"Corymbia","polycarpa","Cpol","C POLY","C11","1","TROP",24,8,6,1,40,"B3","Cpol_C11_1_R40",1,0.197139966,30,15,"o","12",0.491626794258373,0.49203373945642
"443","B",3,2,"Corymbia","polycarpa","Cpol","C POLY","C11","1","TROP",24,8,6,1,40,"B3","Cpol_C11_1_R40",1,0.197139966,48,30,"p","12",-0.0833333333333334,-0.0597222222222222
"444","B",3,2,"Corymbia","polycarpa","Cpol","C POLY","C11","1","TROP",24,8,6,1,40,"B3","Cpol_C11_1_R40",1,0.197139966,36,30,"i","12",0.754285714285714,0.745326753402124
"445","B",3,2,"Corymbia","polycarpa","Cpol","C POLY","C11","1","TROP",24,8,6,1,40,"B3","Cpol_C11_1_R40",1,0.197139966,56,5,"i","12",0.71071953010279,0.735549132947977
"446","B",3,2,"Corymbia","polycarpa","Cpol","C POLY","C11","1","TROP",24,8,6,1,40,"B3","Cpol_C11_1_R40",1,0.197139966,40,15,"i","12",0.716529543754675,0.718323863636364
"447","B",3,2,"Corymbia","polycarpa","Cpol","C POLY","C11","1","TROP",24,8,6,1,40,"B3","Cpol_C11_1_R40",1,0.197139966,30,60,"i","12",0.758336455601349,0.765642775881684
"448","B",3,2,"Corymbia","polycarpa","Cpol","C POLY","C11","1","TROP",24,8,6,1,40,"B3","Cpol_C11_1_R40",1,0.197139966,56,5,"p","12",-0.0804387568555759,-0.0832137733142037
"449","B",3,2,"Corymbia","polycarpa","Cpol","C POLY","C11","1","TROP",24,8,6,1,40,"B3","Cpol_C11_1_R40",1,0.197139966,52,30,"i","12",0.642257306012765,0.638187702265372
"450","B",3,2,"Corymbia","polycarpa","Cpol","C POLY","C11","1","TROP",24,8,6,1,40,"B3","Cpol_C11_1_R40",1,0.197139966,56,30,"i","12",0.755521472392638,0.756903290883873
"451","B",3,2,"Corymbia","polycarpa","Cpol","C POLY","C11","1","TROP",24,8,6,1,40,"B3","Cpol_C11_1_R40",1,0.197139966,40,5,"p","12",0.231920199501247,0.166666666666667
"452","B",3,2,"Corymbia","polycarpa","Cpol","C POLY","C11","1","TROP",24,8,6,1,40,"B3","Cpol_C11_1_R40",1,0.197139966,48,60,"o","12",-0.0243605359317903,-0.0301435406698566
"453","B",3,2,"Corymbia","polycarpa","Cpol","C POLY","C11","1","TROP",24,8,6,1,40,"B3","Cpol_C11_1_R40",1,0.197139966,40,120,"p","12",-0.0208768267223382,-0.019704433497537
"454","B",3,2,"Corymbia","polycarpa","Cpol","C POLY","C11","1","TROP",24,8,6,1,40,"B3","Cpol_C11_1_R40",1,0.197139966,30,30,"o","12",0.301161103047896,0.304445065697512
"455","B",3,2,"Corymbia","polycarpa","Cpol","C POLY","C11","1","TROP",24,8,6,1,40,"B3","Cpol_C11_1_R40",1,0.197139966,36,60,"o","12",0.302247191011236,0.297308488612836
"456","B",3,2,"Corymbia","polycarpa","Cpol","C POLY","C11","1","TROP",24,8,6,1,40,"B3","Cpol_C11_1_R40",1,0.197139966,56,30,"p","12",-0.088768115942029,-0.0803382663847781
"457","B",3,2,"Corymbia","polycarpa","Cpol","C POLY","C11","1","TROP",24,8,6,1,40,"B3","Cpol_C11_1_R40",1,0.197139966,52,15,"p","12",-0.0579216354344123,-0.0677439403356122
"458","B",3,2,"Corymbia","polycarpa","Cpol","C POLY","C11","1","TROP",24,8,6,1,40,"B3","Cpol_C11_1_R40",1,0.197139966,52,60,"i","12",0.724376199616123,0.719260604060076
"459","B",3,2,"Corymbia","polycarpa","Cpol","C POLY","C11","1","TROP",24,8,6,1,40,"B3","Cpol_C11_1_R40",1,0.197139966,36,15,"p","12",0.111587982832618,0.0646278130409693
"460","B",3,2,"Corymbia","polycarpa","Cpol","C POLY","C11","1","TROP",24,8,6,1,40,"B3","Cpol_C11_1_R40",1,0.197139966,48,5,"p","12",0.0817843866171004,0.0811615785554728
"461","B",3,2,"Corymbia","polycarpa","Cpol","C POLY","C11","1","TROP",24,8,6,1,40,"B3","Cpol_C11_1_R40",1,0.197139966,30,60,"o","12",0.378896882494005,0.39349201566737
"462","B",3,2,"Corymbia","polycarpa","Cpol","C POLY","C11","1","TROP",24,8,6,1,40,"B3","Cpol_C11_1_R40",1,0.197139966,52,60,"o","12",-0.105263157894737,-0.100326644890341
"463","B",3,2,"Corymbia","polycarpa","Cpol","C POLY","C11","1","TROP",24,8,6,1,40,"B3","Cpol_C11_1_R40",1,0.197139966,44,30,"i","12",0.687042459736457,0.677520708369037
"464","B",3,2,"Corymbia","polycarpa","Cpol","C POLY","C11","1","TROP",24,8,6,1,40,"B3","Cpol_C11_1_R40",1,0.197139966,48,30,"o","12",0,0.000628535512256429
"465","B",3,2,"Corymbia","polycarpa","Cpol","C POLY","C11","1","TROP",24,8,6,1,40,"B3","Cpol_C11_1_R40",1,0.197139966,36,5,"p","12",0.160980810234541,0.188585607940447
"466","B",3,2,"Corymbia","polycarpa","Cpol","C POLY","C11","1","TROP",24,8,6,1,40,"B3","Cpol_C11_1_R40",1,0.197139966,52,5,"p","12",-0.0716374269005848,-0.0719505340078697
"467","B",3,2,"Corymbia","polycarpa","Cpol","C POLY","C11","1","TROP",24,8,6,1,40,"B3","Cpol_C11_1_R40",1,0.197139966,36,120,"i","12",0.73728323699422,0.729237238640346
"468","B",3,2,"Corymbia","polycarpa","Cpol","C POLY","C11","1","TROP",24,8,6,1,40,"B3","Cpol_C11_1_R40",1,0.197139966,56,15,"i","12",0.77297823968821,0.770206826544855
"469","B",3,2,"Corymbia","polycarpa","Cpol","C POLY","C11","1","TROP",24,8,6,1,40,"B3","Cpol_C11_1_R40",1,0.197139966,52,60,"p","12",-0.0857142857142857,-0.0760193503800967
"470","B",3,2,"Corymbia","polycarpa","Cpol","C POLY","C11","1","TROP",24,8,6,1,40,"B3","Cpol_C11_1_R40",1,0.197139966,36,30,"o","12",0.430397727272727,0.420824920680704
"471","B",3,2,"Corymbia","polycarpa","Cpol","C POLY","C11","1","TROP",24,8,6,1,40,"B3","Cpol_C11_1_R40",1,0.197139966,30,15,"i","12",0.738665683744932,0.744417918831625
"472","B",3,2,"Corymbia","polycarpa","Cpol","C POLY","C11","1","TROP",24,8,6,1,40,"B3","Cpol_C11_1_R40",1,0.197139966,48,15,"p","12",-0.00831946755407655,0.00509461426491996
"473","B",3,2,"Corymbia","polycarpa","Cpol","C POLY","C11","1","TROP",24,8,6,1,40,"B3","Cpol_C11_1_R40",1,0.197139966,48,15,"o","12",-0.0306372549019606,0.0249088699878493
"474","B",3,2,"Corymbia","polycarpa","Cpol","C POLY","C11","1","TROP",24,8,6,1,40,"B3","Cpol_C11_1_R40",1,0.197139966,52,30,"p","12",-0.0947368421052631,-0.0947058823529411
"475","B",3,2,"Corymbia","polycarpa","Cpol","C POLY","C11","1","TROP",24,8,6,1,40,"B3","Cpol_C11_1_R40",1,0.197139966,30,120,"o","12",0.189714285714286,0.185234899328859
"476","B",3,2,"Corymbia","polycarpa","Cpol","C POLY","C11","1","TROP",24,8,6,1,40,"B3","Cpol_C11_1_R40",1,0.197139966,44,60,"o","12",0,0.00773860705073101
"477","B",3,2,"Corymbia","polycarpa","Cpol","C POLY","C11","1","TROP",24,8,6,1,40,"B3","Cpol_C11_1_R40",1,0.197139966,30,120,"i","12",0.727046263345196,0.733305333893322
"478","B",3,2,"Corymbia","polycarpa","Cpol","C POLY","C11","1","TROP",24,8,6,1,40,"B3","Cpol_C11_1_R40",1,0.197139966,44,15,"o","12",0.326722338204593,0.329909613804437
"479","B",3,2,"Corymbia","polycarpa","Cpol","C POLY","C11","1","TROP",24,8,6,1,40,"B3","Cpol_C11_1_R40",1,0.197139966,44,120,"p","12",-0.0440251572327044,-0.0715181932245921
"480","B",3,2,"Corymbia","polycarpa","Cpol","C POLY","C11","1","TROP",24,8,6,1,40,"B3","Cpol_C11_1_R40",1,0.197139966,44,120,"o","12",-0.0307692307692307,-0.0147492625368732
"481","B",4,3,"Eucalyptus","victrix","Evic","E VICT","C1","1","DES",24,8,6,1,41,"B4","Evic_C1_1_R41",1,0.257976195,56,5,"p","13",-0.064493758668516,-0.0689283791060851
"482","B",4,3,"Eucalyptus","victrix","Evic","E VICT","C1","1","DES",24,8,6,1,41,"B4","Evic_C1_1_R41",1,0.257976195,30,15,"o","13",0.70060281312793,0.701910494634912
"483","B",4,3,"Eucalyptus","victrix","Evic","E VICT","C1","1","DES",24,8,6,1,41,"B4","Evic_C1_1_R41",1,0.257976195,48,15,"o","13",0.117045454545454,0.109262589928058
"484","B",4,3,"Eucalyptus","victrix","Evic","E VICT","C1","1","DES",24,8,6,1,41,"B4","Evic_C1_1_R41",1,0.257976195,40,120,"p","13",0.33989501312336,0.348929815828771
"485","B",4,3,"Eucalyptus","victrix","Evic","E VICT","C1","1","DES",24,8,6,1,41,"B4","Evic_C1_1_R41",1,0.257976195,48,15,"p","13",0.075968992248062,0.0594059405940595
"486","B",4,3,"Eucalyptus","victrix","Evic","E VICT","C1","1","DES",24,8,6,1,41,"B4","Evic_C1_1_R41",1,0.257976195,30,60,"o","13",0.605439330543933,0.602209944751381
"487","B",4,3,"Eucalyptus","victrix","Evic","E VICT","C1","1","DES",24,8,6,1,41,"B4","Evic_C1_1_R41",1,0.257976195,40,15,"i","13",0.773607748184019,0.7728453364817
"488","B",4,3,"Eucalyptus","victrix","Evic","E VICT","C1","1","DES",24,8,6,1,41,"B4","Evic_C1_1_R41",1,0.257976195,52,5,"p","13",-0.0760233918128655,-0.0759599332220367
"489","B",4,3,"Eucalyptus","victrix","Evic","E VICT","C1","1","DES",24,8,6,1,41,"B4","Evic_C1_1_R41",1,0.257976195,52,60,"p","13",-0.0602294455066922,-0.0602636534839924
"490","B",4,3,"Eucalyptus","victrix","Evic","E VICT","C1","1","DES",24,8,6,1,41,"B4","Evic_C1_1_R41",1,0.257976195,30,120,"i","13",0.791735537190083,0.793941757670307
"491","B",4,3,"Eucalyptus","victrix","Evic","E VICT","C1","1","DES",24,8,6,1,41,"B4","Evic_C1_1_R41",1,0.257976195,48,5,"p","13",0.264478764478764,0.27109783420463
"492","B",4,3,"Eucalyptus","victrix","Evic","E VICT","C1","1","DES",24,8,6,1,41,"B4","Evic_C1_1_R41",1,0.257976195,40,15,"o","13",0.725858526562959,0.726588342648569
"493","B",4,3,"Eucalyptus","victrix","Evic","E VICT","C1","1","DES",24,8,6,1,41,"B4","Evic_C1_1_R41",1,0.257976195,56,30,"p","13",-0.0613090306545152,-0.0590142671854733
"494","B",4,3,"Eucalyptus","victrix","Evic","E VICT","C1","1","DES",24,8,6,1,41,"B4","Evic_C1_1_R41",1,0.257976195,48,30,"o","13",0.0429553264604811,0.0497707924034054
"495","B",4,3,"Eucalyptus","victrix","Evic","E VICT","C1","1","DES",24,8,6,1,41,"B4","Evic_C1_1_R41",1,0.257976195,36,120,"i","13",0.777488614183474,0.780274656679151
"496","B",4,3,"Eucalyptus","victrix","Evic","E VICT","C1","1","DES",24,8,6,1,41,"B4","Evic_C1_1_R41",1,0.257976195,56,15,"i","13",0.797701149425287,0.797545295149036
"497","B",4,3,"Eucalyptus","victrix","Evic","E VICT","C1","1","DES",24,8,6,1,41,"B4","Evic_C1_1_R41",1,0.257976195,52,60,"o","13",-0.0633437175493251,-0.0620203277328355
"498","B",4,3,"Eucalyptus","victrix","Evic","E VICT","C1","1","DES",24,8,6,1,41,"B4","Evic_C1_1_R41",1,0.257976195,48,30,"p","13",-0.0747252747252747,-0.0564924114671164
"499","B",4,3,"Eucalyptus","victrix","Evic","E VICT","C1","1","DES",24,8,6,1,41,"B4","Evic_C1_1_R41",1,0.257976195,44,15,"o","13",0.693948933193424,0.691075211864407
"500","B",4,3,"Eucalyptus","victrix","Evic","E VICT","C1","1","DES",24,8,6,1,41,"B4","Evic_C1_1_R41",1,0.257976195,40,5,"p","13",0.581202487906012,0.582561307901907
"501","B",4,3,"Eucalyptus","victrix","Evic","E VICT","C1","1","DES",24,8,6,1,41,"B4","Evic_C1_1_R41",1,0.257976195,56,5,"i","13",0.800135272235374,0.802546081421562
"502","B",4,3,"Eucalyptus","victrix","Evic","E VICT","C1","1","DES",24,8,6,1,41,"B4","Evic_C1_1_R41",1,0.257976195,52,60,"i","13",0.804291845493562,0.801737580752952
"503","B",4,3,"Eucalyptus","victrix","Evic","E VICT","C1","1","DES",24,8,6,1,41,"B4","Evic_C1_1_R41",1,0.257976195,52,30,"i","13",0.762002042900919,0.766074054270819
"504","B",4,3,"Eucalyptus","victrix","Evic","E VICT","C1","1","DES",24,8,6,1,41,"B4","Evic_C1_1_R41",1,0.257976195,44,30,"i","13",0.777152051488335,0.778106207318316
"505","B",4,3,"Eucalyptus","victrix","Evic","E VICT","C1","1","DES",24,8,6,1,41,"B4","Evic_C1_1_R41",1,0.257976195,44,60,"o","13",0.536494405966969,0.53728813559322
"506","B",4,3,"Eucalyptus","victrix","Evic","E VICT","C1","1","DES",24,8,6,1,41,"B4","Evic_C1_1_R41",1,0.257976195,56,30,"i","13",0.781504986400725,0.779490773183836
"507","B",4,3,"Eucalyptus","victrix","Evic","E VICT","C1","1","DES",24,8,6,1,41,"B4","Evic_C1_1_R41",1,0.257976195,44,120,"p","13",0.219330855018587,0.219026548672566
"508","B",4,3,"Eucalyptus","victrix","Evic","E VICT","C1","1","DES",24,8,6,1,41,"B4","Evic_C1_1_R41",1,0.257976195,30,120,"o","13",0.728495575221239,0.726829947119399
"509","B",4,3,"Eucalyptus","victrix","Evic","E VICT","C1","1","DES",24,8,6,1,41,"B4","Evic_C1_1_R41",1,0.257976195,30,30,"o","13",0.660592255125285,0.664906877841326
"510","B",4,3,"Eucalyptus","victrix","Evic","E VICT","C1","1","DES",24,8,6,1,41,"B4","Evic_C1_1_R41",1,0.257976195,30,60,"i","13",0.786958965711074,0.78847420417124
"511","B",4,3,"Eucalyptus","victrix","Evic","E VICT","C1","1","DES",24,8,6,1,41,"B4","Evic_C1_1_R41",1,0.257976195,52,15,"p","13",-0.0452771272443404,-0.0495468277945619
"512","B",4,3,"Eucalyptus","victrix","Evic","E VICT","C1","1","DES",24,8,6,1,41,"B4","Evic_C1_1_R41",1,0.257976195,36,30,"i","13",0.806378865979381,0.806990490876381
"513","B",4,3,"Eucalyptus","victrix","Evic","E VICT","C1","1","DES",24,8,6,1,41,"B4","Evic_C1_1_R41",1,0.257976195,30,15,"i","13",0.78146283683743,0.781562675660484
"514","B",4,3,"Eucalyptus","victrix","Evic","E VICT","C1","1","DES",24,8,6,1,41,"B4","Evic_C1_1_R41",1,0.257976195,36,30,"o","13",0.694998119593832,0.694843490095267
"515","B",4,3,"Eucalyptus","victrix","Evic","E VICT","C1","1","DES",24,8,6,1,41,"B4","Evic_C1_1_R41",1,0.257976195,44,120,"o","13",0.314472252448313,0.326946107784431
"516","B",4,3,"Eucalyptus","victrix","Evic","E VICT","C1","1","DES",24,8,6,1,41,"B4","Evic_C1_1_R41",1,0.257976195,48,60,"o","13",0,0.0114777618364419
"517","B",4,3,"Eucalyptus","victrix","Evic","E VICT","C1","1","DES",24,8,6,1,41,"B4","Evic_C1_1_R41",1,0.257976195,36,60,"o","13",0.594003241491086,0.598194488438391
"518","B",4,3,"Eucalyptus","victrix","Evic","E VICT","C1","1","DES",24,8,6,1,41,"B4","Evic_C1_1_R41",1,0.257976195,52,30,"p","13",-0.071559633027523,-0.0698829372117772
"519","B",4,3,"Eucalyptus","victrix","Evic","E VICT","C1","1","DES",24,8,6,1,41,"B4","Evic_C1_1_R41",1,0.257976195,36,5,"p","13",0.665833333333333,0.663399235753447
"520","B",4,3,"Eucalyptus","victrix","Evic","E VICT","C1","1","DES",24,8,6,1,41,"B4","Evic_C1_1_R41",1,0.257976195,36,15,"p","13",0.53976833976834,0.528237129485179
"521","B",5,2,"Eucalyptus","brevifolia","Ebre","E BREV","C1","1","GRASS",24,8,6,1,42,"B5","Ebre_C1_1_R42",1,0.341898291,48,15,"o","14",0.030690537084399,0.0289634146341464
"522","B",5,2,"Eucalyptus","brevifolia","Ebre","E BREV","C1","1","GRASS",24,8,6,1,42,"B5","Ebre_C1_1_R42",1,0.341898291,30,60,"o","14",0.684341859014348,0.68856783919598
"523","B",5,2,"Eucalyptus","brevifolia","Ebre","E BREV","C1","1","GRASS",24,8,6,1,42,"B5","Ebre_C1_1_R42",1,0.341898291,52,30,"i","14",0.726281892494427,0.727969348659004
"524","B",5,2,"Eucalyptus","brevifolia","Ebre","E BREV","C1","1","GRASS",24,8,6,1,42,"B5","Ebre_C1_1_R42",1,0.341898291,36,15,"p","14",0.353067814854682,0.355470412941677
"525","B",5,2,"Eucalyptus","brevifolia","Ebre","E BREV","C1","1","GRASS",24,8,6,1,42,"B5","Ebre_C1_1_R42",1,0.341898291,56,5,"p","14",-0.0632054176072236,-0.063879894024139
"526","B",5,2,"Eucalyptus","brevifolia","Ebre","E BREV","C1","1","GRASS",24,8,6,1,42,"B5","Ebre_C1_1_R42",1,0.341898291,30,120,"o","14",0.473684210526316,0.46958174904943
"527","B",5,2,"Eucalyptus","brevifolia","Ebre","E BREV","C1","1","GRASS",24,8,6,1,42,"B5","Ebre_C1_1_R42",1,0.341898291,36,120,"i","14",0.767777225261064,0.767460161322054
"528","B",5,2,"Eucalyptus","brevifolia","Ebre","E BREV","C1","1","GRASS",24,8,6,1,42,"B5","Ebre_C1_1_R42",1,0.341898291,30,120,"i","14",0.770580296896086,0.767805812839348
"529","B",5,2,"Eucalyptus","brevifolia","Ebre","E BREV","C1","1","GRASS",24,8,6,1,42,"B5","Ebre_C1_1_R42",1,0.341898291,52,60,"p","14",-0.068181818181818,-0.0668633235004916
"530","B",5,2,"Eucalyptus","brevifolia","Ebre","E BREV","C1","1","GRASS",24,8,6,1,42,"B5","Ebre_C1_1_R42",1,0.341898291,36,30,"i","14",0.785840262030738,0.786185831116366
"531","B",5,2,"Eucalyptus","brevifolia","Ebre","E BREV","C1","1","GRASS",24,8,6,1,42,"B5","Ebre_C1_1_R42",1,0.341898291,48,5,"p","14",0.135775862068966,0.148648648648649
"532","B",5,2,"Eucalyptus","brevifolia","Ebre","E BREV","C1","1","GRASS",24,8,6,1,42,"B5","Ebre_C1_1_R42",1,0.341898291,52,5,"p","14",-0.0693950177935943,-0.0654867256637169
"533","B",5,2,"Eucalyptus","brevifolia","Ebre","E BREV","C1","1","GRASS",24,8,6,1,42,"B5","Ebre_C1_1_R42",1,0.341898291,56,5,"i","14",0.797906802890606,0.798316860749584
"534","B",5,2,"Eucalyptus","brevifolia","Ebre","E BREV","C1","1","GRASS",24,8,6,1,42,"B5","Ebre_C1_1_R42",1,0.341898291,48,30,"o","14",-0.00357653791130186,-0.00565131393048892
"535","B",5,2,"Eucalyptus","brevifolia","Ebre","E BREV","C1","1","GRASS",24,8,6,1,42,"B5","Ebre_C1_1_R42",1,0.341898291,44,60,"o","14",0.269956458635704,0.266034578918014
"536","B",5,2,"Eucalyptus","brevifolia","Ebre","E BREV","C1","1","GRASS",24,8,6,1,42,"B5","Ebre_C1_1_R42",1,0.341898291,30,15,"o","14",0.635443986511802,0.646567851489423
"537","B",5,2,"Eucalyptus","brevifolia","Ebre","E BREV","C1","1","GRASS",24,8,6,1,42,"B5","Ebre_C1_1_R42",1,0.341898291,44,120,"p","14",0,0.0462962962962963
"538","B",5,2,"Eucalyptus","brevifolia","Ebre","E BREV","C1","1","GRASS",24,8,6,1,42,"B5","Ebre_C1_1_R42",1,0.341898291,44,15,"o","14",0.352272727272727,0.322791712104689
"539","B",5,2,"Eucalyptus","brevifolia","Ebre","E BREV","C1","1","GRASS",24,8,6,1,42,"B5","Ebre_C1_1_R42",1,0.341898291,30,60,"i","14",0.781367041198502,0.781427489587277
"540","B",5,2,"Eucalyptus","brevifolia","Ebre","E BREV","C1","1","GRASS",24,8,6,1,42,"B5","Ebre_C1_1_R42",1,0.341898291,36,30,"o","14",0.535060294774453,0.539620634639248
"541","B",5,2,"Eucalyptus","brevifolia","Ebre","E BREV","C1","1","GRASS",24,8,6,1,42,"B5","Ebre_C1_1_R42",1,0.341898291,36,5,"p","14",0.630162412993039,0.640006909656245
"542","B",5,2,"Eucalyptus","brevifolia","Ebre","E BREV","C1","1","GRASS",24,8,6,1,42,"B5","Ebre_C1_1_R42",1,0.341898291,48,15,"p","14",-0.0162337662337662,-0.0223499361430397
"543","B",5,2,"Eucalyptus","brevifolia","Ebre","E BREV","C1","1","GRASS",24,8,6,1,42,"B5","Ebre_C1_1_R42",1,0.341898291,56,15,"i","14",0.777089783281734,0.780668311280556
"544","B",5,2,"Eucalyptus","brevifolia","Ebre","E BREV","C1","1","GRASS",24,8,6,1,42,"B5","Ebre_C1_1_R42",1,0.341898291,48,60,"o","14",-0.0488215488215488,-0.0460081190798377
"545","B",5,2,"Eucalyptus","brevifolia","Ebre","E BREV","C1","1","GRASS",24,8,6,1,42,"B5","Ebre_C1_1_R42",1,0.341898291,44,120,"o","14",0.110112359550562,0.108444444444444
"546","B",5,2,"Eucalyptus","brevifolia","Ebre","E BREV","C1","1","GRASS",24,8,6,1,42,"B5","Ebre_C1_1_R42",1,0.341898291,30,30,"o","14",0.483428571428571,0.517729042836647
"547","B",5,2,"Eucalyptus","brevifolia","Ebre","E BREV","C1","1","GRASS",24,8,6,1,42,"B5","Ebre_C1_1_R42",1,0.341898291,52,60,"o","14",-0.0643410852713178,-0.0604898200059014
"548","B",5,2,"Eucalyptus","brevifolia","Ebre","E BREV","C1","1","GRASS",24,8,6,1,42,"B5","Ebre_C1_1_R42",1,0.341898291,48,30,"p","14",-0.070160608622147,-0.0718120805369128
"549","B",5,2,"Eucalyptus","brevifolia","Ebre","E BREV","C1","1","GRASS",24,8,6,1,42,"B5","Ebre_C1_1_R42",1,0.341898291,56,30,"i","14",0.766867800329128,0.766805600085498
"550","B",5,2,"Eucalyptus","brevifolia","Ebre","E BREV","C1","1","GRASS",24,8,6,1,42,"B5","Ebre_C1_1_R42",1,0.341898291,30,15,"i","14",0.774273652843308,0.772176442074649
"551","B",5,2,"Eucalyptus","brevifolia","Ebre","E BREV","C1","1","GRASS",24,8,6,1,42,"B5","Ebre_C1_1_R42",1,0.341898291,40,120,"p","14",0.371308016877637,0.36892797319933
"552","B",5,2,"Eucalyptus","brevifolia","Ebre","E BREV","C1","1","GRASS",24,8,6,1,42,"B5","Ebre_C1_1_R42",1,0.341898291,44,30,"i","14",0.762170790103751,0.765229568870661
"553","B",5,2,"Eucalyptus","brevifolia","Ebre","E BREV","C1","1","GRASS",24,8,6,1,42,"B5","Ebre_C1_1_R42",1,0.341898291,52,15,"p","14",-0.0557251908396947,-0.0567461515242981
"554","B",5,2,"Eucalyptus","brevifolia","Ebre","E BREV","C1","1","GRASS",24,8,6,1,42,"B5","Ebre_C1_1_R42",1,0.341898291,40,5,"p","14",0.606666666666667,0.604867431737238
"555","B",5,2,"Eucalyptus","brevifolia","Ebre","E BREV","C1","1","GRASS",24,8,6,1,42,"B5","Ebre_C1_1_R42",1,0.341898291,40,15,"i","14",0.76948717948718,0.769910615647283
"556","B",5,2,"Eucalyptus","brevifolia","Ebre","E BREV","C1","1","GRASS",24,8,6,1,42,"B5","Ebre_C1_1_R42",1,0.341898291,36,60,"o","14",0.599932363882313,0.596113809854268
"557","B",5,2,"Eucalyptus","brevifolia","Ebre","E BREV","C1","1","GRASS",24,8,6,1,42,"B5","Ebre_C1_1_R42",1,0.341898291,40,15,"o","14",0.740352548832778,0.747219885991963
"558","B",5,2,"Eucalyptus","brevifolia","Ebre","E BREV","C1","1","GRASS",24,8,6,1,42,"B5","Ebre_C1_1_R42",1,0.341898291,52,30,"p","14",-0.0778443113772455,-0.0757335448057098
"559","B",5,2,"Eucalyptus","brevifolia","Ebre","E BREV","C1","1","GRASS",24,8,6,1,42,"B5","Ebre_C1_1_R42",1,0.341898291,56,30,"p","14",-0.0592592592592593,-0.0577825929938605
"560","B",5,2,"Eucalyptus","brevifolia","Ebre","E BREV","C1","1","GRASS",24,8,6,1,42,"B5","Ebre_C1_1_R42",1,0.341898291,52,60,"i","14",0.797461797461797,0.798565573770492
"561","B",6,3,"Eucalyptus","cloeziana","Eclo","E CLOEZ","C11","2","SUB",24,8,6,1,43,"B6","Eclo_C11_2_R43",1,0.35587271,52,5,"p","15",-0.0457943925233645,-0.0543917677324513
"562","B",6,3,"Eucalyptus","cloeziana","Eclo","E CLOEZ","C11","2","SUB",24,8,6,1,43,"B6","Eclo_C11_2_R43",1,0.35587271,30,60,"o","15",0.54026402640264,0.530461621041331
"563","B",6,3,"Eucalyptus","cloeziana","Eclo","E CLOEZ","C11","2","SUB",24,8,6,1,43,"B6","Eclo_C11_2_R43",1,0.35587271,30,120,"o","15",0.578389830508475,0.56787617356001
"564","B",6,3,"Eucalyptus","cloeziana","Eclo","E CLOEZ","C11","2","SUB",24,8,6,1,43,"B6","Eclo_C11_2_R43",1,0.35587271,52,60,"i","15",0.776035285469248,0.777292576419214
"565","B",6,3,"Eucalyptus","cloeziana","Eclo","E CLOEZ","C11","2","SUB",24,8,6,1,43,"B6","Eclo_C11_2_R43",1,0.35587271,30,120,"i","15",0.744,0.74410613725303
"566","B",6,3,"Eucalyptus","cloeziana","Eclo","E CLOEZ","C11","2","SUB",24,8,6,1,43,"B6","Eclo_C11_2_R43",1,0.35587271,30,30,"o","15",0.362433862433862,0.368580060422961
"567","B",6,3,"Eucalyptus","cloeziana","Eclo","E CLOEZ","C11","2","SUB",24,8,6,1,43,"B6","Eclo_C11_2_R43",1,0.35587271,30,60,"i","15",0.763819095477387,0.765060240963855
"568","B",6,3,"Eucalyptus","cloeziana","Eclo","E CLOEZ","C11","2","SUB",24,8,6,1,43,"B6","Eclo_C11_2_R43",1,0.35587271,36,120,"i","15",0.736521542973156,0.73777737687173
"569","B",6,3,"Eucalyptus","cloeziana","Eclo","E CLOEZ","C11","2","SUB",24,8,6,1,43,"B6","Eclo_C11_2_R43",1,0.35587271,52,60,"p","15",-0.0822147651006712,-0.0766644250168125
"570","B",6,3,"Eucalyptus","cloeziana","Eclo","E CLOEZ","C11","2","SUB",24,8,6,1,43,"B6","Eclo_C11_2_R43",1,0.35587271,52,15,"p","15",-0.0552677029360967,-0.055163134880592
"571","B",6,3,"Eucalyptus","cloeziana","Eclo","E CLOEZ","C11","2","SUB",24,8,6,1,43,"B6","Eclo_C11_2_R43",1,0.35587271,56,15,"i","15",0.757063572149344,0.755195183530783
"572","B",6,3,"Eucalyptus","cloeziana","Eclo","E CLOEZ","C11","2","SUB",24,8,6,1,43,"B6","Eclo_C11_2_R43",1,0.35587271,52,30,"p","15",-0.0762004175365345,-0.0623217922606924
"573","B",6,3,"Eucalyptus","cloeziana","Eclo","E CLOEZ","C11","2","SUB",24,8,6,1,43,"B6","Eclo_C11_2_R43",1,0.35587271,36,60,"o","15",0.552708638360176,0.547720902788022
"574","B",6,3,"Eucalyptus","cloeziana","Eclo","E CLOEZ","C11","2","SUB",24,8,6,1,43,"B6","Eclo_C11_2_R43",1,0.35587271,52,60,"o","15",-0.0752941176470587,-0.0782986950217495
"575","B",6,3,"Eucalyptus","cloeziana","Eclo","E CLOEZ","C11","2","SUB",24,8,6,1,43,"B6","Eclo_C11_2_R43",1,0.35587271,52,30,"i","15",0.705651672433679,0.705420054200542
"576","B",6,3,"Eucalyptus","cloeziana","Eclo","E CLOEZ","C11","2","SUB",24,8,6,1,43,"B6","Eclo_C11_2_R43",1,0.35587271,56,5,"p","15",-0.0647887323943662,-0.0638838475499092
"577","B",6,3,"Eucalyptus","cloeziana","Eclo","E CLOEZ","C11","2","SUB",24,8,6,1,43,"B6","Eclo_C11_2_R43",1,0.35587271,56,30,"i","15",0.736767149299786,0.737161789066814
"578","B",6,3,"Eucalyptus","cloeziana","Eclo","E CLOEZ","C11","2","SUB",24,8,6,1,43,"B6","Eclo_C11_2_R43",1,0.35587271,48,60,"o","15",-0.0460992907801419,-0.0531468531468532
"579","B",6,3,"Eucalyptus","cloeziana","Eclo","E CLOEZ","C11","2","SUB",24,8,6,1,43,"B6","Eclo_C11_2_R43",1,0.35587271,40,5,"p","15",0.64069423929099,0.651625841569976
"580","B",6,3,"Eucalyptus","cloeziana","Eclo","E CLOEZ","C11","2","SUB",24,8,6,1,43,"B6","Eclo_C11_2_R43",1,0.35587271,36,30,"o","15",0.34826883910387,0.341637010676157
"581","B",6,3,"Eucalyptus","cloeziana","Eclo","E CLOEZ","C11","2","SUB",24,8,6,1,43,"B6","Eclo_C11_2_R43",1,0.35587271,48,30,"p","15",-0.0703851261620186,-0.0653728294177733
"582","B",6,3,"Eucalyptus","cloeziana","Eclo","E CLOEZ","C11","2","SUB",24,8,6,1,43,"B6","Eclo_C11_2_R43",1,0.35587271,56,30,"p","15",-0.0714285714285714,-0.0731250000000001
"583","B",6,3,"Eucalyptus","cloeziana","Eclo","E CLOEZ","C11","2","SUB",24,8,6,1,43,"B6","Eclo_C11_2_R43",1,0.35587271,40,15,"i","15",0.763482466747279,0.763412068470881
"584","B",6,3,"Eucalyptus","cloeziana","Eclo","E CLOEZ","C11","2","SUB",24,8,6,1,43,"B6","Eclo_C11_2_R43",1,0.35587271,30,15,"o","15",0.565543071161049,0.55318848758465
"585","B",6,3,"Eucalyptus","cloeziana","Eclo","E CLOEZ","C11","2","SUB",24,8,6,1,43,"B6","Eclo_C11_2_R43",1,0.35587271,48,15,"p","15",-0.0343406593406594,-0.0327868852459015
"586","B",6,3,"Eucalyptus","cloeziana","Eclo","E CLOEZ","C11","2","SUB",24,8,6,1,43,"B6","Eclo_C11_2_R43",1,0.35587271,48,5,"p","15",0.0337349397590363,0.0249307479224376
"587","B",6,3,"Eucalyptus","cloeziana","Eclo","E CLOEZ","C11","2","SUB",24,8,6,1,43,"B6","Eclo_C11_2_R43",1,0.35587271,44,30,"i","15",0.729455017301038,0.73190816835801
"588","B",6,3,"Eucalyptus","cloeziana","Eclo","E CLOEZ","C11","2","SUB",24,8,6,1,43,"B6","Eclo_C11_2_R43",1,0.35587271,40,15,"o","15",0.733540234981157,0.735836177474403
"589","B",6,3,"Eucalyptus","cloeziana","Eclo","E CLOEZ","C11","2","SUB",24,8,6,1,43,"B6","Eclo_C11_2_R43",1,0.35587271,36,30,"i","15",0.763252578556009,0.761579994316567
"590","B",6,3,"Eucalyptus","cloeziana","Eclo","E CLOEZ","C11","2","SUB",24,8,6,1,43,"B6","Eclo_C11_2_R43",1,0.35587271,44,60,"o","15",0.232307692307692,0.0808179162609542
"591","B",6,3,"Eucalyptus","cloeziana","Eclo","E CLOEZ","C11","2","SUB",24,8,6,1,43,"B6","Eclo_C11_2_R43",1,0.35587271,40,120,"p","15",0.313912009512485,0.315222272114953
"592","B",6,3,"Eucalyptus","cloeziana","Eclo","E CLOEZ","C11","2","SUB",24,8,6,1,43,"B6","Eclo_C11_2_R43",1,0.35587271,36,15,"p","15",0.576779026217229,0.554126918291165
"593","B",6,3,"Eucalyptus","cloeziana","Eclo","E CLOEZ","C11","2","SUB",24,8,6,1,43,"B6","Eclo_C11_2_R43",1,0.35587271,36,5,"p","15",0.346728971962617,0.327158060701616
"594","B",6,3,"Eucalyptus","cloeziana","Eclo","E CLOEZ","C11","2","SUB",24,8,6,1,43,"B6","Eclo_C11_2_R43",1,0.35587271,30,15,"i","15",0.751796837565884,0.752100840336134
"595","B",6,3,"Eucalyptus","cloeziana","Eclo","E CLOEZ","C11","2","SUB",24,8,6,1,43,"B6","Eclo_C11_2_R43",1,0.35587271,48,15,"o","15",-0.0105485232067511,-0.00997506234413973
"596","B",6,3,"Eucalyptus","cloeziana","Eclo","E CLOEZ","C11","2","SUB",24,8,6,1,43,"B6","Eclo_C11_2_R43",1,0.35587271,48,30,"o","15",-0.0187793427230047,-0.0175046554934823
"597","B",6,3,"Eucalyptus","cloeziana","Eclo","E CLOEZ","C11","2","SUB",24,8,6,1,43,"B6","Eclo_C11_2_R43",1,0.35587271,44,120,"p","15",0,-0.0161507402422611
"598","B",6,3,"Eucalyptus","cloeziana","Eclo","E CLOEZ","C11","2","SUB",24,8,6,1,43,"B6","Eclo_C11_2_R43",1,0.35587271,44,120,"o","15",0.050531914893617,0.0502673796791443
"599","B",6,3,"Eucalyptus","cloeziana","Eclo","E CLOEZ","C11","2","SUB",24,8,6,1,43,"B6","Eclo_C11_2_R43",1,0.35587271,56,5,"i","15",0.790846681922197,0.791142425767489
"600","B",6,3,"Eucalyptus","cloeziana","Eclo","E CLOEZ","C11","2","SUB",24,8,6,1,43,"B6","Eclo_C11_2_R43",1,0.35587271,44,15,"o","15",0.272727272727273,0.284110535405872
"601","B",7,2,"Eucalyptus","glaucescens","Egla","E GLAU","C7","1","TEMP",10,4,4,1,44,"B7","Egla_C7_1_R44",1,0.360910752,40,120,"p","16",0.333333333333333,0.331761932822628
"602","B",7,2,"Eucalyptus","glaucescens","Egla","E GLAU","C7","1","TEMP",10,4,4,1,44,"B7","Egla_C7_1_R44",1,0.360910752,56,5,"p","16",-0.0875370919881306,-0.0755319148936169
"603","B",7,2,"Eucalyptus","glaucescens","Egla","E GLAU","C7","1","TEMP",10,4,4,1,44,"B7","Egla_C7_1_R44",1,0.360910752,40,15,"i","16",0.759759036144578,0.761099365750529
"604","B",7,2,"Eucalyptus","glaucescens","Egla","E GLAU","C7","1","TEMP",10,4,4,1,44,"B7","Egla_C7_1_R44",1,0.360910752,40,15,"o","16",0.702090592334495,0.702475343260491
"605","B",7,2,"Eucalyptus","glaucescens","Egla","E GLAU","C7","1","TEMP",10,4,4,1,44,"B7","Egla_C7_1_R44",1,0.360910752,40,5,"p","16",0.544233807266983,0.510656080234016
"606","B",7,2,"Eucalyptus","glaucescens","Egla","E GLAU","C7","1","TEMP",10,4,4,1,44,"B7","Egla_C7_1_R44",1,0.360910752,30,60,"o","16",0.506564056133997,0.511215440792906
"607","B",7,2,"Eucalyptus","glaucescens","Egla","E GLAU","C7","1","TEMP",10,4,4,1,44,"B7","Egla_C7_1_R44",1,0.360910752,44,120,"o","16",0.128256513026052,0.0643513789581204
"608","B",7,2,"Eucalyptus","glaucescens","Egla","E GLAU","C7","1","TEMP",10,4,4,1,44,"B7","Egla_C7_1_R44",1,0.360910752,48,15,"o","16",-0.0154639175257732,0.0148514851485149
"609","B",7,2,"Eucalyptus","glaucescens","Egla","E GLAU","C7","1","TEMP",10,4,4,1,44,"B7","Egla_C7_1_R44",1,0.360910752,52,60,"i","16",0.794068082237951,0.798472075869336
"610","B",7,2,"Eucalyptus","glaucescens","Egla","E GLAU","C7","1","TEMP",10,4,4,1,44,"B7","Egla_C7_1_R44",1,0.360910752,48,30,"o","16",-0.0771653543307087,-0.0724808485562758
"611","B",7,2,"Eucalyptus","glaucescens","Egla","E GLAU","C7","1","TEMP",10,4,4,1,44,"B7","Egla_C7_1_R44",1,0.360910752,30,30,"o","16",0.63833380242049,0.638818191877836
"612","B",7,2,"Eucalyptus","glaucescens","Egla","E GLAU","C7","1","TEMP",10,4,4,1,44,"B7","Egla_C7_1_R44",1,0.360910752,56,5,"i","16",0.795923502767992,0.797316242739836
"613","B",7,2,"Eucalyptus","glaucescens","Egla","E GLAU","C7","1","TEMP",10,4,4,1,44,"B7","Egla_C7_1_R44",1,0.360910752,30,120,"o","16",0.543818095689247,0.541229978247973
"614","B",7,2,"Eucalyptus","glaucescens","Egla","E GLAU","C7","1","TEMP",10,4,4,1,44,"B7","Egla_C7_1_R44",1,0.360910752,30,15,"i","16",0.771939183782342,0.772526001441664
"615","B",7,2,"Eucalyptus","glaucescens","Egla","E GLAU","C7","1","TEMP",10,4,4,1,44,"B7","Egla_C7_1_R44",1,0.360910752,48,5,"p","16",-0.00994035785288271,0.00814111261872463
"616","B",7,2,"Eucalyptus","glaucescens","Egla","E GLAU","C7","1","TEMP",10,4,4,1,44,"B7","Egla_C7_1_R44",1,0.360910752,36,60,"o","16",0.625121398510845,0.643930215653017
"617","B",7,2,"Eucalyptus","glaucescens","Egla","E GLAU","C7","1","TEMP",10,4,4,1,44,"B7","Egla_C7_1_R44",1,0.360910752,30,15,"o","16",0.764382907615183,0.7680300335902
"618","B",7,2,"Eucalyptus","glaucescens","Egla","E GLAU","C7","1","TEMP",10,4,4,1,44,"B7","Egla_C7_1_R44",1,0.360910752,52,60,"o","16",-0.0675909878682842,-0.056317689530686
"619","B",7,2,"Eucalyptus","glaucescens","Egla","E GLAU","C7","1","TEMP",10,4,4,1,44,"B7","Egla_C7_1_R44",1,0.360910752,48,60,"o","16",-0.0591133004926108,-0.0657142857142857
"620","B",7,2,"Eucalyptus","glaucescens","Egla","E GLAU","C7","1","TEMP",10,4,4,1,44,"B7","Egla_C7_1_R44",1,0.360910752,52,60,"p","16",-0.115485564304462,-0.0897571277719112
"621","B",7,2,"Eucalyptus","glaucescens","Egla","E GLAU","C7","1","TEMP",10,4,4,1,44,"B7","Egla_C7_1_R44",1,0.360910752,36,120,"i","16",0.773144286905755,0.767180616740088
"622","B",7,2,"Eucalyptus","glaucescens","Egla","E GLAU","C7","1","TEMP",10,4,4,1,44,"B7","Egla_C7_1_R44",1,0.360910752,52,30,"p","16",-0.090289608177172,-0.108993902439025
"623","B",7,2,"Eucalyptus","glaucescens","Egla","E GLAU","C7","1","TEMP",10,4,4,1,44,"B7","Egla_C7_1_R44",1,0.360910752,52,5,"p","16",-0.0604395604395605,-0.0593900481540931
"624","B",7,2,"Eucalyptus","glaucescens","Egla","E GLAU","C7","1","TEMP",10,4,4,1,44,"B7","Egla_C7_1_R44",1,0.360910752,52,15,"p","16",-0.118598382749326,-0.120726495726496
"625","B",7,2,"Eucalyptus","glaucescens","Egla","E GLAU","C7","1","TEMP",10,4,4,1,44,"B7","Egla_C7_1_R44",1,0.360910752,36,30,"o","16",0.704830917874396,0.704166666666667
"626","B",7,2,"Eucalyptus","glaucescens","Egla","E GLAU","C7","1","TEMP",10,4,4,1,44,"B7","Egla_C7_1_R44",1,0.360910752,30,120,"i","16",0.752037864843545,0.745297407219115
"627","B",7,2,"Eucalyptus","glaucescens","Egla","E GLAU","C7","1","TEMP",10,4,4,1,44,"B7","Egla_C7_1_R44",1,0.360910752,52,30,"i","16",0.695706753703239,0.692035049719405
"628","B",7,2,"Eucalyptus","glaucescens","Egla","E GLAU","C7","1","TEMP",10,4,4,1,44,"B7","Egla_C7_1_R44",1,0.360910752,44,30,"i","16",0.737792830934237,0.736294092647684
"629","B",7,2,"Eucalyptus","glaucescens","Egla","E GLAU","C7","1","TEMP",10,4,4,1,44,"B7","Egla_C7_1_R44",1,0.360910752,36,30,"i","16",0.788479923518164,0.787085681535963
"630","B",7,2,"Eucalyptus","glaucescens","Egla","E GLAU","C7","1","TEMP",10,4,4,1,44,"B7","Egla_C7_1_R44",1,0.360910752,44,60,"o","16",0.0621572212065814,-0.0235888795282225
"631","B",7,2,"Eucalyptus","glaucescens","Egla","E GLAU","C7","1","TEMP",10,4,4,1,44,"B7","Egla_C7_1_R44",1,0.360910752,44,120,"p","16",0.0309597523219814,0.00439238653001468
"632","B",7,2,"Eucalyptus","glaucescens","Egla","E GLAU","C7","1","TEMP",10,4,4,1,44,"B7","Egla_C7_1_R44",1,0.360910752,56,30,"i","16",0.760010970927043,0.760977674320178
"633","B",7,2,"Eucalyptus","glaucescens","Egla","E GLAU","C7","1","TEMP",10,4,4,1,44,"B7","Egla_C7_1_R44",1,0.360910752,56,30,"p","16",-0.101036269430052,-0.0744138634046889
"634","B",7,2,"Eucalyptus","glaucescens","Egla","E GLAU","C7","1","TEMP",10,4,4,1,44,"B7","Egla_C7_1_R44",1,0.360910752,30,60,"i","16",0.758308157099698,0.759488132997922
"635","B",7,2,"Eucalyptus","glaucescens","Egla","E GLAU","C7","1","TEMP",10,4,4,1,44,"B7","Egla_C7_1_R44",1,0.360910752,48,30,"p","16",-0.0856643356643357,-0.06146408839779
"636","B",7,2,"Eucalyptus","glaucescens","Egla","E GLAU","C7","1","TEMP",10,4,4,1,44,"B7","Egla_C7_1_R44",1,0.360910752,44,15,"o","16",0.329015544041451,0.26
"637","B",7,2,"Eucalyptus","glaucescens","Egla","E GLAU","C7","1","TEMP",10,4,4,1,44,"B7","Egla_C7_1_R44",1,0.360910752,56,15,"i","16",0.780542986425339,0.782758620689655
"638","B",7,2,"Eucalyptus","glaucescens","Egla","E GLAU","C7","1","TEMP",10,4,4,1,44,"B7","Egla_C7_1_R44",1,0.360910752,48,15,"p","16",-0.0257826887661142,-0.0279169649248389
"639","B",7,2,"Eucalyptus","glaucescens","Egla","E GLAU","C7","1","TEMP",10,4,4,1,44,"B7","Egla_C7_1_R44",1,0.360910752,36,15,"p","16",0.599153886832364,0.604813824315984
"640","B",7,2,"Eucalyptus","glaucescens","Egla","E GLAU","C7","1","TEMP",10,4,4,1,44,"B7","Egla_C7_1_R44",1,0.360910752,36,5,"p","16",0.63384030418251,0.625621292287959
"641","B",8,3,"Eucalyptus","leptophleba","Elep","E LEPT","C1","2","COSMO",24,8,6,1,45,"B8","Elep_C1_2_R45",1,0.375149513,40,5,"p","17",0.502194907813872,0.495145631067961
"642","B",8,3,"Eucalyptus","leptophleba","Elep","E LEPT","C1","2","COSMO",24,8,6,1,45,"B8","Elep_C1_2_R45",1,0.375149513,30,60,"i","17",0.656436487638534,0.662402392423991
"643","B",8,3,"Eucalyptus","leptophleba","Elep","E LEPT","C1","2","COSMO",24,8,6,1,45,"B8","Elep_C1_2_R45",1,0.375149513,52,60,"i","17",0.705210772833724,0.654647819837087
"644","B",8,3,"Eucalyptus","leptophleba","Elep","E LEPT","C1","2","COSMO",24,8,6,1,45,"B8","Elep_C1_2_R45",1,0.375149513,52,30,"i","17",0.600911002102313,0.630062516988312
"645","B",8,3,"Eucalyptus","leptophleba","Elep","E LEPT","C1","2","COSMO",24,8,6,1,45,"B8","Elep_C1_2_R45",1,0.375149513,30,60,"o","17",0.48469387755102,0.451298701298701
"646","B",8,3,"Eucalyptus","leptophleba","Elep","E LEPT","C1","2","COSMO",24,8,6,1,45,"B8","Elep_C1_2_R45",1,0.375149513,44,60,"o","17",0.488164124145187,0.483027619650011
"647","B",8,3,"Eucalyptus","leptophleba","Elep","E LEPT","C1","2","COSMO",24,8,6,1,45,"B8","Elep_C1_2_R45",1,0.375149513,40,120,"p","17",0.33767926988266,0.344901227976508
"648","B",8,3,"Eucalyptus","leptophleba","Elep","E LEPT","C1","2","COSMO",24,8,6,1,45,"B8","Elep_C1_2_R45",1,0.375149513,52,30,"p","17",-0.102255639097744,-0.104919976289271
"649","B",8,3,"Eucalyptus","leptophleba","Elep","E LEPT","C1","2","COSMO",24,8,6,1,45,"B8","Elep_C1_2_R45",1,0.375149513,40,15,"o","17",0.665083135391924,0.662620689655172
"650","B",8,3,"Eucalyptus","leptophleba","Elep","E LEPT","C1","2","COSMO",24,8,6,1,45,"B8","Elep_C1_2_R45",1,0.375149513,40,15,"i","17",0.652390057361377,0.651568975725281
"651","B",8,3,"Eucalyptus","leptophleba","Elep","E LEPT","C1","2","COSMO",24,8,6,1,45,"B8","Elep_C1_2_R45",1,0.375149513,48,30,"p","17",-0.0409145607701564,-0.0552064631956912
"652","B",8,3,"Eucalyptus","leptophleba","Elep","E LEPT","C1","2","COSMO",24,8,6,1,45,"B8","Elep_C1_2_R45",1,0.375149513,36,120,"i","17",0.677318513372699,0.640806184428493
"653","B",8,3,"Eucalyptus","leptophleba","Elep","E LEPT","C1","2","COSMO",24,8,6,1,45,"B8","Elep_C1_2_R45",1,0.375149513,30,30,"o","17",0.421409214092141,0.418686336494556
"654","B",8,3,"Eucalyptus","leptophleba","Elep","E LEPT","C1","2","COSMO",24,8,6,1,45,"B8","Elep_C1_2_R45",1,0.375149513,30,15,"o","17",0.501063377286261,0.500917125229281
"655","B",8,3,"Eucalyptus","leptophleba","Elep","E LEPT","C1","2","COSMO",24,8,6,1,45,"B8","Elep_C1_2_R45",1,0.375149513,56,15,"i","17",0.705633802816901,0.633800670527278
"656","B",8,3,"Eucalyptus","leptophleba","Elep","E LEPT","C1","2","COSMO",24,8,6,1,45,"B8","Elep_C1_2_R45",1,0.375149513,56,30,"i","17",0.593416370106762,0.615411558669002
"657","B",8,3,"Eucalyptus","leptophleba","Elep","E LEPT","C1","2","COSMO",24,8,6,1,45,"B8","Elep_C1_2_R45",1,0.375149513,48,5,"p","17",0.177272727272727,0.167054714784633
"658","B",8,3,"Eucalyptus","leptophleba","Elep","E LEPT","C1","2","COSMO",24,8,6,1,45,"B8","Elep_C1_2_R45",1,0.375149513,48,30,"o","17",-0.0127853881278539,-0.00166057788110265
"659","B",8,3,"Eucalyptus","leptophleba","Elep","E LEPT","C1","2","COSMO",24,8,6,1,45,"B8","Elep_C1_2_R45",1,0.375149513,48,60,"o","17",-0.0184331797235023,-0.0240833932422717
"660","B",8,3,"Eucalyptus","leptophleba","Elep","E LEPT","C1","2","COSMO",24,8,6,1,45,"B8","Elep_C1_2_R45",1,0.375149513,52,15,"p","17",-0.0492170022371365,-0.0546769091730683
"661","B",8,3,"Eucalyptus","leptophleba","Elep","E LEPT","C1","2","COSMO",24,8,6,1,45,"B8","Elep_C1_2_R45",1,0.375149513,56,5,"p","17",-0.0674285714285715,-0.0669061517736867
"662","B",8,3,"Eucalyptus","leptophleba","Elep","E LEPT","C1","2","COSMO",24,8,6,1,45,"B8","Elep_C1_2_R45",1,0.375149513,52,5,"p","17",-0.043609022556391,-0.0483383685800605
"663","B",8,3,"Eucalyptus","leptophleba","Elep","E LEPT","C1","2","COSMO",24,8,6,1,45,"B8","Elep_C1_2_R45",1,0.375149513,52,60,"p","17",-0.088379705400982,-0.0643939393939394
"664","B",8,3,"Eucalyptus","leptophleba","Elep","E LEPT","C1","2","COSMO",24,8,6,1,45,"B8","Elep_C1_2_R45",1,0.375149513,44,30,"i","17",0.54059652029826,0.531443466927338
"665","B",8,3,"Eucalyptus","leptophleba","Elep","E LEPT","C1","2","COSMO",24,8,6,1,45,"B8","Elep_C1_2_R45",1,0.375149513,30,15,"i","17",0.609184629803187,0.640242363039636
"666","B",8,3,"Eucalyptus","leptophleba","Elep","E LEPT","C1","2","COSMO",24,8,6,1,45,"B8","Elep_C1_2_R45",1,0.375149513,44,120,"o","17",0.25027808676307,0.245202558635394
"667","B",8,3,"Eucalyptus","leptophleba","Elep","E LEPT","C1","2","COSMO",24,8,6,1,45,"B8","Elep_C1_2_R45",1,0.375149513,48,15,"p","17",0.00414250207125104,0.0178571428571428
"668","B",8,3,"Eucalyptus","leptophleba","Elep","E LEPT","C1","2","COSMO",24,8,6,1,45,"B8","Elep_C1_2_R45",1,0.375149513,52,60,"o","17",-0.0704041720990874,-0.0753180661577608
"669","B",8,3,"Eucalyptus","leptophleba","Elep","E LEPT","C1","2","COSMO",24,8,6,1,45,"B8","Elep_C1_2_R45",1,0.375149513,30,120,"o","17",0.385078219013237,0.387794329649207
"670","B",8,3,"Eucalyptus","leptophleba","Elep","E LEPT","C1","2","COSMO",24,8,6,1,45,"B8","Elep_C1_2_R45",1,0.375149513,56,5,"i","17",0.695969289827255,0.682677874512159
"671","B",8,3,"Eucalyptus","leptophleba","Elep","E LEPT","C1","2","COSMO",24,8,6,1,45,"B8","Elep_C1_2_R45",1,0.375149513,36,60,"o","17",0.561659192825112,0.568412162162162
"672","B",8,3,"Eucalyptus","leptophleba","Elep","E LEPT","C1","2","COSMO",24,8,6,1,45,"B8","Elep_C1_2_R45",1,0.375149513,48,15,"o","17",0.0405643738977072,0.0413962855224881
"673","B",8,3,"Eucalyptus","leptophleba","Elep","E LEPT","C1","2","COSMO",24,8,6,1,45,"B8","Elep_C1_2_R45",1,0.375149513,44,15,"o","17",0.476807639836289,0.466357308584687
"674","B",8,3,"Eucalyptus","leptophleba","Elep","E LEPT","C1","2","COSMO",24,8,6,1,45,"B8","Elep_C1_2_R45",1,0.375149513,36,30,"o","17",0.594186485466214,0.5938995215311
"675","B",8,3,"Eucalyptus","leptophleba","Elep","E LEPT","C1","2","COSMO",24,8,6,1,45,"B8","Elep_C1_2_R45",1,0.375149513,36,5,"p","17",0.383906931652933,0.400159267370098
"676","B",8,3,"Eucalyptus","leptophleba","Elep","E LEPT","C1","2","COSMO",24,8,6,1,45,"B8","Elep_C1_2_R45",1,0.375149513,36,15,"p","17",0.416901408450704,0.430560782837787
"677","B",8,3,"Eucalyptus","leptophleba","Elep","E LEPT","C1","2","COSMO",24,8,6,1,45,"B8","Elep_C1_2_R45",1,0.375149513,30,120,"i","17",0.68360433604336,0.678674351585014
"678","B",8,3,"Eucalyptus","leptophleba","Elep","E LEPT","C1","2","COSMO",24,8,6,1,45,"B8","Elep_C1_2_R45",1,0.375149513,36,30,"i","17",0.75,0.74524511117064
"679","B",8,3,"Eucalyptus","leptophleba","Elep","E LEPT","C1","2","COSMO",24,8,6,1,45,"B8","Elep_C1_2_R45",1,0.375149513,56,30,"p","17",-0.0546218487394958,-0.0649064906490649
"680","B",8,3,"Eucalyptus","leptophleba","Elep","E LEPT","C1","2","COSMO",24,8,6,1,45,"B8","Elep_C1_2_R45",1,0.375149513,44,120,"p","17",0.121621621621622,0.0942084942084941
"681","B",9,2,"Eucalyptus","striaticalyx","Estr","E STRI","C1","2","DES",13,5,5,1,46,"B9","Estr_C1_2_R46",1,0.378037791,36,120,"i","18",0.774470367390721,0.77208968977168
"682","B",9,2,"Eucalyptus","striaticalyx","Estr","E STRI","C1","2","DES",13,5,5,1,46,"B9","Estr_C1_2_R46",1,0.378037791,48,30,"o","18",0.0171568627450982,0.0233463035019455
"683","B",9,2,"Eucalyptus","striaticalyx","Estr","E STRI","C1","2","DES",13,5,5,1,46,"B9","Estr_C1_2_R46",1,0.378037791,48,15,"p","18",-0.0671563483735572,-0.0629067245119306
"684","B",9,2,"Eucalyptus","striaticalyx","Estr","E STRI","C1","2","DES",13,5,5,1,46,"B9","Estr_C1_2_R46",1,0.378037791,52,30,"i","18",0.761133603238866,0.758397795909717
"685","B",9,2,"Eucalyptus","striaticalyx","Estr","E STRI","C1","2","DES",13,5,5,1,46,"B9","Estr_C1_2_R46",1,0.378037791,30,60,"o","18",0.724301397205589,0.722389802471538
"686","B",9,2,"Eucalyptus","striaticalyx","Estr","E STRI","C1","2","DES",13,5,5,1,46,"B9","Estr_C1_2_R46",1,0.378037791,52,60,"i","18",0.823980942297512,0.82216441207076
"687","B",9,2,"Eucalyptus","striaticalyx","Estr","E STRI","C1","2","DES",13,5,5,1,46,"B9","Estr_C1_2_R46",1,0.378037791,30,120,"o","18",0.708853575482406,0.7135672898218
"688","B",9,2,"Eucalyptus","striaticalyx","Estr","E STRI","C1","2","DES",13,5,5,1,46,"B9","Estr_C1_2_R46",1,0.378037791,52,30,"p","18",-0.081419624217119,-0.0802069857697283
"689","B",9,2,"Eucalyptus","striaticalyx","Estr","E STRI","C1","2","DES",13,5,5,1,46,"B9","Estr_C1_2_R46",1,0.378037791,52,5,"p","18",-0.0439121756487026,-0.0419876733436055
"690","B",9,2,"Eucalyptus","striaticalyx","Estr","E STRI","C1","2","DES",13,5,5,1,46,"B9","Estr_C1_2_R46",1,0.378037791,30,60,"i","18",0.779380902413431,0.77980522808816
"691","B",9,2,"Eucalyptus","striaticalyx","Estr","E STRI","C1","2","DES",13,5,5,1,46,"B9","Estr_C1_2_R46",1,0.378037791,52,60,"p","18",-0.0690537084398975,-0.0687098368759269
"692","B",9,2,"Eucalyptus","striaticalyx","Estr","E STRI","C1","2","DES",13,5,5,1,46,"B9","Estr_C1_2_R46",1,0.378037791,56,30,"i","18",0.77070938215103,0.771546857357922
"693","B",9,2,"Eucalyptus","striaticalyx","Estr","E STRI","C1","2","DES",13,5,5,1,46,"B9","Estr_C1_2_R46",1,0.378037791,56,30,"p","18",-0.0759330759330758,-0.0673076923076922
"694","B",9,2,"Eucalyptus","striaticalyx","Estr","E STRI","C1","2","DES",13,5,5,1,46,"B9","Estr_C1_2_R46",1,0.378037791,40,15,"i","18",0.77361357305647,0.776484996938151
"695","B",9,2,"Eucalyptus","striaticalyx","Estr","E STRI","C1","2","DES",13,5,5,1,46,"B9","Estr_C1_2_R46",1,0.378037791,30,120,"i","18",0.7880207049544,0.787391081496668
"696","B",9,2,"Eucalyptus","striaticalyx","Estr","E STRI","C1","2","DES",13,5,5,1,46,"B9","Estr_C1_2_R46",1,0.378037791,44,120,"o","18",0.29951690821256,0.271917808219178
"697","B",9,2,"Eucalyptus","striaticalyx","Estr","E STRI","C1","2","DES",13,5,5,1,46,"B9","Estr_C1_2_R46",1,0.378037791,56,15,"i","18",0.796002351557907,0.800500653025686
"698","B",9,2,"Eucalyptus","striaticalyx","Estr","E STRI","C1","2","DES",13,5,5,1,46,"B9","Estr_C1_2_R46",1,0.378037791,52,60,"o","18",-0.0643738977072311,-0.0679847381200139
"699","B",9,2,"Eucalyptus","striaticalyx","Estr","E STRI","C1","2","DES",13,5,5,1,46,"B9","Estr_C1_2_R46",1,0.378037791,30,30,"o","18",0.725739563173901,0.744399596367306
"700","B",9,2,"Eucalyptus","striaticalyx","Estr","E STRI","C1","2","DES",13,5,5,1,46,"B9","Estr_C1_2_R46",1,0.378037791,36,30,"i","18",0.802724652868745,0.805995760573332
"701","B",9,2,"Eucalyptus","striaticalyx","Estr","E STRI","C1","2","DES",13,5,5,1,46,"B9","Estr_C1_2_R46",1,0.378037791,56,5,"p","18",-0.0746421267893661,-0.0682907348242812
"702","B",9,2,"Eucalyptus","striaticalyx","Estr","E STRI","C1","2","DES",13,5,5,1,46,"B9","Estr_C1_2_R46",1,0.378037791,48,30,"p","18",-0.0476190476190477,-0.0410519563822964
"703","B",9,2,"Eucalyptus","striaticalyx","Estr","E STRI","C1","2","DES",13,5,5,1,46,"B9","Estr_C1_2_R46",1,0.378037791,48,15,"o","18",-0.0482815057283141,-0.0416129032258064
"704","B",9,2,"Eucalyptus","striaticalyx","Estr","E STRI","C1","2","DES",13,5,5,1,46,"B9","Estr_C1_2_R46",1,0.378037791,40,120,"p","18",0.60009741841208,0.58357172047405
"705","B",9,2,"Eucalyptus","striaticalyx","Estr","E STRI","C1","2","DES",13,5,5,1,46,"B9","Estr_C1_2_R46",1,0.378037791,44,15,"o","18",0.428745432399513,0.402731983042864
"706","B",9,2,"Eucalyptus","striaticalyx","Estr","E STRI","C1","2","DES",13,5,5,1,46,"B9","Estr_C1_2_R46",1,0.378037791,56,5,"i","18",0.811643835616438,0.81084792310333
"707","B",9,2,"Eucalyptus","striaticalyx","Estr","E STRI","C1","2","DES",13,5,5,1,46,"B9","Estr_C1_2_R46",1,0.378037791,36,5,"p","18",0.70060281312793,0.705661355097811
"708","B",9,2,"Eucalyptus","striaticalyx","Estr","E STRI","C1","2","DES",13,5,5,1,46,"B9","Estr_C1_2_R46",1,0.378037791,30,15,"o","18",0.744,0.745805843543827
"709","B",9,2,"Eucalyptus","striaticalyx","Estr","E STRI","C1","2","DES",13,5,5,1,46,"B9","Estr_C1_2_R46",1,0.378037791,44,30,"i","18",0.776499589153656,0.77649449256764
"710","B",9,2,"Eucalyptus","striaticalyx","Estr","E STRI","C1","2","DES",13,5,5,1,46,"B9","Estr_C1_2_R46",1,0.378037791,44,120,"p","18",0.172106824925816,0.176755447941889
"711","B",9,2,"Eucalyptus","striaticalyx","Estr","E STRI","C1","2","DES",13,5,5,1,46,"B9","Estr_C1_2_R46",1,0.378037791,44,60,"o","18",0.123188405797101,0.145787545787546
"712","B",9,2,"Eucalyptus","striaticalyx","Estr","E STRI","C1","2","DES",13,5,5,1,46,"B9","Estr_C1_2_R46",1,0.378037791,40,15,"o","18",0.763147082990961,0.765608926169186
"713","B",9,2,"Eucalyptus","striaticalyx","Estr","E STRI","C1","2","DES",13,5,5,1,46,"B9","Estr_C1_2_R46",1,0.378037791,48,60,"o","18",-0.0482954545454545,-0.0470523110988097
"714","B",9,2,"Eucalyptus","striaticalyx","Estr","E STRI","C1","2","DES",13,5,5,1,46,"B9","Estr_C1_2_R46",1,0.378037791,48,5,"p","18",0.10625,0.114214773432651
"715","B",9,2,"Eucalyptus","striaticalyx","Estr","E STRI","C1","2","DES",13,5,5,1,46,"B9","Estr_C1_2_R46",1,0.378037791,30,15,"i","18",0.790890790135883,0.791196941476326
"716","B",9,2,"Eucalyptus","striaticalyx","Estr","E STRI","C1","2","DES",13,5,5,1,46,"B9","Estr_C1_2_R46",1,0.378037791,40,5,"p","18",0.683290707587383,0.696784073506891
"717","B",9,2,"Eucalyptus","striaticalyx","Estr","E STRI","C1","2","DES",13,5,5,1,46,"B9","Estr_C1_2_R46",1,0.378037791,52,15,"p","18",-0.0689655172413793,-0.0709219858156029
"718","B",9,2,"Eucalyptus","striaticalyx","Estr","E STRI","C1","2","DES",13,5,5,1,46,"B9","Estr_C1_2_R46",1,0.378037791,36,15,"p","18",0.507474429583005,0.517933130699088
"719","B",9,2,"Eucalyptus","striaticalyx","Estr","E STRI","C1","2","DES",13,5,5,1,46,"B9","Estr_C1_2_R46",1,0.378037791,36,60,"o","18",0.645281149368343,0.650135172928125
"720","B",9,2,"Eucalyptus","striaticalyx","Estr","E STRI","C1","2","DES",13,5,5,1,46,"B9","Estr_C1_2_R46",1,0.378037791,36,30,"o","18",0.702993315896542,0.70292333149476
"721","C",1,3,"Corymbia","polycarpa","Cpol","C POLY","C7","1","TROP",24,8,6,1,47,"C1","Cpol_C7_1_R47",1,0.387054327,36,120,"i","19",0.720537428023033,0.735829198616749
"722","C",1,3,"Corymbia","polycarpa","Cpol","C POLY","C7","1","TROP",24,8,6,1,47,"C1","Cpol_C7_1_R47",1,0.387054327,48,30,"o","19",0,-0.00664621676891629
"723","C",1,3,"Corymbia","polycarpa","Cpol","C POLY","C7","1","TROP",24,8,6,1,47,"C1","Cpol_C7_1_R47",1,0.387054327,40,120,"p","19",0.0271084337349397,-0.00750000000000006
"724","C",1,3,"Corymbia","polycarpa","Cpol","C POLY","C7","1","TROP",24,8,6,1,47,"C1","Cpol_C7_1_R47",1,0.387054327,52,60,"i","19",0.803975325565456,0.803959044368601
"725","C",1,3,"Corymbia","polycarpa","Cpol","C POLY","C7","1","TROP",24,8,6,1,47,"C1","Cpol_C7_1_R47",1,0.387054327,56,5,"p","19",-0.0796992481203007,-0.0856144437973208
"726","C",1,3,"Corymbia","polycarpa","Cpol","C POLY","C7","1","TROP",24,8,6,1,47,"C1","Cpol_C7_1_R47",1,0.387054327,30,60,"o","19",0.328460038986355,0.329892966360856
"727","C",1,3,"Corymbia","polycarpa","Cpol","C POLY","C7","1","TROP",24,8,6,1,47,"C1","Cpol_C7_1_R47",1,0.387054327,44,60,"o","19",-0.0380761523046092,-0.0518248175182482
"728","C",1,3,"Corymbia","polycarpa","Cpol","C POLY","C7","1","TROP",24,8,6,1,47,"C1","Cpol_C7_1_R47",1,0.387054327,44,30,"i","19",0.752162242767671,0.74073275862069
"729","C",1,3,"Corymbia","polycarpa","Cpol","C POLY","C7","1","TROP",24,8,6,1,47,"C1","Cpol_C7_1_R47",1,0.387054327,56,30,"i","19",0.772103415256942,0.774181166837257
"730","C",1,3,"Corymbia","polycarpa","Cpol","C POLY","C7","1","TROP",24,8,6,1,47,"C1","Cpol_C7_1_R47",1,0.387054327,36,60,"o","19",0.619094008767657,0.602824530857032
"731","C",1,3,"Corymbia","polycarpa","Cpol","C POLY","C7","1","TROP",24,8,6,1,47,"C1","Cpol_C7_1_R47",1,0.387054327,52,60,"p","19",-0.106753812636165,-0.106047326906223
"732","C",1,3,"Corymbia","polycarpa","Cpol","C POLY","C7","1","TROP",24,8,6,1,47,"C1","Cpol_C7_1_R47",1,0.387054327,48,60,"o","19",-0.0868924889543447,-0.0757918552036199
"733","C",1,3,"Corymbia","polycarpa","Cpol","C POLY","C7","1","TROP",24,8,6,1,47,"C1","Cpol_C7_1_R47",1,0.387054327,52,15,"p","19",-0.0731261425959781,-0.05848787446505
"734","C",1,3,"Corymbia","polycarpa","Cpol","C POLY","C7","1","TROP",24,8,6,1,47,"C1","Cpol_C7_1_R47",1,0.387054327,52,5,"p","19",-0.0628019323671498,-0.056179775280899
"735","C",1,3,"Corymbia","polycarpa","Cpol","C POLY","C7","1","TROP",24,8,6,1,47,"C1","Cpol_C7_1_R47",1,0.387054327,52,30,"i","19",0.63373682155408,0.634390651085142
"736","C",1,3,"Corymbia","polycarpa","Cpol","C POLY","C7","1","TROP",24,8,6,1,47,"C1","Cpol_C7_1_R47",1,0.387054327,56,5,"i","19",0.758854559155991,0.764866091693146
"737","C",1,3,"Corymbia","polycarpa","Cpol","C POLY","C7","1","TROP",24,8,6,1,47,"C1","Cpol_C7_1_R47",1,0.387054327,56,15,"i","19",0.795070422535211,0.795742939009415
"738","C",1,3,"Corymbia","polycarpa","Cpol","C POLY","C7","1","TROP",24,8,6,1,47,"C1","Cpol_C7_1_R47",1,0.387054327,36,15,"p","19",0.377158034528553,0.347305389221557
"739","C",1,3,"Corymbia","polycarpa","Cpol","C POLY","C7","1","TROP",24,8,6,1,47,"C1","Cpol_C7_1_R47",1,0.387054327,52,60,"o","19",-0.0941558441558441,-0.0904425914047466
"740","C",1,3,"Corymbia","polycarpa","Cpol","C POLY","C7","1","TROP",24,8,6,1,47,"C1","Cpol_C7_1_R47",1,0.387054327,40,15,"o","19",0.656436487638534,0.652681803224745
"741","C",1,3,"Corymbia","polycarpa","Cpol","C POLY","C7","1","TROP",24,8,6,1,47,"C1","Cpol_C7_1_R47",1,0.387054327,52,30,"p","19",-0.107861060329068,-0.111443530291698
"742","C",1,3,"Corymbia","polycarpa","Cpol","C POLY","C7","1","TROP",24,8,6,1,47,"C1","Cpol_C7_1_R47",1,0.387054327,44,15,"o","19",0.356470588235294,0.356737897950283
"743","C",1,3,"Corymbia","polycarpa","Cpol","C POLY","C7","1","TROP",24,8,6,1,47,"C1","Cpol_C7_1_R47",1,0.387054327,48,15,"o","19",0.167381974248927,0.161254199328107
"744","C",1,3,"Corymbia","polycarpa","Cpol","C POLY","C7","1","TROP",24,8,6,1,47,"C1","Cpol_C7_1_R47",1,0.387054327,36,30,"o","19",0.550747863247863,0.556075677784279
"745","C",1,3,"Corymbia","polycarpa","Cpol","C POLY","C7","1","TROP",24,8,6,1,47,"C1","Cpol_C7_1_R47",1,0.387054327,30,60,"i","19",0.762083177219933,0.76313472262988
"746","C",1,3,"Corymbia","polycarpa","Cpol","C POLY","C7","1","TROP",24,8,6,1,47,"C1","Cpol_C7_1_R47",1,0.387054327,30,15,"i","19",0.728215767634855,0.705952993652427
"747","C",1,3,"Corymbia","polycarpa","Cpol","C POLY","C7","1","TROP",24,8,6,1,47,"C1","Cpol_C7_1_R47",1,0.387054327,48,30,"p","19",-0.0698412698412699,-0.0687898089171976
"748","C",1,3,"Corymbia","polycarpa","Cpol","C POLY","C7","1","TROP",24,8,6,1,47,"C1","Cpol_C7_1_R47",1,0.387054327,48,15,"p","19",0.105072463768116,0.10056657223796
"749","C",1,3,"Corymbia","polycarpa","Cpol","C POLY","C7","1","TROP",24,8,6,1,47,"C1","Cpol_C7_1_R47",1,0.387054327,40,15,"i","19",0.780923491742501,0.782726778924498
"750","C",1,3,"Corymbia","polycarpa","Cpol","C POLY","C7","1","TROP",24,8,6,1,47,"C1","Cpol_C7_1_R47",1,0.387054327,44,120,"p","19",-0.0386100386100386,-0.0301724137931034
"751","C",1,3,"Corymbia","polycarpa","Cpol","C POLY","C7","1","TROP",24,8,6,1,47,"C1","Cpol_C7_1_R47",1,0.387054327,36,5,"p","19",0.259067357512953,0.249623304871924
"752","C",1,3,"Corymbia","polycarpa","Cpol","C POLY","C7","1","TROP",24,8,6,1,47,"C1","Cpol_C7_1_R47",1,0.387054327,36,30,"i","19",0.786984233478698,0.79142540347419
"753","C",1,3,"Corymbia","polycarpa","Cpol","C POLY","C7","1","TROP",24,8,6,1,47,"C1","Cpol_C7_1_R47",1,0.387054327,30,120,"i","19",0.786776859504132,0.789142710472279
"754","C",1,3,"Corymbia","polycarpa","Cpol","C POLY","C7","1","TROP",24,8,6,1,47,"C1","Cpol_C7_1_R47",1,0.387054327,30,120,"o","19",0.263157894736842,0.267056530214425
"755","C",1,3,"Corymbia","polycarpa","Cpol","C POLY","C7","1","TROP",24,8,6,1,47,"C1","Cpol_C7_1_R47",1,0.387054327,40,5,"p","19",0.617375231053604,0.608554160855416
"756","C",1,3,"Corymbia","polycarpa","Cpol","C POLY","C7","1","TROP",24,8,6,1,47,"C1","Cpol_C7_1_R47",1,0.387054327,30,30,"o","19",0.286511627906977,0.317448943031172
"757","C",1,3,"Corymbia","polycarpa","Cpol","C POLY","C7","1","TROP",24,8,6,1,47,"C1","Cpol_C7_1_R47",1,0.387054327,44,120,"o","19",-0.0301204819277109,0.020222446916077
"758","C",1,3,"Corymbia","polycarpa","Cpol","C POLY","C7","1","TROP",24,8,6,1,47,"C1","Cpol_C7_1_R47",1,0.387054327,56,30,"p","19",-0.107355864811133,-0.105401844532279
"759","C",1,3,"Corymbia","polycarpa","Cpol","C POLY","C7","1","TROP",24,8,6,1,47,"C1","Cpol_C7_1_R47",1,0.387054327,30,15,"o","19",0.485580147551979,0.448846675712347
"760","C",1,3,"Corymbia","polycarpa","Cpol","C POLY","C7","1","TROP",24,8,6,1,47,"C1","Cpol_C7_1_R47",1,0.387054327,48,5,"p","19",0.118236472945892,0.12206572769953
"761","C",2,2,"Eucalyptus","longirostrata","Elon","E LONG","C7","2","SUB",24,8,6,1,48,"C2","Elon_C7_2_R48",1,0.392849081,48,15,"p","20",-0.0204638472032742,-0.0213430504945341
"762","C",2,2,"Eucalyptus","longirostrata","Elon","E LONG","C7","2","SUB",24,8,6,1,48,"C2","Elon_C7_2_R48",1,0.392849081,40,15,"o","20",0.638744813278008,0.630986211977687
"763","C",2,2,"Eucalyptus","longirostrata","Elon","E LONG","C7","2","SUB",24,8,6,1,48,"C2","Elon_C7_2_R48",1,0.392849081,48,15,"o","20",-0.00848256361922713,-0.00121852152721355
"764","C",2,2,"Eucalyptus","longirostrata","Elon","E LONG","C7","2","SUB",24,8,6,1,48,"C2","Elon_C7_2_R48",1,0.392849081,36,5,"p","20",0.582857142857143,0.584803057025279
"765","C",2,2,"Eucalyptus","longirostrata","Elon","E LONG","C7","2","SUB",24,8,6,1,48,"C2","Elon_C7_2_R48",1,0.392849081,36,30,"o","20",0.398225469728601,0.385968722849696
"766","C",2,2,"Eucalyptus","longirostrata","Elon","E LONG","C7","2","SUB",24,8,6,1,48,"C2","Elon_C7_2_R48",1,0.392849081,36,60,"o","20",0.41378104232249,0.374713020662512
"767","C",2,2,"Eucalyptus","longirostrata","Elon","E LONG","C7","2","SUB",24,8,6,1,48,"C2","Elon_C7_2_R48",1,0.392849081,44,30,"i","20",0.731707317073171,0.729213955443464
"768","C",2,2,"Eucalyptus","longirostrata","Elon","E LONG","C7","2","SUB",24,8,6,1,48,"C2","Elon_C7_2_R48",1,0.392849081,52,60,"i","20",0.762264922322159,0.7636232695847
"769","C",2,2,"Eucalyptus","longirostrata","Elon","E LONG","C7","2","SUB",24,8,6,1,48,"C2","Elon_C7_2_R48",1,0.392849081,48,5,"p","20",0.0377952755905512,0.0442092154420921
"770","C",2,2,"Eucalyptus","longirostrata","Elon","E LONG","C7","2","SUB",24,8,6,1,48,"C2","Elon_C7_2_R48",1,0.392849081,40,120,"p","20",0.11310592459605,0.0789036544850498
"771","C",2,2,"Eucalyptus","longirostrata","Elon","E LONG","C7","2","SUB",24,8,6,1,48,"C2","Elon_C7_2_R48",1,0.392849081,44,60,"o","20",-0.00527704485488123,-0.00214707461084287
"772","C",2,2,"Eucalyptus","longirostrata","Elon","E LONG","C7","2","SUB",24,8,6,1,48,"C2","Elon_C7_2_R48",1,0.392849081,36,120,"i","20",0.692729766803841,0.693842229914374
"773","C",2,2,"Eucalyptus","longirostrata","Elon","E LONG","C7","2","SUB",24,8,6,1,48,"C2","Elon_C7_2_R48",1,0.392849081,52,60,"o","20",-0.0729641693811076,-0.0717703349282297
"774","C",2,2,"Eucalyptus","longirostrata","Elon","E LONG","C7","2","SUB",24,8,6,1,48,"C2","Elon_C7_2_R48",1,0.392849081,40,5,"p","20",0.338461538461539,0.332926829268293
"775","C",2,2,"Eucalyptus","longirostrata","Elon","E LONG","C7","2","SUB",24,8,6,1,48,"C2","Elon_C7_2_R48",1,0.392849081,56,5,"p","20",-0.0754545454545455,-0.0685794261721484
"776","C",2,2,"Eucalyptus","longirostrata","Elon","E LONG","C7","2","SUB",24,8,6,1,48,"C2","Elon_C7_2_R48",1,0.392849081,30,60,"i","20",0.749298597194389,0.749245647969052
"777","C",2,2,"Eucalyptus","longirostrata","Elon","E LONG","C7","2","SUB",24,8,6,1,48,"C2","Elon_C7_2_R48",1,0.392849081,48,30,"p","20",-0.0818604651162791,-0.0812657317511687
"778","C",2,2,"Eucalyptus","longirostrata","Elon","E LONG","C7","2","SUB",24,8,6,1,48,"C2","Elon_C7_2_R48",1,0.392849081,36,15,"p","20",0.184679958027282,0.185507246376811
"779","C",2,2,"Eucalyptus","longirostrata","Elon","E LONG","C7","2","SUB",24,8,6,1,48,"C2","Elon_C7_2_R48",1,0.392849081,56,5,"i","20",0.768553182118476,0.768940692492287
"780","C",2,2,"Eucalyptus","longirostrata","Elon","E LONG","C7","2","SUB",24,8,6,1,48,"C2","Elon_C7_2_R48",1,0.392849081,30,60,"o","20",0.427595628415301,0.421386247760783
"781","C",2,2,"Eucalyptus","longirostrata","Elon","E LONG","C7","2","SUB",24,8,6,1,48,"C2","Elon_C7_2_R48",1,0.392849081,56,15,"i","20",0.768255578093306,0.765706139904287
"782","C",2,2,"Eucalyptus","longirostrata","Elon","E LONG","C7","2","SUB",24,8,6,1,48,"C2","Elon_C7_2_R48",1,0.392849081,56,30,"i","20",0.717536813922356,0.717785527462947
"783","C",2,2,"Eucalyptus","longirostrata","Elon","E LONG","C7","2","SUB",24,8,6,1,48,"C2","Elon_C7_2_R48",1,0.392849081,36,30,"i","20",0.754585152838428,0.76165017555059
"784","C",2,2,"Eucalyptus","longirostrata","Elon","E LONG","C7","2","SUB",24,8,6,1,48,"C2","Elon_C7_2_R48",1,0.392849081,48,30,"o","20",-0.0292347377472055,-0.028995057660626
"785","C",2,2,"Eucalyptus","longirostrata","Elon","E LONG","C7","2","SUB",24,8,6,1,48,"C2","Elon_C7_2_R48",1,0.392849081,30,30,"o","20",0.496405032953865,0.486883273164862
"786","C",2,2,"Eucalyptus","longirostrata","Elon","E LONG","C7","2","SUB",24,8,6,1,48,"C2","Elon_C7_2_R48",1,0.392849081,52,15,"p","20",-0.0621004566210046,-0.0618519842688595
"787","C",2,2,"Eucalyptus","longirostrata","Elon","E LONG","C7","2","SUB",24,8,6,1,48,"C2","Elon_C7_2_R48",1,0.392849081,44,15,"o","20",0.375314861460957,0.364449119116487
"788","C",2,2,"Eucalyptus","longirostrata","Elon","E LONG","C7","2","SUB",24,8,6,1,48,"C2","Elon_C7_2_R48",1,0.392849081,40,15,"i","20",0.759442446043165,0.761058894541692
"789","C",2,2,"Eucalyptus","longirostrata","Elon","E LONG","C7","2","SUB",24,8,6,1,48,"C2","Elon_C7_2_R48",1,0.392849081,52,5,"p","20",-0.0754545454545455,-0.0829629629629629
"790","C",2,2,"Eucalyptus","longirostrata","Elon","E LONG","C7","2","SUB",24,8,6,1,48,"C2","Elon_C7_2_R48",1,0.392849081,30,15,"o","20",0.553722038870554,0.546630968317715
"791","C",2,2,"Eucalyptus","longirostrata","Elon","E LONG","C7","2","SUB",24,8,6,1,48,"C2","Elon_C7_2_R48",1,0.392849081,56,30,"p","20",-0.079731027857829,-0.0827933765298775
"792","C",2,2,"Eucalyptus","longirostrata","Elon","E LONG","C7","2","SUB",24,8,6,1,48,"C2","Elon_C7_2_R48",1,0.392849081,52,60,"p","20",-0.0747028862478777,-0.067107438016529
"793","C",2,2,"Eucalyptus","longirostrata","Elon","E LONG","C7","2","SUB",24,8,6,1,48,"C2","Elon_C7_2_R48",1,0.392849081,52,30,"i","20",0.71641063155328,0.716878920357347
"794","C",2,2,"Eucalyptus","longirostrata","Elon","E LONG","C7","2","SUB",24,8,6,1,48,"C2","Elon_C7_2_R48",1,0.392849081,48,60,"o","20",-0.0615640599001663,-0.0622992935131663
"795","C",2,2,"Eucalyptus","longirostrata","Elon","E LONG","C7","2","SUB",24,8,6,1,48,"C2","Elon_C7_2_R48",1,0.392849081,30,120,"o","20",0.293770139634801,0.217261012885825
"796","C",2,2,"Eucalyptus","longirostrata","Elon","E LONG","C7","2","SUB",24,8,6,1,48,"C2","Elon_C7_2_R48",1,0.392849081,52,30,"p","20",-0.0818291215403129,-0.0752886836027715
"797","C",2,2,"Eucalyptus","longirostrata","Elon","E LONG","C7","2","SUB",24,8,6,1,48,"C2","Elon_C7_2_R48",1,0.392849081,30,15,"i","20",0.770491803278688,0.770280036133695
"798","C",2,2,"Eucalyptus","longirostrata","Elon","E LONG","C7","2","SUB",24,8,6,1,48,"C2","Elon_C7_2_R48",1,0.392849081,44,120,"p","20",-0.0604982206405694,-0.0567184334908845
"799","C",2,2,"Eucalyptus","longirostrata","Elon","E LONG","C7","2","SUB",24,8,6,1,48,"C2","Elon_C7_2_R48",1,0.392849081,30,120,"i","20",0.707611759967781,0.706008583690987
"800","C",2,2,"Eucalyptus","longirostrata","Elon","E LONG","C7","2","SUB",24,8,6,1,48,"C2","Elon_C7_2_R48",1,0.392849081,44,120,"o","20",-0.0409145607701564,-0.0477055883689231
"801","C",3,3,"Eucalyptus","viridis","Evir","E VIRID","C6","1","COSMO",24,8,6,1,49,"C3","Evir_C6_1_R49",1,0.394456885,44,30,"i","21",0.784538963054952,0.786259541984733
"802","C",3,3,"Eucalyptus","viridis","Evir","E VIRID","C6","1","COSMO",24,8,6,1,49,"C3","Evir_C6_1_R49",1,0.394456885,36,120,"i","21",0.782163302199458,0.783327552318187
"803","C",3,3,"Eucalyptus","viridis","Evir","E VIRID","C6","1","COSMO",24,8,6,1,49,"C3","Evir_C6_1_R49",1,0.394456885,36,30,"o","21",0.734263233190272,0.730769230769231
"804","C",3,3,"Eucalyptus","viridis","Evir","E VIRID","C6","1","COSMO",24,8,6,1,49,"C3","Evir_C6_1_R49",1,0.394456885,56,30,"p","21",-0.101648351648352,-0.105131414267835
"805","C",3,3,"Eucalyptus","viridis","Evir","E VIRID","C6","1","COSMO",24,8,6,1,49,"C3","Evir_C6_1_R49",1,0.394456885,40,15,"i","21",0.788896504455106,0.793325694643369
"806","C",3,3,"Eucalyptus","viridis","Evir","E VIRID","C6","1","COSMO",24,8,6,1,49,"C3","Evir_C6_1_R49",1,0.394456885,52,30,"i","21",0.734859154929577,0.735406960811181
"807","C",3,3,"Eucalyptus","viridis","Evir","E VIRID","C6","1","COSMO",24,8,6,1,49,"C3","Evir_C6_1_R49",1,0.394456885,56,5,"i","21",0.815845070422535,0.81870420916535
"808","C",3,3,"Eucalyptus","viridis","Evir","E VIRID","C6","1","COSMO",24,8,6,1,49,"C3","Evir_C6_1_R49",1,0.394456885,52,60,"i","21",0.817427385892116,0.816237623762376
"809","C",3,3,"Eucalyptus","viridis","Evir","E VIRID","C6","1","COSMO",24,8,6,1,49,"C3","Evir_C6_1_R49",1,0.394456885,48,5,"p","21",0.111363636363636,0.103174603174603
"810","C",3,3,"Eucalyptus","viridis","Evir","E VIRID","C6","1","COSMO",24,8,6,1,49,"C3","Evir_C6_1_R49",1,0.394456885,30,30,"o","21",0.732520325203252,0.732122819545037
"811","C",3,3,"Eucalyptus","viridis","Evir","E VIRID","C6","1","COSMO",24,8,6,1,49,"C3","Evir_C6_1_R49",1,0.394456885,36,5,"p","21",0.688897309586965,0.684811512591897
"812","C",3,3,"Eucalyptus","viridis","Evir","E VIRID","C6","1","COSMO",24,8,6,1,49,"C3","Evir_C6_1_R49",1,0.394456885,40,120,"p","21",0.225738396624472,0.223948811700183
"813","C",3,3,"Eucalyptus","viridis","Evir","E VIRID","C6","1","COSMO",24,8,6,1,49,"C3","Evir_C6_1_R49",1,0.394456885,52,5,"p","21",-0.0685579196217494,-0.076427255985267
"814","C",3,3,"Eucalyptus","viridis","Evir","E VIRID","C6","1","COSMO",24,8,6,1,49,"C3","Evir_C6_1_R49",1,0.394456885,52,60,"o","21",-0.0747460087082729,-0.0670645069622052
"815","C",3,3,"Eucalyptus","viridis","Evir","E VIRID","C6","1","COSMO",24,8,6,1,49,"C3","Evir_C6_1_R49",1,0.394456885,36,60,"o","21",0.696969696969697,0.688891782784217
"816","C",3,3,"Eucalyptus","viridis","Evir","E VIRID","C6","1","COSMO",24,8,6,1,49,"C3","Evir_C6_1_R49",1,0.394456885,30,60,"i","21",0.805123216601816,0.804479114242577
"817","C",3,3,"Eucalyptus","viridis","Evir","E VIRID","C6","1","COSMO",24,8,6,1,49,"C3","Evir_C6_1_R49",1,0.394456885,30,60,"o","21",0.738761061946903,0.736545853926414
"818","C",3,3,"Eucalyptus","viridis","Evir","E VIRID","C6","1","COSMO",24,8,6,1,49,"C3","Evir_C6_1_R49",1,0.394456885,52,15,"p","21",-0.060081466395112,-0.0630393996247655
"819","C",3,3,"Eucalyptus","viridis","Evir","E VIRID","C6","1","COSMO",24,8,6,1,49,"C3","Evir_C6_1_R49",1,0.394456885,48,15,"o","21",0.0212527964205816,0.0286596119929453
"820","C",3,3,"Eucalyptus","viridis","Evir","E VIRID","C6","1","COSMO",24,8,6,1,49,"C3","Evir_C6_1_R49",1,0.394456885,48,15,"p","21",-0.035820895522388,-0.0321336760925449
"821","C",3,3,"Eucalyptus","viridis","Evir","E VIRID","C6","1","COSMO",24,8,6,1,49,"C3","Evir_C6_1_R49",1,0.394456885,56,5,"p","21",-0.0789473684210527,-0.0872876391329818
"822","C",3,3,"Eucalyptus","viridis","Evir","E VIRID","C6","1","COSMO",24,8,6,1,49,"C3","Evir_C6_1_R49",1,0.394456885,48,30,"p","21",-0.0876623376623377,-0.0991105463786531
"823","C",3,3,"Eucalyptus","viridis","Evir","E VIRID","C6","1","COSMO",24,8,6,1,49,"C3","Evir_C6_1_R49",1,0.394456885,36,30,"i","21",0.813235762010818,0.812436676798379
"824","C",3,3,"Eucalyptus","viridis","Evir","E VIRID","C6","1","COSMO",24,8,6,1,49,"C3","Evir_C6_1_R49",1,0.394456885,44,60,"o","21",0.404867256637168,0.388
"825","C",3,3,"Eucalyptus","viridis","Evir","E VIRID","C6","1","COSMO",24,8,6,1,49,"C3","Evir_C6_1_R49",1,0.394456885,56,30,"i","21",0.782928388746803,0.784045226130653
"826","C",3,3,"Eucalyptus","viridis","Evir","E VIRID","C6","1","COSMO",24,8,6,1,49,"C3","Evir_C6_1_R49",1,0.394456885,52,30,"p","21",-0.0672268907563025,-0.0763400108283703
"827","C",3,3,"Eucalyptus","viridis","Evir","E VIRID","C6","1","COSMO",24,8,6,1,49,"C3","Evir_C6_1_R49",1,0.394456885,48,60,"o","21",-0.0385126162018592,-0.0379876796714578
"828","C",3,3,"Eucalyptus","viridis","Evir","E VIRID","C6","1","COSMO",24,8,6,1,49,"C3","Evir_C6_1_R49",1,0.394456885,30,120,"o","21",0.566608996539792,0.578798938287989
"829","C",3,3,"Eucalyptus","viridis","Evir","E VIRID","C6","1","COSMO",24,8,6,1,49,"C3","Evir_C6_1_R49",1,0.394456885,30,15,"o","21",0.741516966067864,0.755871185487273
"830","C",3,3,"Eucalyptus","viridis","Evir","E VIRID","C6","1","COSMO",24,8,6,1,49,"C3","Evir_C6_1_R49",1,0.394456885,44,120,"p","21",0.0811688311688312,0.0756302521008403
"831","C",3,3,"Eucalyptus","viridis","Evir","E VIRID","C6","1","COSMO",24,8,6,1,49,"C3","Evir_C6_1_R49",1,0.394456885,44,15,"o","21",0.704196933010492,0.714529649177274
"832","C",3,3,"Eucalyptus","viridis","Evir","E VIRID","C6","1","COSMO",24,8,6,1,49,"C3","Evir_C6_1_R49",1,0.394456885,30,15,"i","21",0.794994479205006,0.795152577018543
"833","C",3,3,"Eucalyptus","viridis","Evir","E VIRID","C6","1","COSMO",24,8,6,1,49,"C3","Evir_C6_1_R49",1,0.394456885,48,30,"o","21",-0.00668449197860963,0.00375133976420152
"834","C",3,3,"Eucalyptus","viridis","Evir","E VIRID","C6","1","COSMO",24,8,6,1,49,"C3","Evir_C6_1_R49",1,0.394456885,52,60,"p","21",-0.0912453760789148,-0.0836538461538461
"835","C",3,3,"Eucalyptus","viridis","Evir","E VIRID","C6","1","COSMO",24,8,6,1,49,"C3","Evir_C6_1_R49",1,0.394456885,40,15,"o","21",0.779822335025381,0.77897741375031
"836","C",3,3,"Eucalyptus","viridis","Evir","E VIRID","C6","1","COSMO",24,8,6,1,49,"C3","Evir_C6_1_R49",1,0.394456885,30,120,"i","21",0.772702104097453,0.772423309627428
"837","C",3,3,"Eucalyptus","viridis","Evir","E VIRID","C6","1","COSMO",24,8,6,1,49,"C3","Evir_C6_1_R49",1,0.394456885,36,15,"p","21",0.626578073089701,0.62232905982906
"838","C",3,3,"Eucalyptus","viridis","Evir","E VIRID","C6","1","COSMO",24,8,6,1,49,"C3","Evir_C6_1_R49",1,0.394456885,44,120,"o","21",0.173228346456693,0.177121771217712
"839","C",3,3,"Eucalyptus","viridis","Evir","E VIRID","C6","1","COSMO",24,8,6,1,49,"C3","Evir_C6_1_R49",1,0.394456885,40,5,"p","21",0.666887417218543,0.667519181585678
"840","C",3,3,"Eucalyptus","viridis","Evir","E VIRID","C6","1","COSMO",24,8,6,1,49,"C3","Evir_C6_1_R49",1,0.394456885,56,15,"i","21",0.796502976190476,0.786733573780775
"841","C",4,3,"Eucalyptus","longirostrata","Elon","E LONG","C6","2","SUB",24,8,6,1,50,"C4","Elon_C6_2_R50",1,0.411624719,30,15,"o","22",0.483368421052632,0.480821917808219
"842","C",4,3,"Eucalyptus","longirostrata","Elon","E LONG","C6","2","SUB",24,8,6,1,50,"C4","Elon_C6_2_R50",1,0.411624719,30,30,"o","22",0.420731707317073,0.416823434560602
"843","C",4,3,"Eucalyptus","longirostrata","Elon","E LONG","C6","2","SUB",24,8,6,1,50,"C4","Elon_C6_2_R50",1,0.411624719,30,60,"o","22",0.295389048991355,0.297567954220315
"844","C",4,3,"Eucalyptus","longirostrata","Elon","E LONG","C6","2","SUB",24,8,6,1,50,"C4","Elon_C6_2_R50",1,0.411624719,44,60,"o","22",0.0166389351081531,0.00824499411071852
"845","C",4,3,"Eucalyptus","longirostrata","Elon","E LONG","C6","2","SUB",24,8,6,1,50,"C4","Elon_C6_2_R50",1,0.411624719,36,120,"i","22",0.737662337662338,0.738303927148549
"846","C",4,3,"Eucalyptus","longirostrata","Elon","E LONG","C6","2","SUB",24,8,6,1,50,"C4","Elon_C6_2_R50",1,0.411624719,52,60,"o","22",-0.0708546384222061,-0.0754824063564131
"847","C",4,3,"Eucalyptus","longirostrata","Elon","E LONG","C6","2","SUB",24,8,6,1,50,"C4","Elon_C6_2_R50",1,0.411624719,48,15,"o","22",-0.032383419689119,-0.0339622641509433
"848","C",4,3,"Eucalyptus","longirostrata","Elon","E LONG","C6","2","SUB",24,8,6,1,50,"C4","Elon_C6_2_R50",1,0.411624719,48,30,"o","22",-0.0288624787775891,-0.0351377018043686
"849","C",4,3,"Eucalyptus","longirostrata","Elon","E LONG","C6","2","SUB",24,8,6,1,50,"C4","Elon_C6_2_R50",1,0.411624719,48,15,"p","22",-0.0516014234875445,-0.0656424581005586
"850","C",4,3,"Eucalyptus","longirostrata","Elon","E LONG","C6","2","SUB",24,8,6,1,50,"C4","Elon_C6_2_R50",1,0.411624719,52,60,"i","22",0.727295162882527,0.72590714007023
"851","C",4,3,"Eucalyptus","longirostrata","Elon","E LONG","C6","2","SUB",24,8,6,1,50,"C4","Elon_C6_2_R50",1,0.411624719,36,5,"p","22",0.389806173725772,0.388089189952018
"852","C",4,3,"Eucalyptus","longirostrata","Elon","E LONG","C6","2","SUB",24,8,6,1,50,"C4","Elon_C6_2_R50",1,0.411624719,40,15,"i","22",0.682893289328933,0.667741218319253
"853","C",4,3,"Eucalyptus","longirostrata","Elon","E LONG","C6","2","SUB",24,8,6,1,50,"C4","Elon_C6_2_R50",1,0.411624719,40,15,"o","22",0.544918032786885,0.496050797584017
"854","C",4,3,"Eucalyptus","longirostrata","Elon","E LONG","C6","2","SUB",24,8,6,1,50,"C4","Elon_C6_2_R50",1,0.411624719,30,120,"o","22",0.222402597402597,0.198192166052896
"855","C",4,3,"Eucalyptus","longirostrata","Elon","E LONG","C6","2","SUB",24,8,6,1,50,"C4","Elon_C6_2_R50",1,0.411624719,52,5,"p","22",-0.0710616438356163,-0.0689052116124519
"856","C",4,3,"Eucalyptus","longirostrata","Elon","E LONG","C6","2","SUB",24,8,6,1,50,"C4","Elon_C6_2_R50",1,0.411624719,36,60,"o","22",0.291108404384896,0.302669208770257
"857","C",4,3,"Eucalyptus","longirostrata","Elon","E LONG","C6","2","SUB",24,8,6,1,50,"C4","Elon_C6_2_R50",1,0.411624719,56,30,"p","22",-0.0887096774193549,-0.0861934477379095
"858","C",4,3,"Eucalyptus","longirostrata","Elon","E LONG","C6","2","SUB",24,8,6,1,50,"C4","Elon_C6_2_R50",1,0.411624719,30,60,"i","22",0.746762589928057,0.742446531628381
"859","C",4,3,"Eucalyptus","longirostrata","Elon","E LONG","C6","2","SUB",24,8,6,1,50,"C4","Elon_C6_2_R50",1,0.411624719,52,60,"p","22",-0.0691287878787879,-0.0648628613787991
"860","C",4,3,"Eucalyptus","longirostrata","Elon","E LONG","C6","2","SUB",24,8,6,1,50,"C4","Elon_C6_2_R50",1,0.411624719,36,30,"o","22",0.448323066392882,0.443746729461015
"861","C",4,3,"Eucalyptus","longirostrata","Elon","E LONG","C6","2","SUB",24,8,6,1,50,"C4","Elon_C6_2_R50",1,0.411624719,36,30,"i","22",0.759976176295414,0.759659613615455
"862","C",4,3,"Eucalyptus","longirostrata","Elon","E LONG","C6","2","SUB",24,8,6,1,50,"C4","Elon_C6_2_R50",1,0.411624719,44,30,"i","22",0.750513648371001,0.748635122838944
"863","C",4,3,"Eucalyptus","longirostrata","Elon","E LONG","C6","2","SUB",24,8,6,1,50,"C4","Elon_C6_2_R50",1,0.411624719,56,5,"i","22",0.737397034596376,0.738092131019183
"864","C",4,3,"Eucalyptus","longirostrata","Elon","E LONG","C6","2","SUB",24,8,6,1,50,"C4","Elon_C6_2_R50",1,0.411624719,36,15,"p","22",0.225433526011561,0.206223873664654
"865","C",4,3,"Eucalyptus","longirostrata","Elon","E LONG","C6","2","SUB",24,8,6,1,50,"C4","Elon_C6_2_R50",1,0.411624719,56,5,"p","22",-0.0738636363636364,-0.0760318609703113
"866","C",4,3,"Eucalyptus","longirostrata","Elon","E LONG","C6","2","SUB",24,8,6,1,50,"C4","Elon_C6_2_R50",1,0.411624719,48,5,"p","22",0.0423280423280423,0.0493305144467935
"867","C",4,3,"Eucalyptus","longirostrata","Elon","E LONG","C6","2","SUB",24,8,6,1,50,"C4","Elon_C6_2_R50",1,0.411624719,52,15,"p","22",-0.0641925777331996,-0.0623520126282558
"868","C",4,3,"Eucalyptus","longirostrata","Elon","E LONG","C6","2","SUB",24,8,6,1,50,"C4","Elon_C6_2_R50",1,0.411624719,40,120,"p","22",-0.0748538011695905,-0.0832389580973952
"869","C",4,3,"Eucalyptus","longirostrata","Elon","E LONG","C6","2","SUB",24,8,6,1,50,"C4","Elon_C6_2_R50",1,0.411624719,48,30,"p","22",-0.088016967126193,-0.0879337539432177
"870","C",4,3,"Eucalyptus","longirostrata","Elon","E LONG","C6","2","SUB",24,8,6,1,50,"C4","Elon_C6_2_R50",1,0.411624719,56,30,"i","22",0.748307329997056,0.748765644735331
"871","C",4,3,"Eucalyptus","longirostrata","Elon","E LONG","C6","2","SUB",24,8,6,1,50,"C4","Elon_C6_2_R50",1,0.411624719,56,15,"i","22",0.75,0.751015670342426
"872","C",4,3,"Eucalyptus","longirostrata","Elon","E LONG","C6","2","SUB",24,8,6,1,50,"C4","Elon_C6_2_R50",1,0.411624719,30,15,"i","22",0.72036176973845,0.721156712709927
"873","C",4,3,"Eucalyptus","longirostrata","Elon","E LONG","C6","2","SUB",24,8,6,1,50,"C4","Elon_C6_2_R50",1,0.411624719,52,30,"p","22",-0.0752941176470587,-0.0753838994881341
"874","C",4,3,"Eucalyptus","longirostrata","Elon","E LONG","C6","2","SUB",24,8,6,1,50,"C4","Elon_C6_2_R50",1,0.411624719,44,15,"o","22",0.236220472440945,0.216461785141636
"875","C",4,3,"Eucalyptus","longirostrata","Elon","E LONG","C6","2","SUB",24,8,6,1,50,"C4","Elon_C6_2_R50",1,0.411624719,44,120,"p","22",-0.0690537084398975,-0.0706819313091091
"876","C",4,3,"Eucalyptus","longirostrata","Elon","E LONG","C6","2","SUB",24,8,6,1,50,"C4","Elon_C6_2_R50",1,0.411624719,30,120,"i","22",0.717187103325717,0.715444015444015
"877","C",4,3,"Eucalyptus","longirostrata","Elon","E LONG","C6","2","SUB",24,8,6,1,50,"C4","Elon_C6_2_R50",1,0.411624719,48,60,"o","22",-0.0617760617760618,-0.060491493383743
"878","C",4,3,"Eucalyptus","longirostrata","Elon","E LONG","C6","2","SUB",24,8,6,1,50,"C4","Elon_C6_2_R50",1,0.411624719,44,120,"o","22",-0.0623781676413256,-0.068776865963267
"879","C",4,3,"Eucalyptus","longirostrata","Elon","E LONG","C6","2","SUB",24,8,6,1,50,"C4","Elon_C6_2_R50",1,0.411624719,40,5,"p","22",0.257102272727273,0.248581157775255
"880","C",5,2,"Corymbia","intermedia","Cint","C INTER","C6","2","COSMO",24,8,6,1,51,"C5","Cint_C6_2_R51",1,0.458680441,52,60,"o","23",-0.0648011782032401,-0.0694042799305957
"881","C",5,2,"Corymbia","intermedia","Cint","C INTER","C6","2","COSMO",24,8,6,1,51,"C5","Cint_C6_2_R51",1,0.458680441,36,60,"o","23",0.277598450613299,0.28536644752861
"882","C",5,2,"Corymbia","intermedia","Cint","C INTER","C6","2","COSMO",24,8,6,1,51,"C5","Cint_C6_2_R51",1,0.458680441,44,60,"o","23",0.0232945091514143,0.01875
"883","C",5,2,"Corymbia","intermedia","Cint","C INTER","C6","2","COSMO",24,8,6,1,51,"C5","Cint_C6_2_R51",1,0.458680441,48,15,"p","23",0.0076923076923077,0.010989010989011
"884","C",5,2,"Corymbia","intermedia","Cint","C INTER","C6","2","COSMO",24,8,6,1,51,"C5","Cint_C6_2_R51",1,0.458680441,40,120,"p","23",-0.00974658869395712,0.00815956482320942
"885","C",5,2,"Corymbia","intermedia","Cint","C INTER","C6","2","COSMO",24,8,6,1,51,"C5","Cint_C6_2_R51",1,0.458680441,52,60,"i","23",0.727889234246962,0.72363513055273
"886","C",5,2,"Corymbia","intermedia","Cint","C INTER","C6","2","COSMO",24,8,6,1,51,"C5","Cint_C6_2_R51",1,0.458680441,48,15,"o","23",0.00635324015247777,0.0145063172671971
"887","C",5,2,"Corymbia","intermedia","Cint","C INTER","C6","2","COSMO",24,8,6,1,51,"C5","Cint_C6_2_R51",1,0.458680441,52,30,"p","23",-0.084942084942085,-0.0822021116138763
"888","C",5,2,"Corymbia","intermedia","Cint","C INTER","C6","2","COSMO",24,8,6,1,51,"C5","Cint_C6_2_R51",1,0.458680441,52,30,"i","23",0.578735842162952,0.580240174672489
"889","C",5,2,"Corymbia","intermedia","Cint","C INTER","C6","2","COSMO",24,8,6,1,51,"C5","Cint_C6_2_R51",1,0.458680441,44,30,"i","23",0.69324367595261,0.691982581967213
"890","C",5,2,"Corymbia","intermedia","Cint","C INTER","C6","2","COSMO",24,8,6,1,51,"C5","Cint_C6_2_R51",1,0.458680441,40,15,"i","23",0.685938815604827,0.691515606564411
"891","C",5,2,"Corymbia","intermedia","Cint","C INTER","C6","2","COSMO",24,8,6,1,51,"C5","Cint_C6_2_R51",1,0.458680441,56,5,"p","23",-0.0542035398230089,-0.0633741258741258
"892","C",5,2,"Corymbia","intermedia","Cint","C INTER","C6","2","COSMO",24,8,6,1,51,"C5","Cint_C6_2_R51",1,0.458680441,30,15,"o","23",0.485649202733485,0.486194916803803
"893","C",5,2,"Corymbia","intermedia","Cint","C INTER","C6","2","COSMO",24,8,6,1,51,"C5","Cint_C6_2_R51",1,0.458680441,40,15,"o","23",0.574525745257453,0.537387017255546
"894","C",5,2,"Corymbia","intermedia","Cint","C INTER","C6","2","COSMO",24,8,6,1,51,"C5","Cint_C6_2_R51",1,0.458680441,48,30,"o","23",-0.00651890482398958,-0.010611419909045
"895","C",5,2,"Corymbia","intermedia","Cint","C INTER","C6","2","COSMO",24,8,6,1,51,"C5","Cint_C6_2_R51",1,0.458680441,56,30,"p","23",-0.0883977900552486,-0.0914985590778098
"896","C",5,2,"Corymbia","intermedia","Cint","C INTER","C6","2","COSMO",24,8,6,1,51,"C5","Cint_C6_2_R51",1,0.458680441,56,30,"i","23",0.620141342756184,0.599265246142542
"897","C",5,2,"Corymbia","intermedia","Cint","C INTER","C6","2","COSMO",24,8,6,1,51,"C5","Cint_C6_2_R51",1,0.458680441,36,30,"o","23",0.392028554431886,0.387155545433842
"898","C",5,2,"Corymbia","intermedia","Cint","C INTER","C6","2","COSMO",24,8,6,1,51,"C5","Cint_C6_2_R51",1,0.458680441,52,15,"p","23",-0.0645514223194749,-0.0737743931461207
"899","C",5,2,"Corymbia","intermedia","Cint","C INTER","C6","2","COSMO",24,8,6,1,51,"C5","Cint_C6_2_R51",1,0.458680441,30,15,"i","23",0.717962048349363,0.729661188882126
"900","C",5,2,"Corymbia","intermedia","Cint","C INTER","C6","2","COSMO",24,8,6,1,51,"C5","Cint_C6_2_R51",1,0.458680441,52,60,"p","23",-0.0841300191204589,-0.0915129151291512
"901","C",5,2,"Corymbia","intermedia","Cint","C INTER","C6","2","COSMO",24,8,6,1,51,"C5","Cint_C6_2_R51",1,0.458680441,30,60,"i","23",0.72984403912239,0.733361064891847
"902","C",5,2,"Corymbia","intermedia","Cint","C INTER","C6","2","COSMO",24,8,6,1,51,"C5","Cint_C6_2_R51",1,0.458680441,36,5,"p","23",0.374548083875633,0.390371229698376
"903","C",5,2,"Corymbia","intermedia","Cint","C INTER","C6","2","COSMO",24,8,6,1,51,"C5","Cint_C6_2_R51",1,0.458680441,36,15,"p","23",0.148484848484849,0.144236229415105
"904","C",5,2,"Corymbia","intermedia","Cint","C INTER","C6","2","COSMO",24,8,6,1,51,"C5","Cint_C6_2_R51",1,0.458680441,56,5,"i","23",0.712569015914258,0.703326456936565
"905","C",5,2,"Corymbia","intermedia","Cint","C INTER","C6","2","COSMO",24,8,6,1,51,"C5","Cint_C6_2_R51",1,0.458680441,56,15,"i","23",0.674015285126396,0.670446655866697
"906","C",5,2,"Corymbia","intermedia","Cint","C INTER","C6","2","COSMO",24,8,6,1,51,"C5","Cint_C6_2_R51",1,0.458680441,48,5,"p","23",0.0631808278867104,0.0540997464074388
"907","C",5,2,"Corymbia","intermedia","Cint","C INTER","C6","2","COSMO",24,8,6,1,51,"C5","Cint_C6_2_R51",1,0.458680441,30,120,"i","23",0.70066308809599,0.700541338582677
"908","C",5,2,"Corymbia","intermedia","Cint","C INTER","C6","2","COSMO",24,8,6,1,51,"C5","Cint_C6_2_R51",1,0.458680441,52,5,"p","23",-0.0691114245416079,-0.0692737430167599
"909","C",5,2,"Corymbia","intermedia","Cint","C INTER","C6","2","COSMO",24,8,6,1,51,"C5","Cint_C6_2_R51",1,0.458680441,44,120,"p","23",-0.0764044943820225,-0.0612403100775193
"910","C",5,2,"Corymbia","intermedia","Cint","C INTER","C6","2","COSMO",24,8,6,1,51,"C5","Cint_C6_2_R51",1,0.458680441,30,30,"o","23",0.304156171284635,0.275453827940016
"911","C",5,2,"Corymbia","intermedia","Cint","C INTER","C6","2","COSMO",24,8,6,1,51,"C5","Cint_C6_2_R51",1,0.458680441,36,120,"i","23",0.695679796696315,0.690034619188922
"912","C",5,2,"Corymbia","intermedia","Cint","C INTER","C6","2","COSMO",24,8,6,1,51,"C5","Cint_C6_2_R51",1,0.458680441,40,5,"p","23",0.20959595959596,0.23625843780135
"913","C",5,2,"Corymbia","intermedia","Cint","C INTER","C6","2","COSMO",24,8,6,1,51,"C5","Cint_C6_2_R51",1,0.458680441,44,15,"o","23",0.269353128313892,0.264300626304802
"914","C",5,2,"Corymbia","intermedia","Cint","C INTER","C6","2","COSMO",24,8,6,1,51,"C5","Cint_C6_2_R51",1,0.458680441,48,30,"p","23",-0.0736698499317872,-0.0786516853932583
"915","C",5,2,"Corymbia","intermedia","Cint","C INTER","C6","2","COSMO",24,8,6,1,51,"C5","Cint_C6_2_R51",1,0.458680441,30,120,"o","23",0.173859432799014,0.181021897810219
"916","C",5,2,"Corymbia","intermedia","Cint","C INTER","C6","2","COSMO",24,8,6,1,51,"C5","Cint_C6_2_R51",1,0.458680441,30,60,"o","23",0.267318663406683,0.265011002829299
"917","C",5,2,"Corymbia","intermedia","Cint","C INTER","C6","2","COSMO",24,8,6,1,51,"C5","Cint_C6_2_R51",1,0.458680441,44,120,"o","23",-0.00905797101449276,0
"918","C",5,2,"Corymbia","intermedia","Cint","C INTER","C6","2","COSMO",24,8,6,1,51,"C5","Cint_C6_2_R51",1,0.458680441,36,30,"i","23",0.748800451594694,0.748962202315927
"919","C",5,2,"Corymbia","intermedia","Cint","C INTER","C6","2","COSMO",24,8,6,1,51,"C5","Cint_C6_2_R51",1,0.458680441,48,60,"o","23",-0.0414129110840439,-0.0526563234602727
"920","C",6,2,"Eucalyptus","rigidula","Erig","E RIGI","C6","1","COSMO",7,4,4,1,52,"C6","Erig_C6_1_R52",1,0.481061777,52,5,"p","24",-0.0781563126252505,-0.0970088924818109
"921","C",6,2,"Eucalyptus","rigidula","Erig","E RIGI","C6","1","COSMO",7,4,4,1,52,"C6","Erig_C6_1_R52",1,0.481061777,48,15,"p","24",-0.0386100386100386,-0.0549698795180723
"922","C",6,2,"Eucalyptus","rigidula","Erig","E RIGI","C6","1","COSMO",7,4,4,1,52,"C6","Erig_C6_1_R52",1,0.481061777,44,30,"i","24",0.773765432098765,0.775334143377886
"923","C",6,2,"Eucalyptus","rigidula","Erig","E RIGI","C6","1","COSMO",7,4,4,1,52,"C6","Erig_C6_1_R52",1,0.481061777,44,60,"o","24",0.484451718494272,0.487621435286744
"924","C",6,2,"Eucalyptus","rigidula","Erig","E RIGI","C6","1","COSMO",7,4,4,1,52,"C6","Erig_C6_1_R52",1,0.481061777,48,30,"o","24",-0.00715307582260373,-0.00610094287298943
"925","C",6,2,"Eucalyptus","rigidula","Erig","E RIGI","C6","1","COSMO",7,4,4,1,52,"C6","Erig_C6_1_R52",1,0.481061777,44,15,"o","24",0.387608069164265,0.440959409594096
"926","C",6,2,"Eucalyptus","rigidula","Erig","E RIGI","C6","1","COSMO",7,4,4,1,52,"C6","Erig_C6_1_R52",1,0.481061777,48,30,"p","24",-0.0756013745704468,-0.0780520346897932
"927","C",6,2,"Eucalyptus","rigidula","Erig","E RIGI","C6","1","COSMO",7,4,4,1,52,"C6","Erig_C6_1_R52",1,0.481061777,40,15,"i","24",0.807798481711525,0.80752453653217
"928","C",6,2,"Eucalyptus","rigidula","Erig","E RIGI","C6","1","COSMO",7,4,4,1,52,"C6","Erig_C6_1_R52",1,0.481061777,40,120,"p","24",0.529357798165138,0.528980190755686
"929","C",6,2,"Eucalyptus","rigidula","Erig","E RIGI","C6","1","COSMO",7,4,4,1,52,"C6","Erig_C6_1_R52",1,0.481061777,52,30,"i","24",0.763361045130641,0.764124293785311
"930","C",6,2,"Eucalyptus","rigidula","Erig","E RIGI","C6","1","COSMO",7,4,4,1,52,"C6","Erig_C6_1_R52",1,0.481061777,36,15,"p","24",0.613340870548332,0.603806994245241
"931","C",6,2,"Eucalyptus","rigidula","Erig","E RIGI","C6","1","COSMO",7,4,4,1,52,"C6","Erig_C6_1_R52",1,0.481061777,52,30,"p","24",-0.058139534883721,-0.076782449725777
"932","C",6,2,"Eucalyptus","rigidula","Erig","E RIGI","C6","1","COSMO",7,4,4,1,52,"C6","Erig_C6_1_R52",1,0.481061777,30,60,"i","24",0.787313432835821,0.790029469548134
"933","C",6,2,"Eucalyptus","rigidula","Erig","E RIGI","C6","1","COSMO",7,4,4,1,52,"C6","Erig_C6_1_R52",1,0.481061777,36,60,"o","24",0.792615384615385,0.791383779780274
"934","C",6,2,"Eucalyptus","rigidula","Erig","E RIGI","C6","1","COSMO",7,4,4,1,52,"C6","Erig_C6_1_R52",1,0.481061777,30,60,"o","24",0.582202111613876,0.581422464049747
"935","C",6,2,"Eucalyptus","rigidula","Erig","E RIGI","C6","1","COSMO",7,4,4,1,52,"C6","Erig_C6_1_R52",1,0.481061777,48,15,"o","24",0.0280112044817927,0.024636058230683
"936","C",6,2,"Eucalyptus","rigidula","Erig","E RIGI","C6","1","COSMO",7,4,4,1,52,"C6","Erig_C6_1_R52",1,0.481061777,30,15,"o","24",0.75980931426476,0.757610241820768
"937","C",6,2,"Eucalyptus","rigidula","Erig","E RIGI","C6","1","COSMO",7,4,4,1,52,"C6","Erig_C6_1_R52",1,0.481061777,30,120,"o","24",0.734510211145725,0.73556271823798
"938","C",6,2,"Eucalyptus","rigidula","Erig","E RIGI","C6","1","COSMO",7,4,4,1,52,"C6","Erig_C6_1_R52",1,0.481061777,30,30,"o","24",0.584971098265896,0.589686098654709
"939","C",6,2,"Eucalyptus","rigidula","Erig","E RIGI","C6","1","COSMO",7,4,4,1,52,"C6","Erig_C6_1_R52",1,0.481061777,36,30,"o","24",0.641935483870968,0.631314072693383
"940","C",6,2,"Eucalyptus","rigidula","Erig","E RIGI","C6","1","COSMO",7,4,4,1,52,"C6","Erig_C6_1_R52",1,0.481061777,30,15,"i","24",0.799234516353514,0.79749449339207
"941","C",6,2,"Eucalyptus","rigidula","Erig","E RIGI","C6","1","COSMO",7,4,4,1,52,"C6","Erig_C6_1_R52",1,0.481061777,52,15,"p","24",-0.0472154963680386,-0.0479098168154063
"942","C",6,2,"Eucalyptus","rigidula","Erig","E RIGI","C6","1","COSMO",7,4,4,1,52,"C6","Erig_C6_1_R52",1,0.481061777,36,5,"p","24",0.610630407911001,0.611968209443665
"943","C",6,2,"Eucalyptus","rigidula","Erig","E RIGI","C6","1","COSMO",7,4,4,1,52,"C6","Erig_C6_1_R52",1,0.481061777,56,30,"p","24",-0.0871459694989106,-0.0932735426008968
"944","C",6,2,"Eucalyptus","rigidula","Erig","E RIGI","C6","1","COSMO",7,4,4,1,52,"C6","Erig_C6_1_R52",1,0.481061777,30,120,"i","24",0.800276912426445,0.798916723087339
"945","C",6,2,"Eucalyptus","rigidula","Erig","E RIGI","C6","1","COSMO",7,4,4,1,52,"C6","Erig_C6_1_R52",1,0.481061777,52,60,"i","24",0.829341317365269,0.827760891590679
"946","C",6,2,"Eucalyptus","rigidula","Erig","E RIGI","C6","1","COSMO",7,4,4,1,52,"C6","Erig_C6_1_R52",1,0.481061777,40,15,"o","24",0.807648401826484,0.8094023727686
"947","C",6,2,"Eucalyptus","rigidula","Erig","E RIGI","C6","1","COSMO",7,4,4,1,52,"C6","Erig_C6_1_R52",1,0.481061777,56,5,"i","24",0.817230032904577,0.817017809335351
"948","C",6,2,"Eucalyptus","rigidula","Erig","E RIGI","C6","1","COSMO",7,4,4,1,52,"C6","Erig_C6_1_R52",1,0.481061777,56,15,"i","24",0.792477302204929,0.79156202913109
"949","C",6,2,"Eucalyptus","rigidula","Erig","E RIGI","C6","1","COSMO",7,4,4,1,52,"C6","Erig_C6_1_R52",1,0.481061777,56,5,"p","24",-0.0412371134020618,-0.0336927223719677
"950","C",6,2,"Eucalyptus","rigidula","Erig","E RIGI","C6","1","COSMO",7,4,4,1,52,"C6","Erig_C6_1_R52",1,0.481061777,48,60,"o","24",-0.0143061516452075,-0.00840807174887884
"951","C",6,2,"Eucalyptus","rigidula","Erig","E RIGI","C6","1","COSMO",7,4,4,1,52,"C6","Erig_C6_1_R52",1,0.481061777,52,60,"o","24",-0.0592193808882907,-0.0529661016949153
"952","C",6,2,"Eucalyptus","rigidula","Erig","E RIGI","C6","1","COSMO",7,4,4,1,52,"C6","Erig_C6_1_R52",1,0.481061777,40,5,"p","24",0.673985086992544,0.673488664987406
"953","C",6,2,"Eucalyptus","rigidula","Erig","E RIGI","C6","1","COSMO",7,4,4,1,52,"C6","Erig_C6_1_R52",1,0.481061777,56,30,"i","24",0.800067091580007,0.799922249578852
"954","C",6,2,"Eucalyptus","rigidula","Erig","E RIGI","C6","1","COSMO",7,4,4,1,52,"C6","Erig_C6_1_R52",1,0.481061777,36,120,"i","24",0.791325136612022,0.784518828451883
"955","C",6,2,"Eucalyptus","rigidula","Erig","E RIGI","C6","1","COSMO",7,4,4,1,52,"C6","Erig_C6_1_R52",1,0.481061777,44,120,"o","24",0.352941176470588,0.346659364731654
"956","C",6,2,"Eucalyptus","rigidula","Erig","E RIGI","C6","1","COSMO",7,4,4,1,52,"C6","Erig_C6_1_R52",1,0.481061777,52,60,"p","24",-0.0827250608272506,-0.0666023166023167
"957","C",6,2,"Eucalyptus","rigidula","Erig","E RIGI","C6","1","COSMO",7,4,4,1,52,"C6","Erig_C6_1_R52",1,0.481061777,48,5,"p","24",0.119266055045872,0.101083032490975
"958","C",6,2,"Eucalyptus","rigidula","Erig","E RIGI","C6","1","COSMO",7,4,4,1,52,"C6","Erig_C6_1_R52",1,0.481061777,36,30,"i","24",0.812895450436879,0.811924961166209
"959","C",6,2,"Eucalyptus","rigidula","Erig","E RIGI","C6","1","COSMO",7,4,4,1,52,"C6","Erig_C6_1_R52",1,0.481061777,44,120,"p","24",0.165266106442577,0.150773195876289
"960","C",7,2,"Corymbia","citriodora ssp. citriodora","Ccit","C CITR","C7","1","SUB",24,8,6,1,53,"C7","Ccit_C7_1_R53",1,0.49262231,52,15,"p","25",-0.0709987966305656,-0.0842724154826065
"961","C",7,2,"Corymbia","citriodora ssp. citriodora","Ccit","C CITR","C7","1","SUB",24,8,6,1,53,"C7","Ccit_C7_1_R53",1,0.49262231,30,60,"o","25",0.303697875688434,0.294288480154889
"962","C",7,2,"Corymbia","citriodora ssp. citriodora","Ccit","C CITR","C7","1","SUB",24,8,6,1,53,"C7","Ccit_C7_1_R53",1,0.49262231,40,15,"o","25",0.635816618911175,0.599391921239322
"963","C",7,2,"Corymbia","citriodora ssp. citriodora","Ccit","C CITR","C7","1","SUB",24,8,6,1,53,"C7","Ccit_C7_1_R53",1,0.49262231,30,60,"i","25",0.746111257579752,0.747583018074821
"964","C",7,2,"Corymbia","citriodora ssp. citriodora","Ccit","C CITR","C7","1","SUB",24,8,6,1,53,"C7","Ccit_C7_1_R53",1,0.49262231,30,30,"o","25",0.158447009443862,0.156490093004448
"965","C",7,2,"Corymbia","citriodora ssp. citriodora","Ccit","C CITR","C7","1","SUB",24,8,6,1,53,"C7","Ccit_C7_1_R53",1,0.49262231,44,15,"o","25",0.0898502495840267,0.0837595907928389
"966","C",7,2,"Corymbia","citriodora ssp. citriodora","Ccit","C CITR","C7","1","SUB",24,8,6,1,53,"C7","Ccit_C7_1_R53",1,0.49262231,40,5,"p","25",0.289317507418398,0.294968189705032
"967","C",7,2,"Corymbia","citriodora ssp. citriodora","Ccit","C CITR","C7","1","SUB",24,8,6,1,53,"C7","Ccit_C7_1_R53",1,0.49262231,36,60,"o","25",0.441743119266055,0.418903150525088
"968","C",7,2,"Corymbia","citriodora ssp. citriodora","Ccit","C CITR","C7","1","SUB",24,8,6,1,53,"C7","Ccit_C7_1_R53",1,0.49262231,40,15,"i","25",0.697693351424695,0.694556765163297
"969","C",7,2,"Corymbia","citriodora ssp. citriodora","Ccit","C CITR","C7","1","SUB",24,8,6,1,53,"C7","Ccit_C7_1_R53",1,0.49262231,36,5,"p","25",0.247213779128673,0.25709840528977
"970","C",7,2,"Corymbia","citriodora ssp. citriodora","Ccit","C CITR","C7","1","SUB",24,8,6,1,53,"C7","Ccit_C7_1_R53",1,0.49262231,56,30,"p","25",-0.0791044776119403,-0.0894736842105262
"971","C",7,2,"Corymbia","citriodora ssp. citriodora","Ccit","C CITR","C7","1","SUB",24,8,6,1,53,"C7","Ccit_C7_1_R53",1,0.49262231,40,120,"p","25",0,0.0309892729439809
"972","C",7,2,"Corymbia","citriodora ssp. citriodora","Ccit","C CITR","C7","1","SUB",24,8,6,1,53,"C7","Ccit_C7_1_R53",1,0.49262231,52,30,"i","25",0.701188455008489,0.701095072175212
"973","C",7,2,"Corymbia","citriodora ssp. citriodora","Ccit","C CITR","C7","1","SUB",24,8,6,1,53,"C7","Ccit_C7_1_R53",1,0.49262231,30,15,"o","25",0.527070063694267,0.529618956131924
"974","C",7,2,"Corymbia","citriodora ssp. citriodora","Ccit","C CITR","C7","1","SUB",24,8,6,1,53,"C7","Ccit_C7_1_R53",1,0.49262231,56,5,"i","25",0.761014994232987,0.76197146108728
"975","C",7,2,"Corymbia","citriodora ssp. citriodora","Ccit","C CITR","C7","1","SUB",24,8,6,1,53,"C7","Ccit_C7_1_R53",1,0.49262231,52,5,"p","25",-0.0622617534942819,-0.053731343283582
"976","C",7,2,"Corymbia","citriodora ssp. citriodora","Ccit","C CITR","C7","1","SUB",24,8,6,1,53,"C7","Ccit_C7_1_R53",1,0.49262231,52,30,"p","25",-0.0716417910447761,-0.0610644257703081
"977","C",7,2,"Corymbia","citriodora ssp. citriodora","Ccit","C CITR","C7","1","SUB",24,8,6,1,53,"C7","Ccit_C7_1_R53",1,0.49262231,56,5,"p","25",-0.0752089136490251,-0.0817679558011048
"978","C",7,2,"Corymbia","citriodora ssp. citriodora","Ccit","C CITR","C7","1","SUB",24,8,6,1,53,"C7","Ccit_C7_1_R53",1,0.49262231,44,60,"o","25",-0.0162337662337662,-0.0113851992409867
"979","C",7,2,"Corymbia","citriodora ssp. citriodora","Ccit","C CITR","C7","1","SUB",24,8,6,1,53,"C7","Ccit_C7_1_R53",1,0.49262231,36,30,"o","25",0.264794383149448,0.264660493827161
"980","C",7,2,"Corymbia","citriodora ssp. citriodora","Ccit","C CITR","C7","1","SUB",24,8,6,1,53,"C7","Ccit_C7_1_R53",1,0.49262231,36,120,"i","25",0.752313687286897,0.753273475495698
"981","C",7,2,"Corymbia","citriodora ssp. citriodora","Ccit","C CITR","C7","1","SUB",24,8,6,1,53,"C7","Ccit_C7_1_R53",1,0.49262231,48,30,"o","25",0.00571428571428572,-0.00462768195204036
"982","C",7,2,"Corymbia","citriodora ssp. citriodora","Ccit","C CITR","C7","1","SUB",24,8,6,1,53,"C7","Ccit_C7_1_R53",1,0.49262231,48,15,"o","25",-0.00925925925925927,-0.00337711069418386
"983","C",7,2,"Corymbia","citriodora ssp. citriodora","Ccit","C CITR","C7","1","SUB",24,8,6,1,53,"C7","Ccit_C7_1_R53",1,0.49262231,30,15,"i","25",0.713690786048933,0.70864819479429
"984","C",7,2,"Corymbia","citriodora ssp. citriodora","Ccit","C CITR","C7","1","SUB",24,8,6,1,53,"C7","Ccit_C7_1_R53",1,0.49262231,44,30,"i","25",0.626485568760611,0.612538768276473
"985","C",7,2,"Corymbia","citriodora ssp. citriodora","Ccit","C CITR","C7","1","SUB",24,8,6,1,53,"C7","Ccit_C7_1_R53",1,0.49262231,52,60,"i","25",0.757271815446339,0.75735443294786
"986","C",7,2,"Corymbia","citriodora ssp. citriodora","Ccit","C CITR","C7","1","SUB",24,8,6,1,53,"C7","Ccit_C7_1_R53",1,0.49262231,36,15,"p","25",0.218213058419244,0.220779220779221
"987","C",7,2,"Corymbia","citriodora ssp. citriodora","Ccit","C CITR","C7","1","SUB",24,8,6,1,53,"C7","Ccit_C7_1_R53",1,0.49262231,48,30,"p","25",-0.0765171503957783,-0.0710607621009268
"988","C",7,2,"Corymbia","citriodora ssp. citriodora","Ccit","C CITR","C7","1","SUB",24,8,6,1,53,"C7","Ccit_C7_1_R53",1,0.49262231,48,15,"p","25",-0.0227272727272729,-0.0214489990467111
"989","C",7,2,"Corymbia","citriodora ssp. citriodora","Ccit","C CITR","C7","1","SUB",24,8,6,1,53,"C7","Ccit_C7_1_R53",1,0.49262231,56,15,"i","25",0.736050955414013,0.73322064233867
"990","C",7,2,"Corymbia","citriodora ssp. citriodora","Ccit","C CITR","C7","1","SUB",24,8,6,1,53,"C7","Ccit_C7_1_R53",1,0.49262231,44,120,"p","25",-0.0538793103448276,-0.0669421487603306
"991","C",7,2,"Corymbia","citriodora ssp. citriodora","Ccit","C CITR","C7","1","SUB",24,8,6,1,53,"C7","Ccit_C7_1_R53",1,0.49262231,52,60,"o","25",-0.0918972332015811,-0.0924105387337791
"992","C",7,2,"Corymbia","citriodora ssp. citriodora","Ccit","C CITR","C7","1","SUB",24,8,6,1,53,"C7","Ccit_C7_1_R53",1,0.49262231,48,5,"p","25",0.0913385826771654,0.0524672079950032
"993","C",7,2,"Corymbia","citriodora ssp. citriodora","Ccit","C CITR","C7","1","SUB",24,8,6,1,53,"C7","Ccit_C7_1_R53",1,0.49262231,48,60,"o","25",-0.0441839495040577,-0.032488628979857
"994","C",7,2,"Corymbia","citriodora ssp. citriodora","Ccit","C CITR","C7","1","SUB",24,8,6,1,53,"C7","Ccit_C7_1_R53",1,0.49262231,56,30,"i","25",0.745031616982836,0.742437174016121
"995","C",7,2,"Corymbia","citriodora ssp. citriodora","Ccit","C CITR","C7","1","SUB",24,8,6,1,53,"C7","Ccit_C7_1_R53",1,0.49262231,30,120,"o","25",0.442521083000444,0.443435754189944
"996","C",7,2,"Corymbia","citriodora ssp. citriodora","Ccit","C CITR","C7","1","SUB",24,8,6,1,53,"C7","Ccit_C7_1_R53",1,0.49262231,30,120,"i","25",0.718702865761689,0.725140623510344
"997","C",7,2,"Corymbia","citriodora ssp. citriodora","Ccit","C CITR","C7","1","SUB",24,8,6,1,53,"C7","Ccit_C7_1_R53",1,0.49262231,52,60,"p","25",-0.0960854092526691,-0.1
"998","C",7,2,"Corymbia","citriodora ssp. citriodora","Ccit","C CITR","C7","1","SUB",24,8,6,1,53,"C7","Ccit_C7_1_R53",1,0.49262231,44,120,"o","25",-0.0308441558441558,-0.0219160926737633
"999","C",7,2,"Corymbia","citriodora ssp. citriodora","Ccit","C CITR","C7","1","SUB",24,8,6,1,53,"C7","Ccit_C7_1_R53",1,0.49262231,36,30,"i","25",0.720596355604638,0.717965438539289
"1000","C",8,3,"Eucalyptus","oxymitra","Eoxy","E OXYM","C6","2","DES",12,6,6,1,54,"C8","Eoxy_C6_2_R54",1,0.494660361,30,120,"o","26",0.753026634382567,0.757791963950432
"1001","C",8,3,"Eucalyptus","oxymitra","Eoxy","E OXYM","C6","2","DES",12,6,6,1,54,"C8","Eoxy_C6_2_R54",1,0.494660361,52,60,"i","26",0.813733666944676,0.8156088288098
"1002","C",8,3,"Eucalyptus","oxymitra","Eoxy","E OXYM","C6","2","DES",12,6,6,1,54,"C8","Eoxy_C6_2_R54",1,0.494660361,48,15,"p","26",-0.0445103857566766,-0.0485380116959063
"1003","C",8,3,"Eucalyptus","oxymitra","Eoxy","E OXYM","C6","2","DES",12,6,6,1,54,"C8","Eoxy_C6_2_R54",1,0.494660361,40,15,"i","26",0.787151916184174,0.788318879949848
"1004","C",8,3,"Eucalyptus","oxymitra","Eoxy","E OXYM","C6","2","DES",12,6,6,1,54,"C8","Eoxy_C6_2_R54",1,0.494660361,52,5,"p","26",-0.049079754601227,-0.0534539473684211
"1005","C",8,3,"Eucalyptus","oxymitra","Eoxy","E OXYM","C6","2","DES",12,6,6,1,54,"C8","Eoxy_C6_2_R54",1,0.494660361,44,60,"o","26",0.420096852300242,0.375246548323471
"1006","C",8,3,"Eucalyptus","oxymitra","Eoxy","E OXYM","C6","2","DES",12,6,6,1,54,"C8","Eoxy_C6_2_R54",1,0.494660361,48,60,"o","26",-0.0424710424710425,-0.0451186308829249
"1007","C",8,3,"Eucalyptus","oxymitra","Eoxy","E OXYM","C6","2","DES",12,6,6,1,54,"C8","Eoxy_C6_2_R54",1,0.494660361,40,120,"p","26",0.612801678908709,0.61482858323007
"1008","C",8,3,"Eucalyptus","oxymitra","Eoxy","E OXYM","C6","2","DES",12,6,6,1,54,"C8","Eoxy_C6_2_R54",1,0.494660361,30,60,"o","26",0.757538001495141,0.75708228945847
"1009","C",8,3,"Eucalyptus","oxymitra","Eoxy","E OXYM","C6","2","DES",12,6,6,1,54,"C8","Eoxy_C6_2_R54",1,0.494660361,36,30,"o","26",0.768753233316089,0.769015492253873
"1010","C",8,3,"Eucalyptus","oxymitra","Eoxy","E OXYM","C6","2","DES",12,6,6,1,54,"C8","Eoxy_C6_2_R54",1,0.494660361,56,30,"p","26",-0.0488584474885844,-0.0637246248896734
"1011","C",8,3,"Eucalyptus","oxymitra","Eoxy","E OXYM","C6","2","DES",12,6,6,1,54,"C8","Eoxy_C6_2_R54",1,0.494660361,52,15,"p","26",-0.0528455284552846,-0.0507603341186551
"1012","C",8,3,"Eucalyptus","oxymitra","Eoxy","E OXYM","C6","2","DES",12,6,6,1,54,"C8","Eoxy_C6_2_R54",1,0.494660361,30,60,"i","26",0.783097084782027,0.78671468587435
"1013","C",8,3,"Eucalyptus","oxymitra","Eoxy","E OXYM","C6","2","DES",12,6,6,1,54,"C8","Eoxy_C6_2_R54",1,0.494660361,56,5,"i","26",0.787345679012346,0.789455060155697
"1014","C",8,3,"Eucalyptus","oxymitra","Eoxy","E OXYM","C6","2","DES",12,6,6,1,54,"C8","Eoxy_C6_2_R54",1,0.494660361,52,30,"i","26",0.767745302713988,0.761934871957003
"1015","C",8,3,"Eucalyptus","oxymitra","Eoxy","E OXYM","C6","2","DES",12,6,6,1,54,"C8","Eoxy_C6_2_R54",1,0.494660361,30,120,"i","26",0.775915155661991,0.781753619229719
"1016","C",8,3,"Eucalyptus","oxymitra","Eoxy","E OXYM","C6","2","DES",12,6,6,1,54,"C8","Eoxy_C6_2_R54",1,0.494660361,36,5,"p","26",0.68544061302682,0.679504814305365
"1017","C",8,3,"Eucalyptus","oxymitra","Eoxy","E OXYM","C6","2","DES",12,6,6,1,54,"C8","Eoxy_C6_2_R54",1,0.494660361,56,5,"p","26",-0.0574350904799371,-0.0672097759674135
"1018","C",8,3,"Eucalyptus","oxymitra","Eoxy","E OXYM","C6","2","DES",12,6,6,1,54,"C8","Eoxy_C6_2_R54",1,0.494660361,30,30,"o","26",0.688652878703186,0.675219157579645
"1019","C",8,3,"Eucalyptus","oxymitra","Eoxy","E OXYM","C6","2","DES",12,6,6,1,54,"C8","Eoxy_C6_2_R54",1,0.494660361,52,30,"p","26",-0.0606347702510657,-0.0632285411515367
"1020","C",8,3,"Eucalyptus","oxymitra","Eoxy","E OXYM","C6","2","DES",12,6,6,1,54,"C8","Eoxy_C6_2_R54",1,0.494660361,56,30,"i","26",0.783984041037333,0.781351563375546
"1021","C",8,3,"Eucalyptus","oxymitra","Eoxy","E OXYM","C6","2","DES",12,6,6,1,54,"C8","Eoxy_C6_2_R54",1,0.494660361,52,60,"o","26",-0.0651048760555708,-0.0627271783155052
"1022","C",8,3,"Eucalyptus","oxymitra","Eoxy","E OXYM","C6","2","DES",12,6,6,1,54,"C8","Eoxy_C6_2_R54",1,0.494660361,48,30,"o","26",0.00257731958762887,-0.00115473441108549
"1023","C",8,3,"Eucalyptus","oxymitra","Eoxy","E OXYM","C6","2","DES",12,6,6,1,54,"C8","Eoxy_C6_2_R54",1,0.494660361,48,15,"o","26",0,-0.000461041954817797
"1024","C",8,3,"Eucalyptus","oxymitra","Eoxy","E OXYM","C6","2","DES",12,6,6,1,54,"C8","Eoxy_C6_2_R54",1,0.494660361,40,5,"p","26",0.733897681266102,0.733850493653032
"1025","C",8,3,"Eucalyptus","oxymitra","Eoxy","E OXYM","C6","2","DES",12,6,6,1,54,"C8","Eoxy_C6_2_R54",1,0.494660361,36,15,"p","26",0.518297236743839,0.524539877300613
"1026","C",8,3,"Eucalyptus","oxymitra","Eoxy","E OXYM","C6","2","DES",12,6,6,1,54,"C8","Eoxy_C6_2_R54",1,0.494660361,52,60,"p","26",-0.0608007909045972,-0.0586135637798235
"1027","C",8,3,"Eucalyptus","oxymitra","Eoxy","E OXYM","C6","2","DES",12,6,6,1,54,"C8","Eoxy_C6_2_R54",1,0.494660361,30,15,"o","26",0.69851150202977,0.67704834605598
"1028","C",8,3,"Eucalyptus","oxymitra","Eoxy","E OXYM","C6","2","DES",12,6,6,1,54,"C8","Eoxy_C6_2_R54",1,0.494660361,44,30,"i","26",0.757997936016512,0.743213030980517
"1029","C",8,3,"Eucalyptus","oxymitra","Eoxy","E OXYM","C6","2","DES",12,6,6,1,54,"C8","Eoxy_C6_2_R54",1,0.494660361,44,120,"o","26",0.20954003407155,0.182357301704967
"1030","C",8,3,"Eucalyptus","oxymitra","Eoxy","E OXYM","C6","2","DES",12,6,6,1,54,"C8","Eoxy_C6_2_R54",1,0.494660361,36,60,"o","26",0.746447101285811,0.748568008891169
"1031","C",8,3,"Eucalyptus","oxymitra","Eoxy","E OXYM","C6","2","DES",12,6,6,1,54,"C8","Eoxy_C6_2_R54",1,0.494660361,40,15,"o","26",0.776876267748479,0.792675465431343
"1032","C",8,3,"Eucalyptus","oxymitra","Eoxy","E OXYM","C6","2","DES",12,6,6,1,54,"C8","Eoxy_C6_2_R54",1,0.494660361,30,15,"i","26",0.79431482971306,0.793694241686942
"1033","C",8,3,"Eucalyptus","oxymitra","Eoxy","E OXYM","C6","2","DES",12,6,6,1,54,"C8","Eoxy_C6_2_R54",1,0.494660361,36,120,"i","26",0.784594594594595,0.784832091456568
"1034","C",8,3,"Eucalyptus","oxymitra","Eoxy","E OXYM","C6","2","DES",12,6,6,1,54,"C8","Eoxy_C6_2_R54",1,0.494660361,44,120,"p","26",0.103723404255319,0.0931615460852329
"1035","C",8,3,"Eucalyptus","oxymitra","Eoxy","E OXYM","C6","2","DES",12,6,6,1,54,"C8","Eoxy_C6_2_R54",1,0.494660361,36,30,"i","26",0.805764736432096,0.805376790533527
"1036","C",8,3,"Eucalyptus","oxymitra","Eoxy","E OXYM","C6","2","DES",12,6,6,1,54,"C8","Eoxy_C6_2_R54",1,0.494660361,48,30,"p","26",-0.0644171779141104,-0.0632336236274138
"1037","C",8,3,"Eucalyptus","oxymitra","Eoxy","E OXYM","C6","2","DES",12,6,6,1,54,"C8","Eoxy_C6_2_R54",1,0.494660361,44,15,"o","26",0.310038119440915,0.316592811422944
"1038","C",8,3,"Eucalyptus","oxymitra","Eoxy","E OXYM","C6","2","DES",12,6,6,1,54,"C8","Eoxy_C6_2_R54",1,0.494660361,48,5,"p","26",0.103146853146853,0.115251897860594
"1039","C",8,3,"Eucalyptus","oxymitra","Eoxy","E OXYM","C6","2","DES",12,6,6,1,54,"C8","Eoxy_C6_2_R54",1,0.494660361,56,15,"i","26",0.772382823463374,0.770906304728546
"1040","C",9,3,"Eucalyptus","pellita","Epel","E PELL","C7","1","TROP",24,8,6,1,55,"C9","Epel_C7_1_R55",1,0.501880319,36,120,"i","27",0.744289340101523,0.744949807906804
"1041","C",9,3,"Eucalyptus","pellita","Epel","E PELL","C7","1","TROP",24,8,6,1,55,"C9","Epel_C7_1_R55",1,0.501880319,30,60,"i","27",0.758291174817313,0.757020757020757
"1042","C",9,3,"Eucalyptus","pellita","Epel","E PELL","C7","1","TROP",24,8,6,1,55,"C9","Epel_C7_1_R55",1,0.501880319,52,15,"p","27",-0.0652654867256637,-0.0595289079229121
"1043","C",9,3,"Eucalyptus","pellita","Epel","E PELL","C7","1","TROP",24,8,6,1,55,"C9","Epel_C7_1_R55",1,0.501880319,56,5,"i","27",0.777461582242459,0.778288146986332
"1044","C",9,3,"Eucalyptus","pellita","Epel","E PELL","C7","1","TROP",24,8,6,1,55,"C9","Epel_C7_1_R55",1,0.501880319,56,5,"p","27",-0.0619469026548673,-0.0685892439594701
"1045","C",9,3,"Eucalyptus","pellita","Epel","E PELL","C7","1","TROP",24,8,6,1,55,"C9","Epel_C7_1_R55",1,0.501880319,30,60,"o","27",0.57573354480571,0.586284853051997
"1046","C",9,3,"Eucalyptus","pellita","Epel","E PELL","C7","1","TROP",24,8,6,1,55,"C9","Epel_C7_1_R55",1,0.501880319,44,30,"i","27",0.731994261119082,0.729090493601462
"1047","C",9,3,"Eucalyptus","pellita","Epel","E PELL","C7","1","TROP",24,8,6,1,55,"C9","Epel_C7_1_R55",1,0.501880319,44,120,"p","27",0.150579150579151,0.182521268368136
"1048","C",9,3,"Eucalyptus","pellita","Epel","E PELL","C7","1","TROP",24,8,6,1,55,"C9","Epel_C7_1_R55",1,0.501880319,48,15,"o","27",-0.0376447876447877,-0.0410557184750732
"1049","C",9,3,"Eucalyptus","pellita","Epel","E PELL","C7","1","TROP",24,8,6,1,55,"C9","Epel_C7_1_R55",1,0.501880319,52,30,"p","27",-0.08560794044665,-0.076960076960077
"1050","C",9,3,"Eucalyptus","pellita","Epel","E PELL","C7","1","TROP",24,8,6,1,55,"C9","Epel_C7_1_R55",1,0.501880319,56,30,"p","27",-0.0584415584415585,-0.0661798265632131
"1051","C",9,3,"Eucalyptus","pellita","Epel","E PELL","C7","1","TROP",24,8,6,1,55,"C9","Epel_C7_1_R55",1,0.501880319,44,15,"o","27",0.500293944738389,0.500109673173942
"1052","C",9,3,"Eucalyptus","pellita","Epel","E PELL","C7","1","TROP",24,8,6,1,55,"C9","Epel_C7_1_R55",1,0.501880319,30,15,"i","27",0.704875217643645,0.707098552722261
"1053","C",9,3,"Eucalyptus","pellita","Epel","E PELL","C7","1","TROP",24,8,6,1,55,"C9","Epel_C7_1_R55",1,0.501880319,52,5,"p","27",-0.0316455696202532,-0.0273858921161826
"1054","C",9,3,"Eucalyptus","pellita","Epel","E PELL","C7","1","TROP",24,8,6,1,55,"C9","Epel_C7_1_R55",1,0.501880319,52,30,"i","27",0.682787146038816,0.684562910560889
"1055","C",9,3,"Eucalyptus","pellita","Epel","E PELL","C7","1","TROP",24,8,6,1,55,"C9","Epel_C7_1_R55",1,0.501880319,52,60,"i","27",0.783903301886792,0.78308909048616
"1056","C",9,3,"Eucalyptus","pellita","Epel","E PELL","C7","1","TROP",24,8,6,1,55,"C9","Epel_C7_1_R55",1,0.501880319,56,15,"i","27",0.759711779448622,0.762930509918462
"1057","C",9,3,"Eucalyptus","pellita","Epel","E PELL","C7","1","TROP",24,8,6,1,55,"C9","Epel_C7_1_R55",1,0.501880319,30,15,"o","27",0.599850411368736,0.601360150484735
"1058","C",9,3,"Eucalyptus","pellita","Epel","E PELL","C7","1","TROP",24,8,6,1,55,"C9","Epel_C7_1_R55",1,0.501880319,36,30,"i","27",0.773465703971119,0.771599264705882
"1059","C",9,3,"Eucalyptus","pellita","Epel","E PELL","C7","1","TROP",24,8,6,1,55,"C9","Epel_C7_1_R55",1,0.501880319,30,30,"o","27",0.478547854785479,0.472032742155525
"1060","C",9,3,"Eucalyptus","pellita","Epel","E PELL","C7","1","TROP",24,8,6,1,55,"C9","Epel_C7_1_R55",1,0.501880319,56,30,"i","27",0.7453434225844,0.746662140755827
"1061","C",9,3,"Eucalyptus","pellita","Epel","E PELL","C7","1","TROP",24,8,6,1,55,"C9","Epel_C7_1_R55",1,0.501880319,48,60,"o","27",-0.0464316423043852,-0.0485829959514169
"1062","C",9,3,"Eucalyptus","pellita","Epel","E PELL","C7","1","TROP",24,8,6,1,55,"C9","Epel_C7_1_R55",1,0.501880319,40,120,"p","27",0.315789473684211,0.340772999455634
"1063","C",9,3,"Eucalyptus","pellita","Epel","E PELL","C7","1","TROP",24,8,6,1,55,"C9","Epel_C7_1_R55",1,0.501880319,48,15,"p","27",-0.04149377593361,-0.0553846153846153
"1064","C",9,3,"Eucalyptus","pellita","Epel","E PELL","C7","1","TROP",24,8,6,1,55,"C9","Epel_C7_1_R55",1,0.501880319,36,30,"o","27",0.471054718477399,0.48683404776485
"1065","C",9,3,"Eucalyptus","pellita","Epel","E PELL","C7","1","TROP",24,8,6,1,55,"C9","Epel_C7_1_R55",1,0.501880319,48,30,"o","27",0.0490909090909091,0.0126382306477093
"1066","C",9,3,"Eucalyptus","pellita","Epel","E PELL","C7","1","TROP",24,8,6,1,55,"C9","Epel_C7_1_R55",1,0.501880319,36,15,"p","27",0.306957708049113,0.308863512778684
"1067","C",9,3,"Eucalyptus","pellita","Epel","E PELL","C7","1","TROP",24,8,6,1,55,"C9","Epel_C7_1_R55",1,0.501880319,30,120,"i","27",0.748278711098871,0.748849828948921
"1068","C",9,3,"Eucalyptus","pellita","Epel","E PELL","C7","1","TROP",24,8,6,1,55,"C9","Epel_C7_1_R55",1,0.501880319,40,15,"i","27",0.737051792828685,0.739827373612824
"1069","C",9,3,"Eucalyptus","pellita","Epel","E PELL","C7","1","TROP",24,8,6,1,55,"C9","Epel_C7_1_R55",1,0.501880319,44,120,"o","27",0.461951656222023,0.487495775599865
"1070","C",9,3,"Eucalyptus","pellita","Epel","E PELL","C7","1","TROP",24,8,6,1,55,"C9","Epel_C7_1_R55",1,0.501880319,40,15,"o","27",0.694246737841044,0.698119736993886
"1071","C",9,3,"Eucalyptus","pellita","Epel","E PELL","C7","1","TROP",24,8,6,1,55,"C9","Epel_C7_1_R55",1,0.501880319,30,120,"o","27",0.475684740078256,0.478619153674833
"1072","C",9,3,"Eucalyptus","pellita","Epel","E PELL","C7","1","TROP",24,8,6,1,55,"C9","Epel_C7_1_R55",1,0.501880319,44,60,"o","27",0.379826254826255,0.40521408839779
"1073","C",9,3,"Eucalyptus","pellita","Epel","E PELL","C7","1","TROP",24,8,6,1,55,"C9","Epel_C7_1_R55",1,0.501880319,52,60,"p","27",-0.0702479338842975,-0.0711757766417617
"1074","C",9,3,"Eucalyptus","pellita","Epel","E PELL","C7","1","TROP",24,8,6,1,55,"C9","Epel_C7_1_R55",1,0.501880319,36,60,"o","27",0.587661069894572,0.601856077894417
"1075","C",9,3,"Eucalyptus","pellita","Epel","E PELL","C7","1","TROP",24,8,6,1,55,"C9","Epel_C7_1_R55",1,0.501880319,48,30,"p","27",-0.0620592383638928,-0.063625450180072
"1076","C",9,3,"Eucalyptus","pellita","Epel","E PELL","C7","1","TROP",24,8,6,1,55,"C9","Epel_C7_1_R55",1,0.501880319,36,5,"p","27",0.517661388550548,0.527456987980203
"1077","C",9,3,"Eucalyptus","pellita","Epel","E PELL","C7","1","TROP",24,8,6,1,55,"C9","Epel_C7_1_R55",1,0.501880319,40,5,"p","27",0.342690058479532,0.367816091954023
"1078","C",9,3,"Eucalyptus","pellita","Epel","E PELL","C7","1","TROP",24,8,6,1,55,"C9","Epel_C7_1_R55",1,0.501880319,48,5,"p","27",0.14488188976378,0.121779859484778
"1079","C",9,3,"Eucalyptus","pellita","Epel","E PELL","C7","1","TROP",24,8,6,1,55,"C9","Epel_C7_1_R55",1,0.501880319,52,60,"o","27",-0.0638297872340426,-0.0617007672634271
"1080","D",1,2,"Eucalyptus","infera","Einf","E INFE","C6","1","TEMP",24,8,6,1,56,"D1","Einf_C6_1_R56",1,0.505288963,30,60,"i","28",0.815187239944521,0.816340589694131
"1081","D",1,2,"Eucalyptus","infera","Einf","E INFE","C6","1","TEMP",24,8,6,1,56,"D1","Einf_C6_1_R56",1,0.505288963,52,5,"p","28",-0.0708661417322835,-0.0648481729284612
"1082","D",1,2,"Eucalyptus","infera","Einf","E INFE","C6","1","TEMP",24,8,6,1,56,"D1","Einf_C6_1_R56",1,0.505288963,52,30,"i","28",0.779003558718861,0.780188812174158
"1083","D",1,2,"Eucalyptus","infera","Einf","E INFE","C6","1","TEMP",24,8,6,1,56,"D1","Einf_C6_1_R56",1,0.505288963,56,5,"i","28",0.824495381457407,0.823256430654999
"1084","D",1,2,"Eucalyptus","infera","Einf","E INFE","C6","1","TEMP",24,8,6,1,56,"D1","Einf_C6_1_R56",1,0.505288963,44,30,"i","28",0.802622498274672,0.800324895085962
"1085","D",1,2,"Eucalyptus","infera","Einf","E INFE","C6","1","TEMP",24,8,6,1,56,"D1","Einf_C6_1_R56",1,0.505288963,40,120,"p","28",0.040160642570281,0.0268256333830104
"1086","D",1,2,"Eucalyptus","infera","Einf","E INFE","C6","1","TEMP",24,8,6,1,56,"D1","Einf_C6_1_R56",1,0.505288963,52,15,"p","28",-0.0988764044943821,-0.10507880910683
"1087","D",1,2,"Eucalyptus","infera","Einf","E INFE","C6","1","TEMP",24,8,6,1,56,"D1","Einf_C6_1_R56",1,0.505288963,52,60,"o","28",-0.104615384615385,-0.0871886120996441
"1088","D",1,2,"Eucalyptus","infera","Einf","E INFE","C6","1","TEMP",24,8,6,1,56,"D1","Einf_C6_1_R56",1,0.505288963,48,15,"o","28",0.212403100775194,0.211706102117061
"1089","D",1,2,"Eucalyptus","infera","Einf","E INFE","C6","1","TEMP",24,8,6,1,56,"D1","Einf_C6_1_R56",1,0.505288963,30,15,"o","28",0.721958925750395,0.628054298642534
"1090","D",1,2,"Eucalyptus","infera","Einf","E INFE","C6","1","TEMP",24,8,6,1,56,"D1","Einf_C6_1_R56",1,0.505288963,48,15,"p","28",0.108374384236453,0.115286080273271
"1091","D",1,2,"Eucalyptus","infera","Einf","E INFE","C6","1","TEMP",24,8,6,1,56,"D1","Einf_C6_1_R56",1,0.505288963,44,15,"o","28",0.520710059171598,0.442807625649913
"1092","D",1,2,"Eucalyptus","infera","Einf","E INFE","C6","1","TEMP",24,8,6,1,56,"D1","Einf_C6_1_R56",1,0.505288963,30,15,"i","28",0.806925498426023,0.811559555618057
"1093","D",1,2,"Eucalyptus","infera","Einf","E INFE","C6","1","TEMP",24,8,6,1,56,"D1","Einf_C6_1_R56",1,0.505288963,56,5,"p","28",-0.0896551724137931,-0.118725868725869
"1094","D",1,2,"Eucalyptus","infera","Einf","E INFE","C6","1","TEMP",24,8,6,1,56,"D1","Einf_C6_1_R56",1,0.505288963,36,120,"i","28",0.810575878304962,0.801057401812689
"1095","D",1,2,"Eucalyptus","infera","Einf","E INFE","C6","1","TEMP",24,8,6,1,56,"D1","Einf_C6_1_R56",1,0.505288963,30,30,"o","28",0.411764705882353,0.431511470985155
"1096","D",1,2,"Eucalyptus","infera","Einf","E INFE","C6","1","TEMP",24,8,6,1,56,"D1","Einf_C6_1_R56",1,0.505288963,40,15,"i","28",0.808152580403889,0.808240159289325
"1097","D",1,2,"Eucalyptus","infera","Einf","E INFE","C6","1","TEMP",24,8,6,1,56,"D1","Einf_C6_1_R56",1,0.505288963,30,60,"o","28",0.631424375917768,0.618279569892473
"1098","D",1,2,"Eucalyptus","infera","Einf","E INFE","C6","1","TEMP",24,8,6,1,56,"D1","Einf_C6_1_R56",1,0.505288963,52,60,"i","28",0.836812804453723,0.839945836154367
"1099","D",1,2,"Eucalyptus","infera","Einf","E INFE","C6","1","TEMP",24,8,6,1,56,"D1","Einf_C6_1_R56",1,0.505288963,36,5,"p","28",0.618991793669402,0.62141710616831
"1100","D",1,2,"Eucalyptus","infera","Einf","E INFE","C6","1","TEMP",24,8,6,1,56,"D1","Einf_C6_1_R56",1,0.505288963,48,60,"o","28",-0.00763358778625955,-0.0242463958060289
"1101","D",1,2,"Eucalyptus","infera","Einf","E INFE","C6","1","TEMP",24,8,6,1,56,"D1","Einf_C6_1_R56",1,0.505288963,48,30,"o","28",-0.0475266731328807,-0.0336448598130841
"1102","D",1,2,"Eucalyptus","infera","Einf","E INFE","C6","1","TEMP",24,8,6,1,56,"D1","Einf_C6_1_R56",1,0.505288963,52,30,"p","28",-0.0843373493975903,-0.093833780160858
"1103","D",1,2,"Eucalyptus","infera","Einf","E INFE","C6","1","TEMP",24,8,6,1,56,"D1","Einf_C6_1_R56",1,0.505288963,48,5,"p","28",0.051150895140665,0.0477081384471469
"1104","D",1,2,"Eucalyptus","infera","Einf","E INFE","C6","1","TEMP",24,8,6,1,56,"D1","Einf_C6_1_R56",1,0.505288963,44,60,"o","28",0.341968911917098,0.338957816377171
"1105","D",1,2,"Eucalyptus","infera","Einf","E INFE","C6","1","TEMP",24,8,6,1,56,"D1","Einf_C6_1_R56",1,0.505288963,36,15,"p","28",0.396245059288538,0.386847195357834
"1106","D",1,2,"Eucalyptus","infera","Einf","E INFE","C6","1","TEMP",24,8,6,1,56,"D1","Einf_C6_1_R56",1,0.505288963,56,30,"i","28",0.805633802816901,0.804347826086957
"1107","D",1,2,"Eucalyptus","infera","Einf","E INFE","C6","1","TEMP",24,8,6,1,56,"D1","Einf_C6_1_R56",1,0.505288963,40,15,"o","28",0.72508038585209,0.716463909164639
"1108","D",1,2,"Eucalyptus","infera","Einf","E INFE","C6","1","TEMP",24,8,6,1,56,"D1","Einf_C6_1_R56",1,0.505288963,56,30,"p","28",-0.162650602409639,-0.141367323290846
"1109","D",1,2,"Eucalyptus","infera","Einf","E INFE","C6","1","TEMP",24,8,6,1,56,"D1","Einf_C6_1_R56",1,0.505288963,36,60,"o","28",0.508741258741259,0.501500375093773
"1110","D",1,2,"Eucalyptus","infera","Einf","E INFE","C6","1","TEMP",24,8,6,1,56,"D1","Einf_C6_1_R56",1,0.505288963,30,120,"o","28",0.274064171122995,0.252861035422343
"1111","D",1,2,"Eucalyptus","infera","Einf","E INFE","C6","1","TEMP",24,8,6,1,56,"D1","Einf_C6_1_R56",1,0.505288963,52,60,"p","28",-0.14441416893733,-0.136219640971489
"1112","D",1,2,"Eucalyptus","infera","Einf","E INFE","C6","1","TEMP",24,8,6,1,56,"D1","Einf_C6_1_R56",1,0.505288963,56,15,"i","28",0.815327481431465,0.813895472121741
"1113","D",1,2,"Eucalyptus","infera","Einf","E INFE","C6","1","TEMP",24,8,6,1,56,"D1","Einf_C6_1_R56",1,0.505288963,44,120,"o","28",0.149171270718232,0.159528907922912
"1114","D",1,2,"Eucalyptus","infera","Einf","E INFE","C6","1","TEMP",24,8,6,1,56,"D1","Einf_C6_1_R56",1,0.505288963,30,120,"i","28",0.802927525883613,0.804677533664068
"1115","D",1,2,"Eucalyptus","infera","Einf","E INFE","C6","1","TEMP",24,8,6,1,56,"D1","Einf_C6_1_R56",1,0.505288963,44,120,"p","28",0.0562248995983935,0.0599369085173501
"1116","D",1,2,"Eucalyptus","infera","Einf","E INFE","C6","1","TEMP",24,8,6,1,56,"D1","Einf_C6_1_R56",1,0.505288963,36,30,"i","28",0.816307972112762,0.816782704287285
"1117","D",1,2,"Eucalyptus","infera","Einf","E INFE","C6","1","TEMP",24,8,6,1,56,"D1","Einf_C6_1_R56",1,0.505288963,48,30,"p","28",-0.112391930835735,-0.11455727863932
"1118","D",1,2,"Eucalyptus","infera","Einf","E INFE","C6","1","TEMP",24,8,6,1,56,"D1","Einf_C6_1_R56",1,0.505288963,40,5,"p","28",0.464989059080963,0.46128635804998
"1119","D",1,2,"Eucalyptus","infera","Einf","E INFE","C6","1","TEMP",24,8,6,1,56,"D1","Einf_C6_1_R56",1,0.505288963,36,30,"o","28",0.644679826673086,0.640536456365697
"1120","D",2,3,"Corymbia","watsoniana","Cwat","C WATS","C7","1","SUB",24,8,6,1,57,"D2","Cwat_C7_1_R57",1,0.506198212,52,30,"i","29",0.683318465655665,0.687402799377916
"1121","D",2,3,"Corymbia","watsoniana","Cwat","C WATS","C7","1","SUB",24,8,6,1,57,"D2","Cwat_C7_1_R57",1,0.506198212,52,5,"p","29",-0.0972818311874106,-0.113091922005571
"1122","D",2,3,"Corymbia","watsoniana","Cwat","C WATS","C7","1","SUB",24,8,6,1,57,"D2","Cwat_C7_1_R57",1,0.506198212,44,30,"i","29",0.703037817730936,0.708713394143063
"1123","D",2,3,"Corymbia","watsoniana","Cwat","C WATS","C7","1","SUB",24,8,6,1,57,"D2","Cwat_C7_1_R57",1,0.506198212,48,15,"o","29",0.00700280112044818,0.00652883569096831
"1124","D",2,3,"Corymbia","watsoniana","Cwat","C WATS","C7","1","SUB",24,8,6,1,57,"D2","Cwat_C7_1_R57",1,0.506198212,56,5,"p","29",-0.101492537313433,-0.108287292817679
"1125","D",2,3,"Corymbia","watsoniana","Cwat","C WATS","C7","1","SUB",24,8,6,1,57,"D2","Cwat_C7_1_R57",1,0.506198212,30,30,"o","29",0.152038700760193,0.174274973147154
"1126","D",2,3,"Corymbia","watsoniana","Cwat","C WATS","C7","1","SUB",24,8,6,1,57,"D2","Cwat_C7_1_R57",1,0.506198212,44,15,"o","29",0.184707050645482,0.182783018867925
"1127","D",2,3,"Corymbia","watsoniana","Cwat","C WATS","C7","1","SUB",24,8,6,1,57,"D2","Cwat_C7_1_R57",1,0.506198212,36,5,"p","29",0.152601156069364,0.137947269303202
"1128","D",2,3,"Corymbia","watsoniana","Cwat","C WATS","C7","1","SUB",24,8,6,1,57,"D2","Cwat_C7_1_R57",1,0.506198212,40,15,"i","29",0.693230769230769,0.695014662756598
"1129","D",2,3,"Corymbia","watsoniana","Cwat","C WATS","C7","1","SUB",24,8,6,1,57,"D2","Cwat_C7_1_R57",1,0.506198212,30,15,"i","29",0.716013673415725,0.721271641186595
"1130","D",2,3,"Corymbia","watsoniana","Cwat","C WATS","C7","1","SUB",24,8,6,1,57,"D2","Cwat_C7_1_R57",1,0.506198212,48,15,"p","29",-0.0362318840579711,-0.0294964028776978
"1131","D",2,3,"Corymbia","watsoniana","Cwat","C WATS","C7","1","SUB",24,8,6,1,57,"D2","Cwat_C7_1_R57",1,0.506198212,30,120,"o","29",0.116527942925089,0.166173361522199
"1132","D",2,3,"Corymbia","watsoniana","Cwat","C WATS","C7","1","SUB",24,8,6,1,57,"D2","Cwat_C7_1_R57",1,0.506198212,40,120,"p","29",-0.0501043841336117,-0.0402097902097903
"1133","D",2,3,"Corymbia","watsoniana","Cwat","C WATS","C7","1","SUB",24,8,6,1,57,"D2","Cwat_C7_1_R57",1,0.506198212,36,30,"i","29",0.704018109790606,0.704793388429752
"1134","D",2,3,"Corymbia","watsoniana","Cwat","C WATS","C7","1","SUB",24,8,6,1,57,"D2","Cwat_C7_1_R57",1,0.506198212,52,30,"p","29",-0.106212424849699,-0.117263843648209
"1135","D",2,3,"Corymbia","watsoniana","Cwat","C WATS","C7","1","SUB",24,8,6,1,57,"D2","Cwat_C7_1_R57",1,0.506198212,52,15,"p","29",-0.0505181347150259,-0.0427679000480539
"1136","D",2,3,"Corymbia","watsoniana","Cwat","C WATS","C7","1","SUB",24,8,6,1,57,"D2","Cwat_C7_1_R57",1,0.506198212,52,60,"p","29",-0.116379310344828,-0.101151315789474
"1137","D",2,3,"Corymbia","watsoniana","Cwat","C WATS","C7","1","SUB",24,8,6,1,57,"D2","Cwat_C7_1_R57",1,0.506198212,52,60,"i","29",0.740977881257276,0.73932455638237
"1138","D",2,3,"Corymbia","watsoniana","Cwat","C WATS","C7","1","SUB",24,8,6,1,57,"D2","Cwat_C7_1_R57",1,0.506198212,52,60,"o","29",-0.0979827089337176,-0.095486111111111
"1139","D",2,3,"Corymbia","watsoniana","Cwat","C WATS","C7","1","SUB",24,8,6,1,57,"D2","Cwat_C7_1_R57",1,0.506198212,56,5,"i","29",0.755555555555556,0.756272401433692
"1140","D",2,3,"Corymbia","watsoniana","Cwat","C WATS","C7","1","SUB",24,8,6,1,57,"D2","Cwat_C7_1_R57",1,0.506198212,44,60,"o","29",0.016366612111293,0.0117340286831812
"1141","D",2,3,"Corymbia","watsoniana","Cwat","C WATS","C7","1","SUB",24,8,6,1,57,"D2","Cwat_C7_1_R57",1,0.506198212,48,30,"o","29",-0.0263713080168777,-0.0362008563643441
"1142","D",2,3,"Corymbia","watsoniana","Cwat","C WATS","C7","1","SUB",24,8,6,1,57,"D2","Cwat_C7_1_R57",1,0.506198212,30,60,"i","29",0.718723282986606,0.719386014781126
"1143","D",2,3,"Corymbia","watsoniana","Cwat","C WATS","C7","1","SUB",24,8,6,1,57,"D2","Cwat_C7_1_R57",1,0.506198212,48,60,"o","29",-0.0657734470158342,-0.0627376425855514
"1144","D",2,3,"Corymbia","watsoniana","Cwat","C WATS","C7","1","SUB",24,8,6,1,57,"D2","Cwat_C7_1_R57",1,0.506198212,30,120,"i","29",0.741149887019834,0.73692534795445
"1145","D",2,3,"Corymbia","watsoniana","Cwat","C WATS","C7","1","SUB",24,8,6,1,57,"D2","Cwat_C7_1_R57",1,0.506198212,36,30,"o","29",0.342533616418967,0.336607916787056
"1146","D",2,3,"Corymbia","watsoniana","Cwat","C WATS","C7","1","SUB",24,8,6,1,57,"D2","Cwat_C7_1_R57",1,0.506198212,56,15,"i","29",0.748391885205344,0.746758349705305
"1147","D",2,3,"Corymbia","watsoniana","Cwat","C WATS","C7","1","SUB",24,8,6,1,57,"D2","Cwat_C7_1_R57",1,0.506198212,48,30,"p","29",-0.0850801479654746,-0.0735755944369673
"1148","D",2,3,"Corymbia","watsoniana","Cwat","C WATS","C7","1","SUB",24,8,6,1,57,"D2","Cwat_C7_1_R57",1,0.506198212,40,5,"p","29",0.556053811659193,0.547650417215635
"1149","D",2,3,"Corymbia","watsoniana","Cwat","C WATS","C7","1","SUB",24,8,6,1,57,"D2","Cwat_C7_1_R57",1,0.506198212,30,15,"o","29",0.45080891998251,0.445742609311383
"1150","D",2,3,"Corymbia","watsoniana","Cwat","C WATS","C7","1","SUB",24,8,6,1,57,"D2","Cwat_C7_1_R57",1,0.506198212,56,30,"p","29",-0.128834355828221,-0.130775254502741
"1151","D",2,3,"Corymbia","watsoniana","Cwat","C WATS","C7","1","SUB",24,8,6,1,57,"D2","Cwat_C7_1_R57",1,0.506198212,36,60,"o","29",0.426210826210826,0.426596445029625
"1152","D",2,3,"Corymbia","watsoniana","Cwat","C WATS","C7","1","SUB",24,8,6,1,57,"D2","Cwat_C7_1_R57",1,0.506198212,48,5,"p","29",0.0345821325648415,0.0353276353276354
"1153","D",2,3,"Corymbia","watsoniana","Cwat","C WATS","C7","1","SUB",24,8,6,1,57,"D2","Cwat_C7_1_R57",1,0.506198212,44,120,"o","29",-0.0387596899224807,-0.0511860174781523
"1154","D",2,3,"Corymbia","watsoniana","Cwat","C WATS","C7","1","SUB",24,8,6,1,57,"D2","Cwat_C7_1_R57",1,0.506198212,40,15,"o","29",0.496541681834729,0.501936039007601
"1155","D",2,3,"Corymbia","watsoniana","Cwat","C WATS","C7","1","SUB",24,8,6,1,57,"D2","Cwat_C7_1_R57",1,0.506198212,56,30,"i","29",0.737861352792591,0.726581476396663
"1156","D",2,3,"Corymbia","watsoniana","Cwat","C WATS","C7","1","SUB",24,8,6,1,57,"D2","Cwat_C7_1_R57",1,0.506198212,36,120,"i","29",0.72248243559719,0.723131918819188
"1157","D",2,3,"Corymbia","watsoniana","Cwat","C WATS","C7","1","SUB",24,8,6,1,57,"D2","Cwat_C7_1_R57",1,0.506198212,30,60,"o","29",0.127441860465116,0.130043227665706
"1158","D",2,3,"Corymbia","watsoniana","Cwat","C WATS","C7","1","SUB",24,8,6,1,57,"D2","Cwat_C7_1_R57",1,0.506198212,44,120,"p","29",-0.0470588235294116,-0.0382819794584499
"1159","D",2,3,"Corymbia","watsoniana","Cwat","C WATS","C7","1","SUB",24,8,6,1,57,"D2","Cwat_C7_1_R57",1,0.506198212,36,15,"p","29",0.154008438818565,0.153683319220999
"1160","D",3,2,"Eucalyptus","gracilis","Egra","E GRAC","C1","1","COSMO",24,7,6,1,58,"D3","Egra_C1_1_R58",1,0.514040589,30,60,"i","30",0.778632243889041,0.783808028705988
"1161","D",3,2,"Eucalyptus","gracilis","Egra","E GRAC","C1","1","COSMO",24,7,6,1,58,"D3","Egra_C1_1_R58",1,0.514040589,30,30,"o","30",0.692193968066233,0.6917792534921
"1162","D",3,2,"Eucalyptus","gracilis","Egra","E GRAC","C1","1","COSMO",24,7,6,1,58,"D3","Egra_C1_1_R58",1,0.514040589,44,60,"o","30",0.366644159351789,0.310831426392067
"1163","D",3,2,"Eucalyptus","gracilis","Egra","E GRAC","C1","1","COSMO",24,7,6,1,58,"D3","Egra_C1_1_R58",1,0.514040589,36,60,"o","30",0.734676742233417,0.733968324288404
"1164","D",3,2,"Eucalyptus","gracilis","Egra","E GRAC","C1","1","COSMO",24,7,6,1,58,"D3","Egra_C1_1_R58",1,0.514040589,30,15,"i","30",0.785805626598465,0.786805207811718
"1165","D",3,2,"Eucalyptus","gracilis","Egra","E GRAC","C1","1","COSMO",24,7,6,1,58,"D3","Egra_C1_1_R58",1,0.514040589,48,15,"o","30",-0.0613879003558719,-0.0508236943568174
"1166","D",3,2,"Eucalyptus","gracilis","Egra","E GRAC","C1","1","COSMO",24,7,6,1,58,"D3","Egra_C1_1_R58",1,0.514040589,40,120,"p","30",0.202875399361022,0.125295508274232
"1167","D",3,2,"Eucalyptus","gracilis","Egra","E GRAC","C1","1","COSMO",24,7,6,1,58,"D3","Egra_C1_1_R58",1,0.514040589,36,5,"p","30",0.706764411862712,0.703353163872363
"1168","D",3,2,"Eucalyptus","gracilis","Egra","E GRAC","C1","1","COSMO",24,7,6,1,58,"D3","Egra_C1_1_R58",1,0.514040589,52,30,"p","30",-0.0853211009174312,-0.0803474484256244
"1169","D",3,2,"Eucalyptus","gracilis","Egra","E GRAC","C1","1","COSMO",24,7,6,1,58,"D3","Egra_C1_1_R58",1,0.514040589,56,15,"i","30",0.790513833992095,0.790579542830755
"1170","D",3,2,"Eucalyptus","gracilis","Egra","E GRAC","C1","1","COSMO",24,7,6,1,58,"D3","Egra_C1_1_R58",1,0.514040589,52,15,"p","30",-0.0775665399239543,-0.0638230647709322
"1171","D",3,2,"Eucalyptus","gracilis","Egra","E GRAC","C1","1","COSMO",24,7,6,1,58,"D3","Egra_C1_1_R58",1,0.514040589,44,120,"p","30",0.1515625,0.113132911392405
"1172","D",3,2,"Eucalyptus","gracilis","Egra","E GRAC","C1","1","COSMO",24,7,6,1,58,"D3","Egra_C1_1_R58",1,0.514040589,30,60,"o","30",0.690987124463519,0.677075855467815
"1173","D",3,2,"Eucalyptus","gracilis","Egra","E GRAC","C1","1","COSMO",24,7,6,1,58,"D3","Egra_C1_1_R58",1,0.514040589,56,30,"i","30",0.78110409228234,0.782837704378361
"1174","D",3,2,"Eucalyptus","gracilis","Egra","E GRAC","C1","1","COSMO",24,7,6,1,58,"D3","Egra_C1_1_R58",1,0.514040589,40,15,"o","30",0.768001907486886,0.766539853391482
"1175","D",3,2,"Eucalyptus","gracilis","Egra","E GRAC","C1","1","COSMO",24,7,6,1,58,"D3","Egra_C1_1_R58",1,0.514040589,52,5,"p","30",-0.080365296803653,-0.0827250608272506
"1176","D",3,2,"Eucalyptus","gracilis","Egra","E GRAC","C1","1","COSMO",24,7,6,1,58,"D3","Egra_C1_1_R58",1,0.514040589,40,5,"p","30",0.721130809774796,0.720522388059702
"1177","D",3,2,"Eucalyptus","gracilis","Egra","E GRAC","C1","1","COSMO",24,7,6,1,58,"D3","Egra_C1_1_R58",1,0.514040589,40,15,"i","30",0.770955414012739,0.768091228818075
"1178","D",3,2,"Eucalyptus","gracilis","Egra","E GRAC","C1","1","COSMO",24,7,6,1,58,"D3","Egra_C1_1_R58",1,0.514040589,36,120,"i","30",0.74553078790554,0.720620639001102
"1179","D",3,2,"Eucalyptus","gracilis","Egra","E GRAC","C1","1","COSMO",24,7,6,1,58,"D3","Egra_C1_1_R58",1,0.514040589,30,15,"o","30",0.730856956663408,0.729781771501926
"1180","D",3,2,"Eucalyptus","gracilis","Egra","E GRAC","C1","1","COSMO",24,7,6,1,58,"D3","Egra_C1_1_R58",1,0.514040589,56,5,"i","30",0.763621794871795,0.765609990393852
"1181","D",3,2,"Eucalyptus","gracilis","Egra","E GRAC","C1","1","COSMO",24,7,6,1,58,"D3","Egra_C1_1_R58",1,0.514040589,36,30,"i","30",0.788762258150013,0.786689239233944
"1182","D",3,2,"Eucalyptus","gracilis","Egra","E GRAC","C1","1","COSMO",24,7,6,1,58,"D3","Egra_C1_1_R58",1,0.514040589,30,120,"i","30",0.777345918933926,0.780622603203248
"1183","D",3,2,"Eucalyptus","gracilis","Egra","E GRAC","C1","1","COSMO",24,7,6,1,58,"D3","Egra_C1_1_R58",1,0.514040589,48,5,"p","30",-0.0106609808102346,-0.0325621251071123
"1184","D",3,2,"Eucalyptus","gracilis","Egra","E GRAC","C1","1","COSMO",24,7,6,1,58,"D3","Egra_C1_1_R58",1,0.514040589,36,15,"p","30",0.711111111111111,0.709027892391484
"1185","D",3,2,"Eucalyptus","gracilis","Egra","E GRAC","C1","1","COSMO",24,7,6,1,58,"D3","Egra_C1_1_R58",1,0.514040589,56,5,"p","30",-0.0905002810567735,-0.0936868119523703
"1186","D",3,2,"Eucalyptus","gracilis","Egra","E GRAC","C1","1","COSMO",24,7,6,1,58,"D3","Egra_C1_1_R58",1,0.514040589,48,30,"o","30",-0.0488517745302713,-0.0497265892002733
"1187","D",3,2,"Eucalyptus","gracilis","Egra","E GRAC","C1","1","COSMO",24,7,6,1,58,"D3","Egra_C1_1_R58",1,0.514040589,52,60,"o","30",-0.0862884160756501,-0.0902743142144638
"1188","D",3,2,"Eucalyptus","gracilis","Egra","E GRAC","C1","1","COSMO",24,7,6,1,58,"D3","Egra_C1_1_R58",1,0.514040589,48,60,"o","30",-0.0656469088591458,-0.0637741766858339
"1189","D",3,2,"Eucalyptus","gracilis","Egra","E GRAC","C1","1","COSMO",24,7,6,1,58,"D3","Egra_C1_1_R58",1,0.514040589,44,30,"i","30",0.777979745520644,0.777946230038407
"1190","D",3,2,"Eucalyptus","gracilis","Egra","E GRAC","C1","1","COSMO",24,7,6,1,58,"D3","Egra_C1_1_R58",1,0.514040589,56,30,"p","30",-0.0921409214092141,-0.0976794387479762
"1191","D",3,2,"Eucalyptus","gracilis","Egra","E GRAC","C1","1","COSMO",24,7,6,1,58,"D3","Egra_C1_1_R58",1,0.514040589,48,30,"p","30",-0.104389086595492,-0.095282146160962
"1192","D",3,2,"Eucalyptus","gracilis","Egra","E GRAC","C1","1","COSMO",24,7,6,1,58,"D3","Egra_C1_1_R58",1,0.514040589,48,15,"p","30",-0.0818291215403129,-0.0869360902255638
"1193","D",3,2,"Eucalyptus","gracilis","Egra","E GRAC","C1","1","COSMO",24,7,6,1,58,"D3","Egra_C1_1_R58",1,0.514040589,44,120,"o","30",0.182754182754183,0.17817606747496
"1194","D",3,2,"Eucalyptus","gracilis","Egra","E GRAC","C1","1","COSMO",24,7,6,1,58,"D3","Egra_C1_1_R58",1,0.514040589,36,30,"o","30",0.672518353016278,0.669904121529075
"1195","D",3,2,"Eucalyptus","gracilis","Egra","E GRAC","C1","1","COSMO",24,7,6,1,58,"D3","Egra_C1_1_R58",1,0.514040589,30,120,"o","30",0.735424764019989,0.732264702696848
"1196","D",3,2,"Eucalyptus","gracilis","Egra","E GRAC","C1","1","COSMO",24,7,6,1,58,"D3","Egra_C1_1_R58",1,0.514040589,52,30,"i","30",0.735042735042735,0.737374791318865
"1197","D",3,2,"Eucalyptus","gracilis","Egra","E GRAC","C1","1","COSMO",24,7,6,1,58,"D3","Egra_C1_1_R58",1,0.514040589,44,15,"o","30",0.493273542600897,0.494776617026006
"1198","D",3,2,"Eucalyptus","gracilis","Egra","E GRAC","C1","1","COSMO",24,7,6,1,58,"D3","Egra_C1_1_R58",1,0.514040589,52,60,"i","30",0.773768043802887,0.772653557672816
"1199","D",3,2,"Eucalyptus","gracilis","Egra","E GRAC","C1","1","COSMO",24,7,6,1,58,"D3","Egra_C1_1_R58",1,0.514040589,52,60,"p","30",-0.0862573099415205,-0.103018372703412
"1200","D",4,2,"Eucalyptus","brassiana","Ebra","E BRASS","C6","1","TROP",24,8,6,1,59,"D4","Ebra_C6_1_R59",1,0.568888801,44,60,"o","31",-0.0245231607629427,-0.0363636363636362
"1201","D",4,2,"Eucalyptus","brassiana","Ebra","E BRASS","C6","1","TROP",24,8,6,1,59,"D4","Ebra_C6_1_R59",1,0.568888801,48,15,"o","31",0.0076923076923077,0.00553846153846153
"1202","D",4,2,"Eucalyptus","brassiana","Ebra","E BRASS","C6","1","TROP",24,8,6,1,59,"D4","Ebra_C6_1_R59",1,0.568888801,52,5,"p","31",-0.0573122529644269,-0.0546972860125262
"1203","D",4,2,"Eucalyptus","brassiana","Ebra","E BRASS","C6","1","TROP",24,8,6,1,59,"D4","Ebra_C6_1_R59",1,0.568888801,52,30,"p","31",-0.0790464240903388,-0.0707317073170731
"1204","D",4,2,"Eucalyptus","brassiana","Ebra","E BRASS","C6","1","TROP",24,8,6,1,59,"D4","Ebra_C6_1_R59",1,0.568888801,36,60,"o","31",0.620661494487546,0.612019230769231
"1205","D",4,2,"Eucalyptus","brassiana","Ebra","E BRASS","C6","1","TROP",24,8,6,1,59,"D4","Ebra_C6_1_R59",1,0.568888801,36,30,"o","31",0.719876733436056,0.717335510965936
"1206","D",4,2,"Eucalyptus","brassiana","Ebra","E BRASS","C6","1","TROP",24,8,6,1,59,"D4","Ebra_C6_1_R59",1,0.568888801,30,30,"o","31",0.522866572371523,0.52479644707624
"1207","D",4,2,"Eucalyptus","brassiana","Ebra","E BRASS","C6","1","TROP",24,8,6,1,59,"D4","Ebra_C6_1_R59",1,0.568888801,52,60,"p","31",-0.0789049919484702,-0.0829931972789116
"1208","D",4,2,"Eucalyptus","brassiana","Ebra","E BRASS","C6","1","TROP",24,8,6,1,59,"D4","Ebra_C6_1_R59",1,0.568888801,44,15,"o","31",0.266666666666667,0.380969875091844
"1209","D",4,2,"Eucalyptus","brassiana","Ebra","E BRASS","C6","1","TROP",24,8,6,1,59,"D4","Ebra_C6_1_R59",1,0.568888801,36,5,"p","31",0.597505197505197,0.608361622297659
"1210","D",4,2,"Eucalyptus","brassiana","Ebra","E BRASS","C6","1","TROP",24,8,6,1,59,"D4","Ebra_C6_1_R59",1,0.568888801,36,30,"i","31",0.801933629474784,0.803654864500052
"1211","D",4,2,"Eucalyptus","brassiana","Ebra","E BRASS","C6","1","TROP",24,8,6,1,59,"D4","Ebra_C6_1_R59",1,0.568888801,56,5,"i","31",0.801472454937802,0.803427318919996
"1212","D",4,2,"Eucalyptus","brassiana","Ebra","E BRASS","C6","1","TROP",24,8,6,1,59,"D4","Ebra_C6_1_R59",1,0.568888801,30,15,"o","31",0.753279515640767,0.734866956429556
"1213","D",4,2,"Eucalyptus","brassiana","Ebra","E BRASS","C6","1","TROP",24,8,6,1,59,"D4","Ebra_C6_1_R59",1,0.568888801,30,120,"o","31",0.394984326018809,0.391532756489493
"1214","D",4,2,"Eucalyptus","brassiana","Ebra","E BRASS","C6","1","TROP",24,8,6,1,59,"D4","Ebra_C6_1_R59",1,0.568888801,52,60,"o","31",-0.08,-0.0772759350741003
"1215","D",4,2,"Eucalyptus","brassiana","Ebra","E BRASS","C6","1","TROP",24,8,6,1,59,"D4","Ebra_C6_1_R59",1,0.568888801,44,120,"o","31",-0.0783744557329463,-0.0764006791171476
"1216","D",4,2,"Eucalyptus","brassiana","Ebra","E BRASS","C6","1","TROP",24,8,6,1,59,"D4","Ebra_C6_1_R59",1,0.568888801,44,30,"i","31",0.768061725508534,0.768038955289951
"1217","D",4,2,"Eucalyptus","brassiana","Ebra","E BRASS","C6","1","TROP",24,8,6,1,59,"D4","Ebra_C6_1_R59",1,0.568888801,30,15,"i","31",0.790763673890609,0.793428628151678
"1218","D",4,2,"Eucalyptus","brassiana","Ebra","E BRASS","C6","1","TROP",24,8,6,1,59,"D4","Ebra_C6_1_R59",1,0.568888801,56,30,"p","31",-0.102351313969571,-0.0931108719052745
"1219","D",4,2,"Eucalyptus","brassiana","Ebra","E BRASS","C6","1","TROP",24,8,6,1,59,"D4","Ebra_C6_1_R59",1,0.568888801,40,120,"p","31",0.0319488817891374,0.00262123197903009
"1220","D",4,2,"Eucalyptus","brassiana","Ebra","E BRASS","C6","1","TROP",24,8,6,1,59,"D4","Ebra_C6_1_R59",1,0.568888801,56,5,"p","31",-0.092171717171717,-0.0895303326810175
"1221","D",4,2,"Eucalyptus","brassiana","Ebra","E BRASS","C6","1","TROP",24,8,6,1,59,"D4","Ebra_C6_1_R59",1,0.568888801,48,15,"p","31",0,-0.0183206106870229
"1222","D",4,2,"Eucalyptus","brassiana","Ebra","E BRASS","C6","1","TROP",24,8,6,1,59,"D4","Ebra_C6_1_R59",1,0.568888801,52,60,"i","31",0.798359025360517,0.798387899293462
"1223","D",4,2,"Eucalyptus","brassiana","Ebra","E BRASS","C6","1","TROP",24,8,6,1,59,"D4","Ebra_C6_1_R59",1,0.568888801,56,15,"i","31",0.784117801735472,0.783581334143132
"1224","D",4,2,"Eucalyptus","brassiana","Ebra","E BRASS","C6","1","TROP",24,8,6,1,59,"D4","Ebra_C6_1_R59",1,0.568888801,30,60,"i","31",0.784446764091858,0.787020109689214
"1225","D",4,2,"Eucalyptus","brassiana","Ebra","E BRASS","C6","1","TROP",24,8,6,1,59,"D4","Ebra_C6_1_R59",1,0.568888801,30,60,"o","31",0.516058073031236,0.506868131868132
"1226","D",4,2,"Eucalyptus","brassiana","Ebra","E BRASS","C6","1","TROP",24,8,6,1,59,"D4","Ebra_C6_1_R59",1,0.568888801,48,30,"o","31",-0.0245398773006135,-0.0291338582677166
"1227","D",4,2,"Eucalyptus","brassiana","Ebra","E BRASS","C6","1","TROP",24,8,6,1,59,"D4","Ebra_C6_1_R59",1,0.568888801,48,60,"o","31",-0.0508670520231214,-0.0601469237832874
"1228","D",4,2,"Eucalyptus","brassiana","Ebra","E BRASS","C6","1","TROP",24,8,6,1,59,"D4","Ebra_C6_1_R59",1,0.568888801,48,5,"p","31",0.0420168067226891,0.0191011235955056
"1229","D",4,2,"Eucalyptus","brassiana","Ebra","E BRASS","C6","1","TROP",24,8,6,1,59,"D4","Ebra_C6_1_R59",1,0.568888801,52,30,"i","31",0.71793037672866,0.716062176165803
"1230","D",4,2,"Eucalyptus","brassiana","Ebra","E BRASS","C6","1","TROP",24,8,6,1,59,"D4","Ebra_C6_1_R59",1,0.568888801,40,15,"i","31",0.774982197958699,0.774230439340513
"1231","D",4,2,"Eucalyptus","brassiana","Ebra","E BRASS","C6","1","TROP",24,8,6,1,59,"D4","Ebra_C6_1_R59",1,0.568888801,36,15,"p","31",0.498684210526316,0.490870600688013
"1232","D",4,2,"Eucalyptus","brassiana","Ebra","E BRASS","C6","1","TROP",24,8,6,1,59,"D4","Ebra_C6_1_R59",1,0.568888801,40,15,"o","31",0.762935700368045,0.758696358907672
"1233","D",4,2,"Eucalyptus","brassiana","Ebra","E BRASS","C6","1","TROP",24,8,6,1,59,"D4","Ebra_C6_1_R59",1,0.568888801,56,30,"i","31",0.770957658425689,0.770947840717891
"1234","D",4,2,"Eucalyptus","brassiana","Ebra","E BRASS","C6","1","TROP",24,8,6,1,59,"D4","Ebra_C6_1_R59",1,0.568888801,40,5,"p","31",0.645346453464535,0.651831170964033
"1235","D",4,2,"Eucalyptus","brassiana","Ebra","E BRASS","C6","1","TROP",24,8,6,1,59,"D4","Ebra_C6_1_R59",1,0.568888801,30,120,"i","31",0.773673135375263,0.773557473875511
"1236","D",4,2,"Eucalyptus","brassiana","Ebra","E BRASS","C6","1","TROP",24,8,6,1,59,"D4","Ebra_C6_1_R59",1,0.568888801,36,120,"i","31",0.774077623382846,0.770163564579808
"1237","D",4,2,"Eucalyptus","brassiana","Ebra","E BRASS","C6","1","TROP",24,8,6,1,59,"D4","Ebra_C6_1_R59",1,0.568888801,52,15,"p","31",-0.0714285714285714,-0.0842767295597483
"1238","D",4,2,"Eucalyptus","brassiana","Ebra","E BRASS","C6","1","TROP",24,8,6,1,59,"D4","Ebra_C6_1_R59",1,0.568888801,48,30,"p","31",-0.0888575458392102,-0.0987280436099333
"1239","D",4,2,"Eucalyptus","brassiana","Ebra","E BRASS","C6","1","TROP",24,8,6,1,59,"D4","Ebra_C6_1_R59",1,0.568888801,44,120,"p","31",-0.0928270042194093,-0.0874363327674025
"1240","D",5,2,"Eucalyptus","pellita","Epel","E PELL","C1","2","TROP",24,8,6,1,60,"D5","Epel_C1_2_R60",1,0.573389127,40,120,"p","32",0.189714285714286,0.188864142538975
"1241","D",5,2,"Eucalyptus","pellita","Epel","E PELL","C1","2","TROP",24,8,6,1,60,"D5","Epel_C1_2_R60",1,0.573389127,36,30,"o","32",0.703191996188661,0.700492519282594
"1242","D",5,2,"Eucalyptus","pellita","Epel","E PELL","C1","2","TROP",24,8,6,1,60,"D5","Epel_C1_2_R60",1,0.573389127,52,5,"p","32",-0.0649819494584838,-0.0606323083585967
"1243","D",5,2,"Eucalyptus","pellita","Epel","E PELL","C1","2","TROP",24,8,6,1,60,"D5","Epel_C1_2_R60",1,0.573389127,30,120,"o","32",0.653146436027438,0.624091520861373
"1244","D",5,2,"Eucalyptus","pellita","Epel","E PELL","C1","2","TROP",24,8,6,1,60,"D5","Epel_C1_2_R60",1,0.573389127,36,60,"o","32",0.681903737563861,0.668452181676152
"1245","D",5,2,"Eucalyptus","pellita","Epel","E PELL","C1","2","TROP",24,8,6,1,60,"D5","Epel_C1_2_R60",1,0.573389127,30,15,"o","32",0.727049363413,0.727062649777473
"1246","D",5,2,"Eucalyptus","pellita","Epel","E PELL","C1","2","TROP",24,8,6,1,60,"D5","Epel_C1_2_R60",1,0.573389127,52,30,"p","32",-0.0688372093023256,-0.0703265159669895
"1247","D",5,2,"Eucalyptus","pellita","Epel","E PELL","C1","2","TROP",24,8,6,1,60,"D5","Epel_C1_2_R60",1,0.573389127,36,5,"p","32",0.393906420021763,0.391692040017399
"1248","D",5,2,"Eucalyptus","pellita","Epel","E PELL","C1","2","TROP",24,8,6,1,60,"D5","Epel_C1_2_R60",1,0.573389127,52,30,"i","32",0.693367346938776,0.693920127160739
"1249","D",5,2,"Eucalyptus","pellita","Epel","E PELL","C1","2","TROP",24,8,6,1,60,"D5","Epel_C1_2_R60",1,0.573389127,52,60,"i","32",0.79015271195366,0.792958927074602
"1250","D",5,2,"Eucalyptus","pellita","Epel","E PELL","C1","2","TROP",24,8,6,1,60,"D5","Epel_C1_2_R60",1,0.573389127,30,30,"o","32",0.421614694574968,0.429514691317266
"1251","D",5,2,"Eucalyptus","pellita","Epel","E PELL","C1","2","TROP",24,8,6,1,60,"D5","Epel_C1_2_R60",1,0.573389127,56,5,"i","32",0.792382721783558,0.793785574321172
"1252","D",5,2,"Eucalyptus","pellita","Epel","E PELL","C1","2","TROP",24,8,6,1,60,"D5","Epel_C1_2_R60",1,0.573389127,44,60,"o","32",0.164021164021164,0.164612037708484
"1253","D",5,2,"Eucalyptus","pellita","Epel","E PELL","C1","2","TROP",24,8,6,1,60,"D5","Epel_C1_2_R60",1,0.573389127,36,30,"i","32",0.78759765625,0.785770209434332
"1254","D",5,2,"Eucalyptus","pellita","Epel","E PELL","C1","2","TROP",24,8,6,1,60,"D5","Epel_C1_2_R60",1,0.573389127,56,15,"i","32",0.782596835788325,0.78296918767507
"1255","D",5,2,"Eucalyptus","pellita","Epel","E PELL","C1","2","TROP",24,8,6,1,60,"D5","Epel_C1_2_R60",1,0.573389127,52,60,"o","32",-0.0734055354993984,-0.0762936221419976
"1256","D",5,2,"Eucalyptus","pellita","Epel","E PELL","C1","2","TROP",24,8,6,1,60,"D5","Epel_C1_2_R60",1,0.573389127,56,5,"p","32",-0.0793499043977056,-0.0734046477314645
"1257","D",5,2,"Eucalyptus","pellita","Epel","E PELL","C1","2","TROP",24,8,6,1,60,"D5","Epel_C1_2_R60",1,0.573389127,48,15,"o","32",-0.023121387283237,-0.020572450805009
"1258","D",5,2,"Eucalyptus","pellita","Epel","E PELL","C1","2","TROP",24,8,6,1,60,"D5","Epel_C1_2_R60",1,0.573389127,48,30,"o","32",-0.0184331797235023,-0.0158129941560674
"1259","D",5,2,"Eucalyptus","pellita","Epel","E PELL","C1","2","TROP",24,8,6,1,60,"D5","Epel_C1_2_R60",1,0.573389127,52,15,"p","32",-0.0778443113772455,-0.078721745908028
"1260","D",5,2,"Eucalyptus","pellita","Epel","E PELL","C1","2","TROP",24,8,6,1,60,"D5","Epel_C1_2_R60",1,0.573389127,40,5,"p","32",0.616079494128275,0.628672150411281
"1261","D",5,2,"Eucalyptus","pellita","Epel","E PELL","C1","2","TROP",24,8,6,1,60,"D5","Epel_C1_2_R60",1,0.573389127,30,60,"i","32",0.76353617632966,0.765149399609048
"1262","D",5,2,"Eucalyptus","pellita","Epel","E PELL","C1","2","TROP",24,8,6,1,60,"D5","Epel_C1_2_R60",1,0.573389127,44,30,"i","32",0.77703373015873,0.776745105793949
"1263","D",5,2,"Eucalyptus","pellita","Epel","E PELL","C1","2","TROP",24,8,6,1,60,"D5","Epel_C1_2_R60",1,0.573389127,48,15,"p","32",-0.0432835820895522,-0.0336182336182336
"1264","D",5,2,"Eucalyptus","pellita","Epel","E PELL","C1","2","TROP",24,8,6,1,60,"D5","Epel_C1_2_R60",1,0.573389127,48,5,"p","32",0.138582677165354,0.125615763546798
"1265","D",5,2,"Eucalyptus","pellita","Epel","E PELL","C1","2","TROP",24,8,6,1,60,"D5","Epel_C1_2_R60",1,0.573389127,30,120,"i","32",0.781746031746032,0.783328492593668
"1266","D",5,2,"Eucalyptus","pellita","Epel","E PELL","C1","2","TROP",24,8,6,1,60,"D5","Epel_C1_2_R60",1,0.573389127,44,15,"o","32",0.480665687714146,0.41815548044423
"1267","D",5,2,"Eucalyptus","pellita","Epel","E PELL","C1","2","TROP",24,8,6,1,60,"D5","Epel_C1_2_R60",1,0.573389127,44,120,"p","32",0.0377358490566037,0.0281543274244004
"1268","D",5,2,"Eucalyptus","pellita","Epel","E PELL","C1","2","TROP",24,8,6,1,60,"D5","Epel_C1_2_R60",1,0.573389127,48,60,"o","32",-0.0507308684436802,-0.0519307589880161
"1269","D",5,2,"Eucalyptus","pellita","Epel","E PELL","C1","2","TROP",24,8,6,1,60,"D5","Epel_C1_2_R60",1,0.573389127,56,30,"i","32",0.754065934065934,0.755255511878311
"1270","D",5,2,"Eucalyptus","pellita","Epel","E PELL","C1","2","TROP",24,8,6,1,60,"D5","Epel_C1_2_R60",1,0.573389127,30,15,"i","32",0.775965459342768,0.777662777568687
"1271","D",5,2,"Eucalyptus","pellita","Epel","E PELL","C1","2","TROP",24,8,6,1,60,"D5","Epel_C1_2_R60",1,0.573389127,52,60,"p","32",-0.0737509912767645,-0.0762023735165521
"1272","D",5,2,"Eucalyptus","pellita","Epel","E PELL","C1","2","TROP",24,8,6,1,60,"D5","Epel_C1_2_R60",1,0.573389127,48,30,"p","32",-0.0743982494529541,-0.070859538784067
"1273","D",5,2,"Eucalyptus","pellita","Epel","E PELL","C1","2","TROP",24,8,6,1,60,"D5","Epel_C1_2_R60",1,0.573389127,36,120,"i","32",0.747849705749208,0.748460861917326
"1274","D",5,2,"Eucalyptus","pellita","Epel","E PELL","C1","2","TROP",24,8,6,1,60,"D5","Epel_C1_2_R60",1,0.573389127,44,120,"o","32",0.110918544194108,0.110433604336043
"1275","D",5,2,"Eucalyptus","pellita","Epel","E PELL","C1","2","TROP",24,8,6,1,60,"D5","Epel_C1_2_R60",1,0.573389127,40,15,"i","32",0.76626213592233,0.764179672630377
"1276","D",5,2,"Eucalyptus","pellita","Epel","E PELL","C1","2","TROP",24,8,6,1,60,"D5","Epel_C1_2_R60",1,0.573389127,30,60,"o","32",0.42602128389976,0.430100509071923
"1277","D",5,2,"Eucalyptus","pellita","Epel","E PELL","C1","2","TROP",24,8,6,1,60,"D5","Epel_C1_2_R60",1,0.573389127,40,15,"o","32",0.720305676855895,0.717851420861793
"1278","D",5,2,"Eucalyptus","pellita","Epel","E PELL","C1","2","TROP",24,8,6,1,60,"D5","Epel_C1_2_R60",1,0.573389127,36,15,"p","32",0.625158831003812,0.634875563721396
"1279","D",5,2,"Eucalyptus","pellita","Epel","E PELL","C1","2","TROP",24,8,6,1,60,"D5","Epel_C1_2_R60",1,0.573389127,56,30,"p","32",-0.0872586872586873,-0.0902492899968443
"1280","D",6,3,"Eucalyptus","rigidula","Erig","E RIGI","C11","1","COSMO",7,4,4,1,61,"D6","Erig_C11_1_R61",1,0.669278473,44,60,"o","33",0.365817091454273,0.366355140186916
"1281","D",6,3,"Eucalyptus","rigidula","Erig","E RIGI","C11","1","COSMO",7,4,4,1,61,"D6","Erig_C11_1_R61",1,0.669278473,36,60,"o","33",0.692106790481718,0.690676043557169
"1282","D",6,3,"Eucalyptus","rigidula","Erig","E RIGI","C11","1","COSMO",7,4,4,1,61,"D6","Erig_C11_1_R61",1,0.669278473,30,30,"o","33",0.738046942915097,0.739145377477374
"1283","D",6,3,"Eucalyptus","rigidula","Erig","E RIGI","C11","1","COSMO",7,4,4,1,61,"D6","Erig_C11_1_R61",1,0.669278473,48,60,"o","33",-0.0453703703703704,-0.0431472081218275
"1284","D",6,3,"Eucalyptus","rigidula","Erig","E RIGI","C11","1","COSMO",7,4,4,1,61,"D6","Erig_C11_1_R61",1,0.669278473,52,30,"i","33",0.711014176663032,0.71098121085595
"1285","D",6,3,"Eucalyptus","rigidula","Erig","E RIGI","C11","1","COSMO",7,4,4,1,61,"D6","Erig_C11_1_R61",1,0.669278473,30,15,"o","33",0.668087697929355,0.666986679467179
"1286","D",6,3,"Eucalyptus","rigidula","Erig","E RIGI","C11","1","COSMO",7,4,4,1,61,"D6","Erig_C11_1_R61",1,0.669278473,36,5,"p","33",0.722856091277144,0.720926906022028
"1287","D",6,3,"Eucalyptus","rigidula","Erig","E RIGI","C11","1","COSMO",7,4,4,1,61,"D6","Erig_C11_1_R61",1,0.669278473,30,15,"i","33",0.76071995764955,0.75917385201524
"1288","D",6,3,"Eucalyptus","rigidula","Erig","E RIGI","C11","1","COSMO",7,4,4,1,61,"D6","Erig_C11_1_R61",1,0.669278473,56,5,"p","33",-0.0764044943820225,-0.0774840474020054
"1289","D",6,3,"Eucalyptus","rigidula","Erig","E RIGI","C11","1","COSMO",7,4,4,1,61,"D6","Erig_C11_1_R61",1,0.669278473,48,15,"o","33",0.0141043723554302,0.00718629076838027
"1290","D",6,3,"Eucalyptus","rigidula","Erig","E RIGI","C11","1","COSMO",7,4,4,1,61,"D6","Erig_C11_1_R61",1,0.669278473,44,30,"i","33",0.798051372896368,0.799055190690172
"1291","D",6,3,"Eucalyptus","rigidula","Erig","E RIGI","C11","1","COSMO",7,4,4,1,61,"D6","Erig_C11_1_R61",1,0.669278473,48,15,"p","33",-0.0448833034111311,-0.03382949932341
"1292","D",6,3,"Eucalyptus","rigidula","Erig","E RIGI","C11","1","COSMO",7,4,4,1,61,"D6","Erig_C11_1_R61",1,0.669278473,52,60,"i","33",0.805970149253731,0.803010752688172
"1293","D",6,3,"Eucalyptus","rigidula","Erig","E RIGI","C11","1","COSMO",7,4,4,1,61,"D6","Erig_C11_1_R61",1,0.669278473,56,30,"p","33",-0.102296450939457,-0.0927561837455829
"1294","D",6,3,"Eucalyptus","rigidula","Erig","E RIGI","C11","1","COSMO",7,4,4,1,61,"D6","Erig_C11_1_R61",1,0.669278473,52,30,"p","33",-0.0795454545454546,-0.0901071203528671
"1295","D",6,3,"Eucalyptus","rigidula","Erig","E RIGI","C11","1","COSMO",7,4,4,1,61,"D6","Erig_C11_1_R61",1,0.669278473,30,60,"o","33",0.595865633074935,0.583823529411765
"1296","D",6,3,"Eucalyptus","rigidula","Erig","E RIGI","C11","1","COSMO",7,4,4,1,61,"D6","Erig_C11_1_R61",1,0.669278473,40,120,"p","33",0.600976475810031,0.609784411276949
"1297","D",6,3,"Eucalyptus","rigidula","Erig","E RIGI","C11","1","COSMO",7,4,4,1,61,"D6","Erig_C11_1_R61",1,0.669278473,56,5,"i","33",0.725717973539851,0.723553403007902
"1298","D",6,3,"Eucalyptus","rigidula","Erig","E RIGI","C11","1","COSMO",7,4,4,1,61,"D6","Erig_C11_1_R61",1,0.669278473,44,15,"o","33",0.432183908045977,0.426956128448666
"1299","D",6,3,"Eucalyptus","rigidula","Erig","E RIGI","C11","1","COSMO",7,4,4,1,61,"D6","Erig_C11_1_R61",1,0.669278473,52,5,"p","33",-0.0626477541371158,-0.0547056096430227
"1300","D",6,3,"Eucalyptus","rigidula","Erig","E RIGI","C11","1","COSMO",7,4,4,1,61,"D6","Erig_C11_1_R61",1,0.669278473,36,120,"i","33",0.762162162162162,0.758221746116765
"1301","D",6,3,"Eucalyptus","rigidula","Erig","E RIGI","C11","1","COSMO",7,4,4,1,61,"D6","Erig_C11_1_R61",1,0.669278473,36,30,"o","33",0.661336613366134,0.654685704907271
"1302","D",6,3,"Eucalyptus","rigidula","Erig","E RIGI","C11","1","COSMO",7,4,4,1,61,"D6","Erig_C11_1_R61",1,0.669278473,30,60,"i","33",0.778064992614476,0.780617372577172
"1303","D",6,3,"Eucalyptus","rigidula","Erig","E RIGI","C11","1","COSMO",7,4,4,1,61,"D6","Erig_C11_1_R61",1,0.669278473,44,120,"o","33",0.343126967471144,0.357678641926569
"1304","D",6,3,"Eucalyptus","rigidula","Erig","E RIGI","C11","1","COSMO",7,4,4,1,61,"D6","Erig_C11_1_R61",1,0.669278473,36,30,"i","33",0.797810884767406,0.795951795951796
"1305","D",6,3,"Eucalyptus","rigidula","Erig","E RIGI","C11","1","COSMO",7,4,4,1,61,"D6","Erig_C11_1_R61",1,0.669278473,48,5,"p","33",0.153333333333333,0.160284951024043
"1306","D",6,3,"Eucalyptus","rigidula","Erig","E RIGI","C11","1","COSMO",7,4,4,1,61,"D6","Erig_C11_1_R61",1,0.669278473,30,120,"i","33",0.78319783197832,0.780080823882153
"1307","D",6,3,"Eucalyptus","rigidula","Erig","E RIGI","C11","1","COSMO",7,4,4,1,61,"D6","Erig_C11_1_R61",1,0.669278473,44,120,"p","33",0.219330855018587,0.161206896551724
"1308","D",6,3,"Eucalyptus","rigidula","Erig","E RIGI","C11","1","COSMO",7,4,4,1,61,"D6","Erig_C11_1_R61",1,0.669278473,56,30,"i","33",0.77462648771841,0.772540983606557
"1309","D",6,3,"Eucalyptus","rigidula","Erig","E RIGI","C11","1","COSMO",7,4,4,1,61,"D6","Erig_C11_1_R61",1,0.669278473,56,15,"i","33",0.80943025540275,0.810451823625476
"1310","D",6,3,"Eucalyptus","rigidula","Erig","E RIGI","C11","1","COSMO",7,4,4,1,61,"D6","Erig_C11_1_R61",1,0.669278473,48,30,"o","33",-0.0144092219020173,-0.0234822451317297
"1311","D",6,3,"Eucalyptus","rigidula","Erig","E RIGI","C11","1","COSMO",7,4,4,1,61,"D6","Erig_C11_1_R61",1,0.669278473,30,120,"o","33",0.67515923566879,0.666302822392016
"1312","D",6,3,"Eucalyptus","rigidula","Erig","E RIGI","C11","1","COSMO",7,4,4,1,61,"D6","Erig_C11_1_R61",1,0.669278473,52,60,"p","33",-0.112211221122112,-0.102117061021171
"1313","D",6,3,"Eucalyptus","rigidula","Erig","E RIGI","C11","1","COSMO",7,4,4,1,61,"D6","Erig_C11_1_R61",1,0.669278473,40,5,"p","33",0.752182952182952,0.748684210526316
"1314","D",6,3,"Eucalyptus","rigidula","Erig","E RIGI","C11","1","COSMO",7,4,4,1,61,"D6","Erig_C11_1_R61",1,0.669278473,52,15,"p","33",-0.089238845144357,-0.0462962962962962
"1315","D",6,3,"Eucalyptus","rigidula","Erig","E RIGI","C11","1","COSMO",7,4,4,1,61,"D6","Erig_C11_1_R61",1,0.669278473,36,15,"p","33",0.69176192353173,0.689975624619135
"1316","D",6,3,"Eucalyptus","rigidula","Erig","E RIGI","C11","1","COSMO",7,4,4,1,61,"D6","Erig_C11_1_R61",1,0.669278473,40,15,"o","33",0.755697133055624,0.753045013239188
"1317","D",6,3,"Eucalyptus","rigidula","Erig","E RIGI","C11","1","COSMO",7,4,4,1,61,"D6","Erig_C11_1_R61",1,0.669278473,40,15,"i","33",0.770435633871757,0.769745130342087
"1318","D",6,3,"Eucalyptus","rigidula","Erig","E RIGI","C11","1","COSMO",7,4,4,1,61,"D6","Erig_C11_1_R61",1,0.669278473,52,60,"o","33",-0.0760233918128655,-0.0830039525691699
"1319","D",6,3,"Eucalyptus","rigidula","Erig","E RIGI","C11","1","COSMO",7,4,4,1,61,"D6","Erig_C11_1_R61",1,0.669278473,48,30,"p","33",-0.0579216354344123,-0.0587044534412955
"1320","D",7,2,"Eucalyptus","normantonensis","Enor","E NORM","C11","2","DES",24,8,6,1,62,"D7","Enor_C11_2_R62",1,0.755392617,44,30,"i","34",0.708302446256486,0.71304347826087
"1321","D",7,2,"Eucalyptus","normantonensis","Enor","E NORM","C11","2","DES",24,8,6,1,62,"D7","Enor_C11_2_R62",1,0.755392617,52,30,"i","34",0.663719608462267,0.662823850254122
"1322","D",7,2,"Eucalyptus","normantonensis","Enor","E NORM","C11","2","DES",24,8,6,1,62,"D7","Enor_C11_2_R62",1,0.755392617,44,60,"o","34",-0.0234833659491194,-0.0308095706325794
"1323","D",7,2,"Eucalyptus","normantonensis","Enor","E NORM","C11","2","DES",24,8,6,1,62,"D7","Enor_C11_2_R62",1,0.755392617,30,30,"o","34",0.51045104510451,0.475945017182131
"1324","D",7,2,"Eucalyptus","normantonensis","Enor","E NORM","C11","2","DES",24,8,6,1,62,"D7","Enor_C11_2_R62",1,0.755392617,48,15,"p","34",-0.0590551181102363,-0.0600500417014179
"1325","D",7,2,"Eucalyptus","normantonensis","Enor","E NORM","C11","2","DES",24,8,6,1,62,"D7","Enor_C11_2_R62",1,0.755392617,44,15,"o","34",-0.0534804753820034,-0.0538860103626944
"1326","D",7,2,"Eucalyptus","normantonensis","Enor","E NORM","C11","2","DES",24,8,6,1,62,"D7","Enor_C11_2_R62",1,0.755392617,48,15,"o","34",-0.0385126162018592,-0.0234844347351174
"1327","D",7,2,"Eucalyptus","normantonensis","Enor","E NORM","C11","2","DES",24,8,6,1,62,"D7","Enor_C11_2_R62",1,0.755392617,52,30,"p","34",-0.0816044260027663,-0.0921787709497208
"1328","D",7,2,"Eucalyptus","normantonensis","Enor","E NORM","C11","2","DES",24,8,6,1,62,"D7","Enor_C11_2_R62",1,0.755392617,30,15,"o","34",0.380417335473515,0.276468519169891
"1329","D",7,2,"Eucalyptus","normantonensis","Enor","E NORM","C11","2","DES",24,8,6,1,62,"D7","Enor_C11_2_R62",1,0.755392617,56,30,"p","34",-0.0688030160226202,-0.073277433467007
"1330","D",7,2,"Eucalyptus","normantonensis","Enor","E NORM","C11","2","DES",24,8,6,1,62,"D7","Enor_C11_2_R62",1,0.755392617,52,60,"p","34",-0.0623853211009174,-0.0698835274542429
"1331","D",7,2,"Eucalyptus","normantonensis","Enor","E NORM","C11","2","DES",24,8,6,1,62,"D7","Enor_C11_2_R62",1,0.755392617,36,5,"p","34",-0.00635324015247777,0.00705645161290325
"1332","D",7,2,"Eucalyptus","normantonensis","Enor","E NORM","C11","2","DES",24,8,6,1,62,"D7","Enor_C11_2_R62",1,0.755392617,36,15,"p","34",0.178625954198473,0.189530685920578
"1333","D",7,2,"Eucalyptus","normantonensis","Enor","E NORM","C11","2","DES",24,8,6,1,62,"D7","Enor_C11_2_R62",1,0.755392617,56,5,"i","34",0.765904709446433,0.758698344780993
"1334","D",7,2,"Eucalyptus","normantonensis","Enor","E NORM","C11","2","DES",24,8,6,1,62,"D7","Enor_C11_2_R62",1,0.755392617,30,120,"o","34",0.218849840255591,0.235479797979798
"1335","D",7,2,"Eucalyptus","normantonensis","Enor","E NORM","C11","2","DES",24,8,6,1,62,"D7","Enor_C11_2_R62",1,0.755392617,44,120,"p","34",0.0638977635782748,0.0679380214541121
"1336","D",7,2,"Eucalyptus","normantonensis","Enor","E NORM","C11","2","DES",24,8,6,1,62,"D7","Enor_C11_2_R62",1,0.755392617,48,60,"o","34",-0.0429292929292929,-0.0455696202531645
"1337","D",7,2,"Eucalyptus","normantonensis","Enor","E NORM","C11","2","DES",24,8,6,1,62,"D7","Enor_C11_2_R62",1,0.755392617,56,5,"p","34",-0.0646589902568645,-0.0614783226723525
"1338","D",7,2,"Eucalyptus","normantonensis","Enor","E NORM","C11","2","DES",24,8,6,1,62,"D7","Enor_C11_2_R62",1,0.755392617,52,5,"p","34",-0.0745062836624776,-0.0763513513513513
"1339","D",7,2,"Eucalyptus","normantonensis","Enor","E NORM","C11","2","DES",24,8,6,1,62,"D7","Enor_C11_2_R62",1,0.755392617,36,120,"i","34",0.759489916963227,0.760673897992153
"1340","D",7,2,"Eucalyptus","normantonensis","Enor","E NORM","C11","2","DES",24,8,6,1,62,"D7","Enor_C11_2_R62",1,0.755392617,40,120,"p","34",0.0319488817891374,0.037621359223301
"1341","D",7,2,"Eucalyptus","normantonensis","Enor","E NORM","C11","2","DES",24,8,6,1,62,"D7","Enor_C11_2_R62",1,0.755392617,30,15,"i","34",0.767297457125961,0.720171562256304
"1342","D",7,2,"Eucalyptus","normantonensis","Enor","E NORM","C11","2","DES",24,8,6,1,62,"D7","Enor_C11_2_R62",1,0.755392617,30,120,"i","34",0.757901596611274,0.75914483440435
"1343","D",7,2,"Eucalyptus","normantonensis","Enor","E NORM","C11","2","DES",24,8,6,1,62,"D7","Enor_C11_2_R62",1,0.755392617,48,30,"o","34",-0.0281690140845071,-0.0345215759849907
"1344","D",7,2,"Eucalyptus","normantonensis","Enor","E NORM","C11","2","DES",24,8,6,1,62,"D7","Enor_C11_2_R62",1,0.755392617,30,60,"i","34",0.737523809523809,0.737412858249419
"1345","D",7,2,"Eucalyptus","normantonensis","Enor","E NORM","C11","2","DES",24,8,6,1,62,"D7","Enor_C11_2_R62",1,0.755392617,36,60,"o","34",0.552046263345196,0.548337067034293
"1346","D",7,2,"Eucalyptus","normantonensis","Enor","E NORM","C11","2","DES",24,8,6,1,62,"D7","Enor_C11_2_R62",1,0.755392617,30,60,"o","34",0.282080924855491,0.287684260580124
"1347","D",7,2,"Eucalyptus","normantonensis","Enor","E NORM","C11","2","DES",24,8,6,1,62,"D7","Enor_C11_2_R62",1,0.755392617,52,15,"p","34",-0.0715909090909091,-0.0620957309184993
"1348","D",7,2,"Eucalyptus","normantonensis","Enor","E NORM","C11","2","DES",24,8,6,1,62,"D7","Enor_C11_2_R62",1,0.755392617,52,60,"i","34",0.759510869565217,0.750499631850216
"1349","D",7,2,"Eucalyptus","normantonensis","Enor","E NORM","C11","2","DES",24,8,6,1,62,"D7","Enor_C11_2_R62",1,0.755392617,40,5,"p","34",0.420776495278069,0.378233284529038
"1350","D",7,2,"Eucalyptus","normantonensis","Enor","E NORM","C11","2","DES",24,8,6,1,62,"D7","Enor_C11_2_R62",1,0.755392617,52,60,"o","34",-0.0686666666666667,-0.0691404164442071
"1351","D",7,2,"Eucalyptus","normantonensis","Enor","E NORM","C11","2","DES",24,8,6,1,62,"D7","Enor_C11_2_R62",1,0.755392617,40,15,"i","34",0.730792138177487,0.728693181818182
"1352","D",7,2,"Eucalyptus","normantonensis","Enor","E NORM","C11","2","DES",24,8,6,1,62,"D7","Enor_C11_2_R62",1,0.755392617,36,30,"o","34",0.561886968706212,0.56039603960396
"1353","D",7,2,"Eucalyptus","normantonensis","Enor","E NORM","C11","2","DES",24,8,6,1,62,"D7","Enor_C11_2_R62",1,0.755392617,44,120,"o","34",0.115173674588665,0.167100130039012
"1354","D",7,2,"Eucalyptus","normantonensis","Enor","E NORM","C11","2","DES",24,8,6,1,62,"D7","Enor_C11_2_R62",1,0.755392617,36,30,"i","34",0.767939814814815,0.760553552738691
"1355","D",7,2,"Eucalyptus","normantonensis","Enor","E NORM","C11","2","DES",24,8,6,1,62,"D7","Enor_C11_2_R62",1,0.755392617,48,5,"p","34",0.157635467980295,0.151544401544402
"1356","D",7,2,"Eucalyptus","normantonensis","Enor","E NORM","C11","2","DES",24,8,6,1,62,"D7","Enor_C11_2_R62",1,0.755392617,56,30,"i","34",0.754512635379061,0.756573565501928
"1357","D",7,2,"Eucalyptus","normantonensis","Enor","E NORM","C11","2","DES",24,8,6,1,62,"D7","Enor_C11_2_R62",1,0.755392617,48,30,"p","34",-0.076923076923077,-0.0634195839675292
"1358","D",7,2,"Eucalyptus","normantonensis","Enor","E NORM","C11","2","DES",24,8,6,1,62,"D7","Enor_C11_2_R62",1,0.755392617,56,15,"i","34",0.759612799139554,0.762222929260791
"1359","D",7,2,"Eucalyptus","normantonensis","Enor","E NORM","C11","2","DES",24,8,6,1,62,"D7","Enor_C11_2_R62",1,0.755392617,40,15,"o","34",0.694217473287241,0.695139156085674
"1360","D",8,2,"Eucalyptus","viminalis ssp. viminalis","Evim","E VIMI","C1","1","TEMP",24,8,6,1,63,"D8","Evim_C1_1_R63",1,0.758682743,52,60,"p","35",-0.0598455598455599,-0.0599800895968144
"1361","D",8,2,"Eucalyptus","viminalis ssp. viminalis","Evim","E VIMI","C1","1","TEMP",24,8,6,1,63,"D8","Evim_C1_1_R63",1,0.758682743,40,15,"i","35",0.708342753787022,0.706967580154039
"1362","D",8,2,"Eucalyptus","viminalis ssp. viminalis","Evim","E VIMI","C1","1","TEMP",24,8,6,1,63,"D8","Evim_C1_1_R63",1,0.758682743,56,5,"i","35",0.753477588871716,0.756162104944806
"1363","D",8,2,"Eucalyptus","viminalis ssp. viminalis","Evim","E VIMI","C1","1","TEMP",24,8,6,1,63,"D8","Evim_C1_1_R63",1,0.758682743,56,30,"p","35",-0.0662865288667142,-0.0629941341494516
"1364","D",8,2,"Eucalyptus","viminalis ssp. viminalis","Evim","E VIMI","C1","1","TEMP",24,8,6,1,63,"D8","Evim_C1_1_R63",1,0.758682743,56,5,"p","35",-0.074074074074074,-0.0740136941636777
"1365","D",8,2,"Eucalyptus","viminalis ssp. viminalis","Evim","E VIMI","C1","1","TEMP",24,8,6,1,63,"D8","Evim_C1_1_R63",1,0.758682743,56,15,"i","35",0.745164003364172,0.746495794953945
"1366","D",8,2,"Eucalyptus","viminalis ssp. viminalis","Evim","E VIMI","C1","1","TEMP",24,8,6,1,63,"D8","Evim_C1_1_R63",1,0.758682743,48,5,"p","35",0,-0.0286666666666666
"1367","D",8,2,"Eucalyptus","viminalis ssp. viminalis","Evim","E VIMI","C1","1","TEMP",24,8,6,1,63,"D8","Evim_C1_1_R63",1,0.758682743,44,30,"i","35",0.65632826045078,0.658948971820259
"1368","D",8,2,"Eucalyptus","viminalis ssp. viminalis","Evim","E VIMI","C1","1","TEMP",24,8,6,1,63,"D8","Evim_C1_1_R63",1,0.758682743,30,30,"o","35",0.469380999668984,0.465915414579855
"1369","D",8,2,"Eucalyptus","viminalis ssp. viminalis","Evim","E VIMI","C1","1","TEMP",24,8,6,1,63,"D8","Evim_C1_1_R63",1,0.758682743,48,15,"o","35",-0.0246659815005139,-0.0208667736757624
"1370","D",8,2,"Eucalyptus","viminalis ssp. viminalis","Evim","E VIMI","C1","1","TEMP",24,8,6,1,63,"D8","Evim_C1_1_R63",1,0.758682743,52,30,"i","35",0.680859691808597,0.667950935681711
"1371","D",8,2,"Eucalyptus","viminalis ssp. viminalis","Evim","E VIMI","C1","1","TEMP",24,8,6,1,63,"D8","Evim_C1_1_R63",1,0.758682743,40,120,"p","35",0.317039106145251,0.325831202046036
"1372","D",8,2,"Eucalyptus","viminalis ssp. viminalis","Evim","E VIMI","C1","1","TEMP",24,8,6,1,63,"D8","Evim_C1_1_R63",1,0.758682743,36,5,"p","35",0.621131865068302,0.607725222620562
"1373","D",8,2,"Eucalyptus","viminalis ssp. viminalis","Evim","E VIMI","C1","1","TEMP",24,8,6,1,63,"D8","Evim_C1_1_R63",1,0.758682743,44,120,"o","35",-0.0194931773879142,-0.0223999999999999
"1374","D",8,2,"Eucalyptus","viminalis ssp. viminalis","Evim","E VIMI","C1","1","TEMP",24,8,6,1,63,"D8","Evim_C1_1_R63",1,0.758682743,48,60,"o","35",-0.0401529636711281,-0.0445445445445446
"1375","D",8,2,"Eucalyptus","viminalis ssp. viminalis","Evim","E VIMI","C1","1","TEMP",24,8,6,1,63,"D8","Evim_C1_1_R63",1,0.758682743,36,15,"p","35",0.603109137055838,0.610231425091352
"1376","D",8,2,"Eucalyptus","viminalis ssp. viminalis","Evim","E VIMI","C1","1","TEMP",24,8,6,1,63,"D8","Evim_C1_1_R63",1,0.758682743,44,60,"o","35",-0.0143769968051118,-0.00853658536585369
"1377","D",8,2,"Eucalyptus","viminalis ssp. viminalis","Evim","E VIMI","C1","1","TEMP",24,8,6,1,63,"D8","Evim_C1_1_R63",1,0.758682743,52,30,"p","35",-0.0593155893536122,-0.0629348513598987
"1378","D",8,2,"Eucalyptus","viminalis ssp. viminalis","Evim","E VIMI","C1","1","TEMP",24,8,6,1,63,"D8","Evim_C1_1_R63",1,0.758682743,30,60,"i","35",0.724607762180016,0.732609729044525
"1379","D",8,2,"Eucalyptus","viminalis ssp. viminalis","Evim","E VIMI","C1","1","TEMP",24,8,6,1,63,"D8","Evim_C1_1_R63",1,0.758682743,40,15,"o","35",0.662254233988709,0.662043903886087
"1380","D",8,2,"Eucalyptus","viminalis ssp. viminalis","Evim","E VIMI","C1","1","TEMP",24,8,6,1,63,"D8","Evim_C1_1_R63",1,0.758682743,30,120,"o","35",0.641891891891892,0.599516275319964
"1381","D",8,2,"Eucalyptus","viminalis ssp. viminalis","Evim","E VIMI","C1","1","TEMP",24,8,6,1,63,"D8","Evim_C1_1_R63",1,0.758682743,40,5,"p","35",0.524412970555349,0.527730855855856
"1382","D",8,2,"Eucalyptus","viminalis ssp. viminalis","Evim","E VIMI","C1","1","TEMP",24,8,6,1,63,"D8","Evim_C1_1_R63",1,0.758682743,44,15,"o","35",0.0834752981260648,0.0785413744740532
"1383","D",8,2,"Eucalyptus","viminalis ssp. viminalis","Evim","E VIMI","C1","1","TEMP",24,8,6,1,63,"D8","Evim_C1_1_R63",1,0.758682743,52,5,"p","35",-0.0861889927310488,-0.0923645320197044
"1384","D",8,2,"Eucalyptus","viminalis ssp. viminalis","Evim","E VIMI","C1","1","TEMP",24,8,6,1,63,"D8","Evim_C1_1_R63",1,0.758682743,30,15,"i","35",0.718800648298217,0.720504832654365
"1385","D",8,2,"Eucalyptus","viminalis ssp. viminalis","Evim","E VIMI","C1","1","TEMP",24,8,6,1,63,"D8","Evim_C1_1_R63",1,0.758682743,52,15,"p","35",-0.0728709394205444,-0.0792639773531493
"1386","D",8,2,"Eucalyptus","viminalis ssp. viminalis","Evim","E VIMI","C1","1","TEMP",24,8,6,1,63,"D8","Evim_C1_1_R63",1,0.758682743,36,30,"i","35",0.726795803066989,0.715172413793103
"1387","D",8,2,"Eucalyptus","viminalis ssp. viminalis","Evim","E VIMI","C1","1","TEMP",24,8,6,1,63,"D8","Evim_C1_1_R63",1,0.758682743,36,60,"o","35",0.546094609460946,0.545679012345679
"1388","D",8,2,"Eucalyptus","viminalis ssp. viminalis","Evim","E VIMI","C1","1","TEMP",24,8,6,1,63,"D8","Evim_C1_1_R63",1,0.758682743,48,15,"p","35",-0.0535931790499389,-0.0453271028037384
"1389","D",8,2,"Eucalyptus","viminalis ssp. viminalis","Evim","E VIMI","C1","1","TEMP",24,8,6,1,63,"D8","Evim_C1_1_R63",1,0.758682743,44,120,"p","35",-0.0827250608272506,-0.0468197879858657
"1390","D",8,2,"Eucalyptus","viminalis ssp. viminalis","Evim","E VIMI","C1","1","TEMP",24,8,6,1,63,"D8","Evim_C1_1_R63",1,0.758682743,48,30,"o","35",-0.0221498371335506,-0.0168893370305017
"1391","D",8,2,"Eucalyptus","viminalis ssp. viminalis","Evim","E VIMI","C1","1","TEMP",24,8,6,1,63,"D8","Evim_C1_1_R63",1,0.758682743,36,120,"i","35",0.700066210549548,0.710707522809434
"1392","D",8,2,"Eucalyptus","viminalis ssp. viminalis","Evim","E VIMI","C1","1","TEMP",24,8,6,1,63,"D8","Evim_C1_1_R63",1,0.758682743,36,30,"o","35",0.43365307753797,0.393926613243357
"1393","D",8,2,"Eucalyptus","viminalis ssp. viminalis","Evim","E VIMI","C1","1","TEMP",24,8,6,1,63,"D8","Evim_C1_1_R63",1,0.758682743,56,30,"i","35",0.68332305161423,0.68433365601807
"1394","D",8,2,"Eucalyptus","viminalis ssp. viminalis","Evim","E VIMI","C1","1","TEMP",24,8,6,1,63,"D8","Evim_C1_1_R63",1,0.758682743,48,30,"p","35",-0.076320939334638,-0.0790391321193337
"1395","D",8,2,"Eucalyptus","viminalis ssp. viminalis","Evim","E VIMI","C1","1","TEMP",24,8,6,1,63,"D8","Evim_C1_1_R63",1,0.758682743,30,120,"i","35",0.696366957580678,0.61315506977652
"1396","D",8,2,"Eucalyptus","viminalis ssp. viminalis","Evim","E VIMI","C1","1","TEMP",24,8,6,1,63,"D8","Evim_C1_1_R63",1,0.758682743,52,60,"o","35",-0.055531263664189,-0.0528081949841046
"1397","D",8,2,"Eucalyptus","viminalis ssp. viminalis","Evim","E VIMI","C1","1","TEMP",24,8,6,1,63,"D8","Evim_C1_1_R63",1,0.758682743,30,15,"o","35",0.667293876154636,0.668364574843793
"1398","D",8,2,"Eucalyptus","viminalis ssp. viminalis","Evim","E VIMI","C1","1","TEMP",24,8,6,1,63,"D8","Evim_C1_1_R63",1,0.758682743,52,60,"i","35",0.751464435146443,0.746735668789809
"1399","D",8,2,"Eucalyptus","viminalis ssp. viminalis","Evim","E VIMI","C1","1","TEMP",24,8,6,1,63,"D8","Evim_C1_1_R63",1,0.758682743,30,60,"o","35",0.498482088646023,0.496643460964694
"1400","D",9,3,"Eucalyptus","concinna","Econ","E CONC","C7","1","DES",16,8,6,1,64,"D9","Econ_C7_1_R64",1,0.783650986,36,120,"i","36",0.774777636594663,0.773290734824281
"1401","D",9,3,"Eucalyptus","concinna","Econ","E CONC","C7","1","DES",16,8,6,1,64,"D9","Econ_C7_1_R64",1,0.783650986,52,30,"i","36",0.755075138412866,0.75640204865557
"1402","D",9,3,"Eucalyptus","concinna","Econ","E CONC","C7","1","DES",16,8,6,1,64,"D9","Econ_C7_1_R64",1,0.783650986,48,15,"p","36",-0.0439393939393939,-0.0384615384615386
"1403","D",9,3,"Eucalyptus","concinna","Econ","E CONC","C7","1","DES",16,8,6,1,64,"D9","Econ_C7_1_R64",1,0.783650986,36,5,"p","36",0.665135699373695,0.666666666666667
"1404","D",9,3,"Eucalyptus","concinna","Econ","E CONC","C7","1","DES",16,8,6,1,64,"D9","Econ_C7_1_R64",1,0.783650986,52,60,"o","36",-0.081805359661495,-0.0758426966292134
"1405","D",9,3,"Eucalyptus","concinna","Econ","E CONC","C7","1","DES",16,8,6,1,64,"D9","Econ_C7_1_R64",1,0.783650986,44,120,"p","36",0.304609218436874,0.308418568056648
"1406","D",9,3,"Eucalyptus","concinna","Econ","E CONC","C7","1","DES",16,8,6,1,64,"D9","Econ_C7_1_R64",1,0.783650986,52,60,"i","36",0.806742226097065,0.804932735426009
"1407","D",9,3,"Eucalyptus","concinna","Econ","E CONC","C7","1","DES",16,8,6,1,64,"D9","Econ_C7_1_R64",1,0.783650986,44,60,"o","36",0.341804320203304,0.341976516634051
"1408","D",9,3,"Eucalyptus","concinna","Econ","E CONC","C7","1","DES",16,8,6,1,64,"D9","Econ_C7_1_R64",1,0.783650986,40,15,"i","36",0.774415817855003,0.774809160305344
"1409","D",9,3,"Eucalyptus","concinna","Econ","E CONC","C7","1","DES",16,8,6,1,64,"D9","Econ_C7_1_R64",1,0.783650986,36,30,"o","36",0.690423162583519,0.692077727952167
"1410","D",9,3,"Eucalyptus","concinna","Econ","E CONC","C7","1","DES",16,8,6,1,64,"D9","Econ_C7_1_R64",1,0.783650986,56,5,"p","36",-0.0655367231638418,-0.0655884995507636
"1411","D",9,3,"Eucalyptus","concinna","Econ","E CONC","C7","1","DES",16,8,6,1,64,"D9","Econ_C7_1_R64",1,0.783650986,40,120,"p","36",0.562165775401069,0.560424966799469
"1412","D",9,3,"Eucalyptus","concinna","Econ","E CONC","C7","1","DES",16,8,6,1,64,"D9","Econ_C7_1_R64",1,0.783650986,36,60,"o","36",0.733312538989395,0.736504014823965
"1413","D",9,3,"Eucalyptus","concinna","Econ","E CONC","C7","1","DES",16,8,6,1,64,"D9","Econ_C7_1_R64",1,0.783650986,30,15,"i","36",0.784632332690719,0.786547085201794
"1414","D",9,3,"Eucalyptus","concinna","Econ","E CONC","C7","1","DES",16,8,6,1,64,"D9","Econ_C7_1_R64",1,0.783650986,44,120,"o","36",0.383578431372549,0.383208255159475
"1415","D",9,3,"Eucalyptus","concinna","Econ","E CONC","C7","1","DES",16,8,6,1,64,"D9","Econ_C7_1_R64",1,0.783650986,44,30,"i","36",0.774728997289973,0.774385609323537
"1416","D",9,3,"Eucalyptus","concinna","Econ","E CONC","C7","1","DES",16,8,6,1,64,"D9","Econ_C7_1_R64",1,0.783650986,56,30,"p","36",-0.0928270042194093,-0.104306220095694
"1417","D",9,3,"Eucalyptus","concinna","Econ","E CONC","C7","1","DES",16,8,6,1,64,"D9","Econ_C7_1_R64",1,0.783650986,30,15,"o","36",0.701041316761841,0.700581395348837
"1418","D",9,3,"Eucalyptus","concinna","Econ","E CONC","C7","1","DES",16,8,6,1,64,"D9","Econ_C7_1_R64",1,0.783650986,56,5,"i","36",0.810509554140127,0.810640608034745
"1419","D",9,3,"Eucalyptus","concinna","Econ","E CONC","C7","1","DES",16,8,6,1,64,"D9","Econ_C7_1_R64",1,0.783650986,52,30,"p","36",-0.0762564991334489,-0.0879120879120879
"1420","D",9,3,"Eucalyptus","concinna","Econ","E CONC","C7","1","DES",16,8,6,1,64,"D9","Econ_C7_1_R64",1,0.783650986,48,5,"p","36",0.228624535315985,0.237829209896249
"1421","D",9,3,"Eucalyptus","concinna","Econ","E CONC","C7","1","DES",16,8,6,1,64,"D9","Econ_C7_1_R64",1,0.783650986,48,15,"o","36",0.0458823529411765,0.0478359908883827
"1422","D",9,3,"Eucalyptus","concinna","Econ","E CONC","C7","1","DES",16,8,6,1,64,"D9","Econ_C7_1_R64",1,0.783650986,30,30,"o","36",0.663019693654267,0.66804979253112
"1423","D",9,3,"Eucalyptus","concinna","Econ","E CONC","C7","1","DES",16,8,6,1,64,"D9","Econ_C7_1_R64",1,0.783650986,56,30,"i","36",0.773009446693657,0.772561237645036
"1424","D",9,3,"Eucalyptus","concinna","Econ","E CONC","C7","1","DES",16,8,6,1,64,"D9","Econ_C7_1_R64",1,0.783650986,48,60,"o","36",-0.00848896434634975,-0.00418275418275427
"1425","D",9,3,"Eucalyptus","concinna","Econ","E CONC","C7","1","DES",16,8,6,1,64,"D9","Econ_C7_1_R64",1,0.783650986,52,5,"p","36",-0.064891846921797,-0.0753214941824863
"1426","D",9,3,"Eucalyptus","concinna","Econ","E CONC","C7","1","DES",16,8,6,1,64,"D9","Econ_C7_1_R64",1,0.783650986,52,15,"p","36",-0.0831134564643799,-0.0885608856088561
"1427","D",9,3,"Eucalyptus","concinna","Econ","E CONC","C7","1","DES",16,8,6,1,64,"D9","Econ_C7_1_R64",1,0.783650986,40,5,"p","36",0.658381502890173,0.66415428951452
"1428","D",9,3,"Eucalyptus","concinna","Econ","E CONC","C7","1","DES",16,8,6,1,64,"D9","Econ_C7_1_R64",1,0.783650986,52,60,"p","36",-0.0981697171381032,-0.116548615582743
"1429","D",9,3,"Eucalyptus","concinna","Econ","E CONC","C7","1","DES",16,8,6,1,64,"D9","Econ_C7_1_R64",1,0.783650986,48,30,"o","36",-0.00929368029739778,-0.000762776506483584
"1430","D",9,3,"Eucalyptus","concinna","Econ","E CONC","C7","1","DES",16,8,6,1,64,"D9","Econ_C7_1_R64",1,0.783650986,30,120,"i","36",0.771101573676681,0.774224540214109
"1431","D",9,3,"Eucalyptus","concinna","Econ","E CONC","C7","1","DES",16,8,6,1,64,"D9","Econ_C7_1_R64",1,0.783650986,56,15,"i","36",0.79596350566768,0.795432300163132
"1432","D",9,3,"Eucalyptus","concinna","Econ","E CONC","C7","1","DES",16,8,6,1,64,"D9","Econ_C7_1_R64",1,0.783650986,40,15,"o","36",0.749283667621776,0.749737486874344
"1433","D",9,3,"Eucalyptus","concinna","Econ","E CONC","C7","1","DES",16,8,6,1,64,"D9","Econ_C7_1_R64",1,0.783650986,30,60,"i","36",0.791104734576757,0.792781509734715
"1434","D",9,3,"Eucalyptus","concinna","Econ","E CONC","C7","1","DES",16,8,6,1,64,"D9","Econ_C7_1_R64",1,0.783650986,44,15,"o","36",0.645386969829471,0.626137972890957
"1435","D",9,3,"Eucalyptus","concinna","Econ","E CONC","C7","1","DES",16,8,6,1,64,"D9","Econ_C7_1_R64",1,0.783650986,30,60,"o","36",0.666142969363708,0.666964684845776
"1436","D",9,3,"Eucalyptus","concinna","Econ","E CONC","C7","1","DES",16,8,6,1,64,"D9","Econ_C7_1_R64",1,0.783650986,30,120,"o","36",0.714102152264696,0.715091501629481
"1437","D",9,3,"Eucalyptus","concinna","Econ","E CONC","C7","1","DES",16,8,6,1,64,"D9","Econ_C7_1_R64",1,0.783650986,48,30,"p","36",-0.0960591133004926,-0.0748031496062992
"1438","D",9,3,"Eucalyptus","concinna","Econ","E CONC","C7","1","DES",16,8,6,1,64,"D9","Econ_C7_1_R64",1,0.783650986,36,30,"i","36",0.782178217821782,0.785061143549631
"1439","D",9,3,"Eucalyptus","concinna","Econ","E CONC","C7","1","DES",16,8,6,1,64,"D9","Econ_C7_1_R64",1,0.783650986,36,15,"p","36",0.656858306926211,0.658876003568242
"1440","E",1,2,"Eucalyptus","concinna","Econ","E CONC","C11","1","DES",16,8,6,1,65,"E1","Econ_C11_1_R65",1,0.802202307,52,30,"i","37",0.726495726495726,0.724777609025819
"1441","E",1,2,"Eucalyptus","concinna","Econ","E CONC","C11","1","DES",16,8,6,1,65,"E1","Econ_C11_1_R65",1,0.802202307,44,30,"i","37",0.781859282283131,0.76854818831649
"1442","E",1,2,"Eucalyptus","concinna","Econ","E CONC","C11","1","DES",16,8,6,1,65,"E1","Econ_C11_1_R65",1,0.802202307,40,120,"p","37",0.280163599182004,0.310207336523126
"1443","E",1,2,"Eucalyptus","concinna","Econ","E CONC","C11","1","DES",16,8,6,1,65,"E1","Econ_C11_1_R65",1,0.802202307,30,30,"o","37",0.640613026819923,0.638829948469233
"1444","E",1,2,"Eucalyptus","concinna","Econ","E CONC","C11","1","DES",16,8,6,1,65,"E1","Econ_C11_1_R65",1,0.802202307,30,15,"o","37",0.76138233680746,0.761820592134335
"1445","E",1,2,"Eucalyptus","concinna","Econ","E CONC","C11","1","DES",16,8,6,1,65,"E1","Econ_C11_1_R65",1,0.802202307,56,30,"p","37",-0.130165289256198,-0.143333333333333
"1446","E",1,2,"Eucalyptus","concinna","Econ","E CONC","C11","1","DES",16,8,6,1,65,"E1","Econ_C11_1_R65",1,0.802202307,30,120,"i","37",0.753771876885938,0.751921973608721
"1447","E",1,2,"Eucalyptus","concinna","Econ","E CONC","C11","1","DES",16,8,6,1,65,"E1","Econ_C11_1_R65",1,0.802202307,30,15,"i","37",0.799426111908178,0.800549752611325
"1448","E",1,2,"Eucalyptus","concinna","Econ","E CONC","C11","1","DES",16,8,6,1,65,"E1","Econ_C11_1_R65",1,0.802202307,44,60,"o","37",0.57075873827792,0.567983581323756
"1449","E",1,2,"Eucalyptus","concinna","Econ","E CONC","C11","1","DES",16,8,6,1,65,"E1","Econ_C11_1_R65",1,0.802202307,44,15,"o","37",0.638223770134959,0.634255282597492
"1450","E",1,2,"Eucalyptus","concinna","Econ","E CONC","C11","1","DES",16,8,6,1,65,"E1","Econ_C11_1_R65",1,0.802202307,40,15,"i","37",0.762984445030319,0.763760049474335
"1451","E",1,2,"Eucalyptus","concinna","Econ","E CONC","C11","1","DES",16,8,6,1,65,"E1","Econ_C11_1_R65",1,0.802202307,36,30,"o","37",0.715325936199723,0.713262599469496
"1452","E",1,2,"Eucalyptus","concinna","Econ","E CONC","C11","1","DES",16,8,6,1,65,"E1","Econ_C11_1_R65",1,0.802202307,52,60,"p","37",-0.123552123552124,-0.103448275862069
"1453","E",1,2,"Eucalyptus","concinna","Econ","E CONC","C11","1","DES",16,8,6,1,65,"E1","Econ_C11_1_R65",1,0.802202307,52,5,"p","37",-0.0657734470158342,-0.0781476121562953
"1454","E",1,2,"Eucalyptus","concinna","Econ","E CONC","C11","1","DES",16,8,6,1,65,"E1","Econ_C11_1_R65",1,0.802202307,30,120,"o","37",0.562027231467473,0.559424678274035
"1455","E",1,2,"Eucalyptus","concinna","Econ","E CONC","C11","1","DES",16,8,6,1,65,"E1","Econ_C11_1_R65",1,0.802202307,48,15,"p","37",-0.0384615384615384,-0.0467741935483871
"1456","E",1,2,"Eucalyptus","concinna","Econ","E CONC","C11","1","DES",16,8,6,1,65,"E1","Econ_C11_1_R65",1,0.802202307,30,60,"i","37",0.784700086931324,0.78456338028169
"1457","E",1,2,"Eucalyptus","concinna","Econ","E CONC","C11","1","DES",16,8,6,1,65,"E1","Econ_C11_1_R65",1,0.802202307,56,15,"i","37",0.789940057336461,0.784601467484169
"1458","E",1,2,"Eucalyptus","concinna","Econ","E CONC","C11","1","DES",16,8,6,1,65,"E1","Econ_C11_1_R65",1,0.802202307,56,5,"i","37",0.799325463743676,0.800522363695723
"1459","E",1,2,"Eucalyptus","concinna","Econ","E CONC","C11","1","DES",16,8,6,1,65,"E1","Econ_C11_1_R65",1,0.802202307,36,60,"o","37",0.686115214180207,0.680601764790974
"1460","E",1,2,"Eucalyptus","concinna","Econ","E CONC","C11","1","DES",16,8,6,1,65,"E1","Econ_C11_1_R65",1,0.802202307,52,30,"p","37",-0.117552334943639,-0.0946291560102302
"1461","E",1,2,"Eucalyptus","concinna","Econ","E CONC","C11","1","DES",16,8,6,1,65,"E1","Econ_C11_1_R65",1,0.802202307,40,15,"o","37",0.740271291972426,0.72744014732965
"1462","E",1,2,"Eucalyptus","concinna","Econ","E CONC","C11","1","DES",16,8,6,1,65,"E1","Econ_C11_1_R65",1,0.802202307,48,15,"o","37",0.00715307582260373,-0.00221361372440504
"1463","E",1,2,"Eucalyptus","concinna","Econ","E CONC","C11","1","DES",16,8,6,1,65,"E1","Econ_C11_1_R65",1,0.802202307,56,5,"p","37",-0.10589651022864,-0.100320659642694
"1464","E",1,2,"Eucalyptus","concinna","Econ","E CONC","C11","1","DES",16,8,6,1,65,"E1","Econ_C11_1_R65",1,0.802202307,40,5,"p","37",0.595655220742817,0.592342342342342
"1465","E",1,2,"Eucalyptus","concinna","Econ","E CONC","C11","1","DES",16,8,6,1,65,"E1","Econ_C11_1_R65",1,0.802202307,48,30,"p","37",-0.124756335282651,-0.138888888888889
"1466","E",1,2,"Eucalyptus","concinna","Econ","E CONC","C11","1","DES",16,8,6,1,65,"E1","Econ_C11_1_R65",1,0.802202307,52,15,"p","37",-0.0891428571428572,-0.078913873568095
"1467","E",1,2,"Eucalyptus","concinna","Econ","E CONC","C11","1","DES",16,8,6,1,65,"E1","Econ_C11_1_R65",1,0.802202307,36,5,"p","37",0.633629191321499,0.611625947767481
"1468","E",1,2,"Eucalyptus","concinna","Econ","E CONC","C11","1","DES",16,8,6,1,65,"E1","Econ_C11_1_R65",1,0.802202307,52,60,"o","37",-0.108661417322835,-0.1101243339254
"1469","E",1,2,"Eucalyptus","concinna","Econ","E CONC","C11","1","DES",16,8,6,1,65,"E1","Econ_C11_1_R65",1,0.802202307,44,120,"o","37",0.211438474870017,0.27536231884058
"1470","E",1,2,"Eucalyptus","concinna","Econ","E CONC","C11","1","DES",16,8,6,1,65,"E1","Econ_C11_1_R65",1,0.802202307,52,60,"i","37",0.791037131882202,0.793100009971084
"1471","E",1,2,"Eucalyptus","concinna","Econ","E CONC","C11","1","DES",16,8,6,1,65,"E1","Econ_C11_1_R65",1,0.802202307,56,30,"i","37",0.78125,0.783082077051926
"1472","E",1,2,"Eucalyptus","concinna","Econ","E CONC","C11","1","DES",16,8,6,1,65,"E1","Econ_C11_1_R65",1,0.802202307,36,15,"p","37",0.495890410958904,0.475074404761905
"1473","E",1,2,"Eucalyptus","concinna","Econ","E CONC","C11","1","DES",16,8,6,1,65,"E1","Econ_C11_1_R65",1,0.802202307,48,60,"o","37",-0.0909090909090909,-0.0805263157894737
"1474","E",1,2,"Eucalyptus","concinna","Econ","E CONC","C11","1","DES",16,8,6,1,65,"E1","Econ_C11_1_R65",1,0.802202307,36,30,"i","37",0.798097826086956,0.798689820110221
"1475","E",1,2,"Eucalyptus","concinna","Econ","E CONC","C11","1","DES",16,8,6,1,65,"E1","Econ_C11_1_R65",1,0.802202307,48,5,"p","37",0.138276553106212,0.136792452830189
"1476","E",1,2,"Eucalyptus","concinna","Econ","E CONC","C11","1","DES",16,8,6,1,65,"E1","Econ_C11_1_R65",1,0.802202307,30,60,"o","37",0.632352941176471,0.632703368940016
"1477","E",1,2,"Eucalyptus","concinna","Econ","E CONC","C11","1","DES",16,8,6,1,65,"E1","Econ_C11_1_R65",1,0.802202307,36,120,"i","37",0.785953177257525,0.788702180908116
"1478","E",1,2,"Eucalyptus","concinna","Econ","E CONC","C11","1","DES",16,8,6,1,65,"E1","Econ_C11_1_R65",1,0.802202307,48,30,"o","37",-0.0328083989501313,-0.0185649774209735
"1479","E",1,2,"Eucalyptus","concinna","Econ","E CONC","C11","1","DES",16,8,6,1,65,"E1","Econ_C11_1_R65",1,0.802202307,44,120,"p","37",0.151702786377709,0.141089108910891
"1480","E",2,3,"Eucalyptus","infera","Einf","E INFE","C11","1","TEMP",24,8,6,1,66,"E2","Einf_C11_1_R66",1,0.81544266,36,5,"p","38",0.424586776859504,0.435108481262327
"1481","E",2,3,"Eucalyptus","infera","Einf","E INFE","C11","1","TEMP",24,8,6,1,66,"E2","Einf_C11_1_R66",1,0.81544266,30,120,"i","38",0.777421423989737,0.781054512957998
"1482","E",2,3,"Eucalyptus","infera","Einf","E INFE","C11","1","TEMP",24,8,6,1,66,"E2","Einf_C11_1_R66",1,0.81544266,30,30,"o","38",0.301948051948052,0.292857142857143
"1483","E",2,3,"Eucalyptus","infera","Einf","E INFE","C11","1","TEMP",24,8,6,1,66,"E2","Einf_C11_1_R66",1,0.81544266,30,15,"o","38",0.638280281107896,0.636770557029178
"1484","E",2,3,"Eucalyptus","infera","Einf","E INFE","C11","1","TEMP",24,8,6,1,66,"E2","Einf_C11_1_R66",1,0.81544266,52,60,"o","38",-0.0985010706638116,-0.0971825234789711
"1485","E",2,3,"Eucalyptus","infera","Einf","E INFE","C11","1","TEMP",24,8,6,1,66,"E2","Einf_C11_1_R66",1,0.81544266,52,60,"p","38",-0.112211221122112,-0.116932907348243
"1486","E",2,3,"Eucalyptus","infera","Einf","E INFE","C11","1","TEMP",24,8,6,1,66,"E2","Einf_C11_1_R66",1,0.81544266,52,30,"i","38",0.69624760339633,0.696271694878937
"1487","E",2,3,"Eucalyptus","infera","Einf","E INFE","C11","1","TEMP",24,8,6,1,66,"E2","Einf_C11_1_R66",1,0.81544266,30,15,"i","38",0.783242258652095,0.784173505275498
"1488","E",2,3,"Eucalyptus","infera","Einf","E INFE","C11","1","TEMP",24,8,6,1,66,"E2","Einf_C11_1_R66",1,0.81544266,52,15,"p","38",-0.0978260869565218,-0.105223880597015
"1489","E",2,3,"Eucalyptus","infera","Einf","E INFE","C11","1","TEMP",24,8,6,1,66,"E2","Einf_C11_1_R66",1,0.81544266,44,30,"i","38",0.763568309419838,0.758698840154646
"1490","E",2,3,"Eucalyptus","infera","Einf","E INFE","C11","1","TEMP",24,8,6,1,66,"E2","Einf_C11_1_R66",1,0.81544266,30,120,"o","38",0.296717171717172,0.304235537190083
"1491","E",2,3,"Eucalyptus","infera","Einf","E INFE","C11","1","TEMP",24,8,6,1,66,"E2","Einf_C11_1_R66",1,0.81544266,56,5,"p","38",-0.10648918469218,-0.108695652173913
"1492","E",2,3,"Eucalyptus","infera","Einf","E INFE","C11","1","TEMP",24,8,6,1,66,"E2","Einf_C11_1_R66",1,0.81544266,48,5,"p","38",0.0698795180722891,0.0541338582677166
"1493","E",2,3,"Eucalyptus","infera","Einf","E INFE","C11","1","TEMP",24,8,6,1,66,"E2","Einf_C11_1_R66",1,0.81544266,48,60,"o","38",-0.0794341675734494,-0.0587744893705711
"1494","E",2,3,"Eucalyptus","infera","Einf","E INFE","C11","1","TEMP",24,8,6,1,66,"E2","Einf_C11_1_R66",1,0.81544266,48,15,"o","38",-0.0078740157480315,-0.0179948586118252
"1495","E",2,3,"Eucalyptus","infera","Einf","E INFE","C11","1","TEMP",24,8,6,1,66,"E2","Einf_C11_1_R66",1,0.81544266,56,30,"p","38",-0.129783693843594,-0.116279069767442
"1496","E",2,3,"Eucalyptus","infera","Einf","E INFE","C11","1","TEMP",24,8,6,1,66,"E2","Einf_C11_1_R66",1,0.81544266,40,5,"p","38",0.425142857142857,0.440746753246753
"1497","E",2,3,"Eucalyptus","infera","Einf","E INFE","C11","1","TEMP",24,8,6,1,66,"E2","Einf_C11_1_R66",1,0.81544266,44,15,"o","38",0.313778990450205,0.313694267515924
"1498","E",2,3,"Eucalyptus","infera","Einf","E INFE","C11","1","TEMP",24,8,6,1,66,"E2","Einf_C11_1_R66",1,0.81544266,52,60,"i","38",0.809654415798135,0.811438691530368
"1499","E",2,3,"Eucalyptus","infera","Einf","E INFE","C11","1","TEMP",24,8,6,1,66,"E2","Einf_C11_1_R66",1,0.81544266,36,60,"o","38",0.634771465185818,0.617912029676736
"1500","E",2,3,"Eucalyptus","infera","Einf","E INFE","C11","1","TEMP",24,8,6,1,66,"E2","Einf_C11_1_R66",1,0.81544266,52,30,"p","38",-0.125211505922166,-0.126849894291755
"1501","E",2,3,"Eucalyptus","infera","Einf","E INFE","C11","1","TEMP",24,8,6,1,66,"E2","Einf_C11_1_R66",1,0.81544266,36,15,"p","38",0.311672683513839,0.305765595463138
"1502","E",2,3,"Eucalyptus","infera","Einf","E INFE","C11","1","TEMP",24,8,6,1,66,"E2","Einf_C11_1_R66",1,0.81544266,44,60,"o","38",0.104761904761905,0.101325757575758
"1503","E",2,3,"Eucalyptus","infera","Einf","E INFE","C11","1","TEMP",24,8,6,1,66,"E2","Einf_C11_1_R66",1,0.81544266,40,15,"o","38",0.657122905027933,0.656861422210228
"1504","E",2,3,"Eucalyptus","infera","Einf","E INFE","C11","1","TEMP",24,8,6,1,66,"E2","Einf_C11_1_R66",1,0.81544266,36,30,"o","38",0.513597033374536,0.506849315068493
"1505","E",2,3,"Eucalyptus","infera","Einf","E INFE","C11","1","TEMP",24,8,6,1,66,"E2","Einf_C11_1_R66",1,0.81544266,56,30,"i","38",0.775759380583681,0.77448720903434
"1506","E",2,3,"Eucalyptus","infera","Einf","E INFE","C11","1","TEMP",24,8,6,1,66,"E2","Einf_C11_1_R66",1,0.81544266,52,5,"p","38",-0.0753588516746412,-0.0757503573130062
"1507","E",2,3,"Eucalyptus","infera","Einf","E INFE","C11","1","TEMP",24,8,6,1,66,"E2","Einf_C11_1_R66",1,0.81544266,48,30,"p","38",-0.128787878787879,-0.111723052714398
"1508","E",2,3,"Eucalyptus","infera","Einf","E INFE","C11","1","TEMP",24,8,6,1,66,"E2","Einf_C11_1_R66",1,0.81544266,40,120,"p","38",0,0.020057306590258
"1509","E",2,3,"Eucalyptus","infera","Einf","E INFE","C11","1","TEMP",24,8,6,1,66,"E2","Einf_C11_1_R66",1,0.81544266,30,60,"i","38",0.784782608695652,0.785061623459413
"1510","E",2,3,"Eucalyptus","infera","Einf","E INFE","C11","1","TEMP",24,8,6,1,66,"E2","Einf_C11_1_R66",1,0.81544266,36,30,"i","38",0.77881713940857,0.775664034458004
"1511","E",2,3,"Eucalyptus","infera","Einf","E INFE","C11","1","TEMP",24,8,6,1,66,"E2","Einf_C11_1_R66",1,0.81544266,44,120,"o","38",0.198830409356725,0.20193740685544
"1512","E",2,3,"Eucalyptus","infera","Einf","E INFE","C11","1","TEMP",24,8,6,1,66,"E2","Einf_C11_1_R66",1,0.81544266,44,120,"p","38",0.102409638554217,0.082175925925926
"1513","E",2,3,"Eucalyptus","infera","Einf","E INFE","C11","1","TEMP",24,8,6,1,66,"E2","Einf_C11_1_R66",1,0.81544266,56,5,"i","38",0.807921381774866,0.806910099376011
"1514","E",2,3,"Eucalyptus","infera","Einf","E INFE","C11","1","TEMP",24,8,6,1,66,"E2","Einf_C11_1_R66",1,0.81544266,36,120,"i","38",0.775437636761488,0.775530073561229
"1515","E",2,3,"Eucalyptus","infera","Einf","E INFE","C11","1","TEMP",24,8,6,1,66,"E2","Einf_C11_1_R66",1,0.81544266,48,30,"o","38",-0.0362844702467344,-0.0339181286549707
"1516","E",2,3,"Eucalyptus","infera","Einf","E INFE","C11","1","TEMP",24,8,6,1,66,"E2","Einf_C11_1_R66",1,0.81544266,30,60,"o","38",0.359879032258065,0.360483242400624
"1517","E",2,3,"Eucalyptus","infera","Einf","E INFE","C11","1","TEMP",24,8,6,1,66,"E2","Einf_C11_1_R66",1,0.81544266,56,15,"i","38",0.790432098765432,0.78384768541563
"1518","E",2,3,"Eucalyptus","infera","Einf","E INFE","C11","1","TEMP",24,8,6,1,66,"E2","Einf_C11_1_R66",1,0.81544266,40,15,"i","38",0.762828535669587,0.761851988671346
"1519","E",2,3,"Eucalyptus","infera","Einf","E INFE","C11","1","TEMP",24,8,6,1,66,"E2","Einf_C11_1_R66",1,0.81544266,48,15,"p","38",-0.0650095602294455,-0.0370090634441088
"1520","E",3,3,"Corymbia","citriodora ssp. citriodora","Ccit","C CITR","C7","2","SUB",24,8,6,1,67,"E3","Ccit_C7_2_R67",1,0.820958923,36,60,"o","39",0.458910034602076,0.455088797814208
"1521","E",3,3,"Corymbia","citriodora ssp. citriodora","Ccit","C CITR","C7","2","SUB",24,8,6,1,67,"E3","Ccit_C7_2_R67",1,0.820958923,36,5,"p","39",0.499075101738809,0.514407527197883
"1522","E",3,3,"Corymbia","citriodora ssp. citriodora","Ccit","C CITR","C7","2","SUB",24,8,6,1,67,"E3","Ccit_C7_2_R67",1,0.820958923,48,15,"o","39",-0.0205627705627706,-0.0216744581385464
"1523","E",3,3,"Corymbia","citriodora ssp. citriodora","Ccit","C CITR","C7","2","SUB",24,8,6,1,67,"E3","Ccit_C7_2_R67",1,0.820958923,30,15,"i","39",0.762170790103751,0.758531272689555
"1524","E",3,3,"Corymbia","citriodora ssp. citriodora","Ccit","C CITR","C7","2","SUB",24,8,6,1,67,"E3","Ccit_C7_2_R67",1,0.820958923,52,15,"p","39",-0.0823680823680822,-0.0941872981700754
"1525","E",3,3,"Corymbia","citriodora ssp. citriodora","Ccit","C CITR","C7","2","SUB",24,8,6,1,67,"E3","Ccit_C7_2_R67",1,0.820958923,48,5,"p","39",0.0907692307692308,0.0911314984709481
"1526","E",3,3,"Corymbia","citriodora ssp. citriodora","Ccit","C CITR","C7","2","SUB",24,8,6,1,67,"E3","Ccit_C7_2_R67",1,0.820958923,56,30,"p","39",-0.115843270868825,-0.127476882430647
"1527","E",3,3,"Corymbia","citriodora ssp. citriodora","Ccit","C CITR","C7","2","SUB",24,8,6,1,67,"E3","Ccit_C7_2_R67",1,0.820958923,56,30,"i","39",0.752218589444185,0.751328082066313
"1528","E",3,3,"Corymbia","citriodora ssp. citriodora","Ccit","C CITR","C7","2","SUB",24,8,6,1,67,"E3","Ccit_C7_2_R67",1,0.820958923,44,30,"i","39",0.711047345767575,0.711926389052731
"1529","E",3,3,"Corymbia","citriodora ssp. citriodora","Ccit","C CITR","C7","2","SUB",24,8,6,1,67,"E3","Ccit_C7_2_R67",1,0.820958923,44,60,"o","39",0.117863720073665,0.0995670995670995
"1530","E",3,3,"Corymbia","citriodora ssp. citriodora","Ccit","C CITR","C7","2","SUB",24,8,6,1,67,"E3","Ccit_C7_2_R67",1,0.820958923,44,120,"p","39",-0.0511508951406648,-0.0375939849624059
"1531","E",3,3,"Corymbia","citriodora ssp. citriodora","Ccit","C CITR","C7","2","SUB",24,8,6,1,67,"E3","Ccit_C7_2_R67",1,0.820958923,40,120,"p","39",0.164588528678304,0.163284568192544
"1532","E",3,3,"Corymbia","citriodora ssp. citriodora","Ccit","C CITR","C7","2","SUB",24,8,6,1,67,"E3","Ccit_C7_2_R67",1,0.820958923,30,60,"o","39",0.374776918500892,0.367450437989857
"1533","E",3,3,"Corymbia","citriodora ssp. citriodora","Ccit","C CITR","C7","2","SUB",24,8,6,1,67,"E3","Ccit_C7_2_R67",1,0.820958923,30,120,"o","39",0.232768361581921,0.237686398553999
"1534","E",3,3,"Corymbia","citriodora ssp. citriodora","Ccit","C CITR","C7","2","SUB",24,8,6,1,67,"E3","Ccit_C7_2_R67",1,0.820958923,52,60,"p","39",-0.111742424242424,-0.108792846497765
"1535","E",3,3,"Corymbia","citriodora ssp. citriodora","Ccit","C CITR","C7","2","SUB",24,8,6,1,67,"E3","Ccit_C7_2_R67",1,0.820958923,56,5,"p","39",-0.0873124147339698,-0.0834260289210234
"1536","E",3,3,"Corymbia","citriodora ssp. citriodora","Ccit","C CITR","C7","2","SUB",24,8,6,1,67,"E3","Ccit_C7_2_R67",1,0.820958923,40,5,"p","39",0.390769230769231,0.382798304058147
"1537","E",3,3,"Corymbia","citriodora ssp. citriodora","Ccit","C CITR","C7","2","SUB",24,8,6,1,67,"E3","Ccit_C7_2_R67",1,0.820958923,30,120,"i","39",0.754368932038835,0.752896524170995
"1538","E",3,3,"Corymbia","citriodora ssp. citriodora","Ccit","C CITR","C7","2","SUB",24,8,6,1,67,"E3","Ccit_C7_2_R67",1,0.820958923,52,30,"i","39",0.713827226531158,0.711598746081505
"1539","E",3,3,"Corymbia","citriodora ssp. citriodora","Ccit","C CITR","C7","2","SUB",24,8,6,1,67,"E3","Ccit_C7_2_R67",1,0.820958923,52,5,"p","39",-0.0964797913950455,-0.0900855561147458
"1540","E",3,3,"Corymbia","citriodora ssp. citriodora","Ccit","C CITR","C7","2","SUB",24,8,6,1,67,"E3","Ccit_C7_2_R67",1,0.820958923,56,5,"i","39",0.786548442906574,0.78694045174538
"1541","E",3,3,"Corymbia","citriodora ssp. citriodora","Ccit","C CITR","C7","2","SUB",24,8,6,1,67,"E3","Ccit_C7_2_R67",1,0.820958923,48,15,"p","39",-0.0269886363636363,-0.0156337241764378
"1542","E",3,3,"Corymbia","citriodora ssp. citriodora","Ccit","C CITR","C7","2","SUB",24,8,6,1,67,"E3","Ccit_C7_2_R67",1,0.820958923,30,15,"o","39",0.606985617845612,0.617216542750929
"1543","E",3,3,"Corymbia","citriodora ssp. citriodora","Ccit","C CITR","C7","2","SUB",24,8,6,1,67,"E3","Ccit_C7_2_R67",1,0.820958923,52,30,"p","39",-0.0989932885906041,-0.108018555334659
"1544","E",3,3,"Corymbia","citriodora ssp. citriodora","Ccit","C CITR","C7","2","SUB",24,8,6,1,67,"E3","Ccit_C7_2_R67",1,0.820958923,52,60,"o","39",-0.10427807486631,-0.100373731980779
"1545","E",3,3,"Corymbia","citriodora ssp. citriodora","Ccit","C CITR","C7","2","SUB",24,8,6,1,67,"E3","Ccit_C7_2_R67",1,0.820958923,36,30,"i","39",0.77871705619095,0.758920800696258
"1546","E",3,3,"Corymbia","citriodora ssp. citriodora","Ccit","C CITR","C7","2","SUB",24,8,6,1,67,"E3","Ccit_C7_2_R67",1,0.820958923,40,15,"o","39",0.516210526315789,0.487232574189096
"1547","E",3,3,"Corymbia","citriodora ssp. citriodora","Ccit","C CITR","C7","2","SUB",24,8,6,1,67,"E3","Ccit_C7_2_R67",1,0.820958923,44,15,"o","39",0.29837067209776,0.301127214170692
"1548","E",3,3,"Corymbia","citriodora ssp. citriodora","Ccit","C CITR","C7","2","SUB",24,8,6,1,67,"E3","Ccit_C7_2_R67",1,0.820958923,48,30,"p","39",-0.0964797913950455,-0.102908277404922
"1549","E",3,3,"Corymbia","citriodora ssp. citriodora","Ccit","C CITR","C7","2","SUB",24,8,6,1,67,"E3","Ccit_C7_2_R67",1,0.820958923,36,30,"o","39",0.575285565939772,0.581531531531531
"1550","E",3,3,"Corymbia","citriodora ssp. citriodora","Ccit","C CITR","C7","2","SUB",24,8,6,1,67,"E3","Ccit_C7_2_R67",1,0.820958923,52,60,"i","39",0.713324360699865,0.714026473099915
"1551","E",3,3,"Corymbia","citriodora ssp. citriodora","Ccit","C CITR","C7","2","SUB",24,8,6,1,67,"E3","Ccit_C7_2_R67",1,0.820958923,40,15,"i","39",0.724172517552658,0.72383117524958
"1552","E",3,3,"Corymbia","citriodora ssp. citriodora","Ccit","C CITR","C7","2","SUB",24,8,6,1,67,"E3","Ccit_C7_2_R67",1,0.820958923,36,15,"p","39",0.402607986960065,0.397549770290965
"1553","E",3,3,"Corymbia","citriodora ssp. citriodora","Ccit","C CITR","C7","2","SUB",24,8,6,1,67,"E3","Ccit_C7_2_R67",1,0.820958923,48,60,"o","39",-0.071779744346116,-0.071688500727802
"1554","E",3,3,"Corymbia","citriodora ssp. citriodora","Ccit","C CITR","C7","2","SUB",24,8,6,1,67,"E3","Ccit_C7_2_R67",1,0.820958923,56,15,"i","39",0.765827426057199,0.766383098064878
"1555","E",3,3,"Corymbia","citriodora ssp. citriodora","Ccit","C CITR","C7","2","SUB",24,8,6,1,67,"E3","Ccit_C7_2_R67",1,0.820958923,44,120,"o","39",-0.018939393939394,-0.0484104046242775
"1556","E",3,3,"Corymbia","citriodora ssp. citriodora","Ccit","C CITR","C7","2","SUB",24,8,6,1,67,"E3","Ccit_C7_2_R67",1,0.820958923,48,30,"o","39",-0.0372848948374761,-0.0437158469945355
"1557","E",3,3,"Corymbia","citriodora ssp. citriodora","Ccit","C CITR","C7","2","SUB",24,8,6,1,67,"E3","Ccit_C7_2_R67",1,0.820958923,30,30,"o","39",0.537692307692308,0.542279684945757
"1558","E",3,3,"Corymbia","citriodora ssp. citriodora","Ccit","C CITR","C7","2","SUB",24,8,6,1,67,"E3","Ccit_C7_2_R67",1,0.820958923,36,120,"i","39",0.749148418491484,0.745669291338583
"1559","E",3,3,"Corymbia","citriodora ssp. citriodora","Ccit","C CITR","C7","2","SUB",24,8,6,1,67,"E3","Ccit_C7_2_R67",1,0.820958923,30,60,"i","39",0.748283752860412,0.747736552458725
"1560","E",4,3,"Eucalyptus","brassiana","Ebra","E BRASS","C6","2","TROP",24,8,6,1,68,"E4","Ebra_C6_2_R68",1,0.849385822,52,15,"p","40",-0.0785536159600998,-0.0643335048893464
"1561","E",4,3,"Eucalyptus","brassiana","Ebra","E BRASS","C6","2","TROP",24,8,6,1,68,"E4","Ebra_C6_2_R68",1,0.849385822,52,60,"p","40",-0.0996563573883161,-0.103518267929635
"1562","E",4,3,"Eucalyptus","brassiana","Ebra","E BRASS","C6","2","TROP",24,8,6,1,68,"E4","Ebra_C6_2_R68",1,0.849385822,52,60,"o","40",-0.0727848101265823,-0.0697211155378486
"1563","E",4,3,"Eucalyptus","brassiana","Ebra","E BRASS","C6","2","TROP",24,8,6,1,68,"E4","Ebra_C6_2_R68",1,0.849385822,40,120,"p","40",0.16374269005848,0.151951951951952
"1564","E",4,3,"Eucalyptus","brassiana","Ebra","E BRASS","C6","2","TROP",24,8,6,1,68,"E4","Ebra_C6_2_R68",1,0.849385822,36,60,"o","40",0.64434250764526,0.648253068932956
"1565","E",4,3,"Eucalyptus","brassiana","Ebra","E BRASS","C6","2","TROP",24,8,6,1,68,"E4","Ebra_C6_2_R68",1,0.849385822,48,15,"o","40",-0.0325842696629213,-0.0375939849624061
"1566","E",4,3,"Eucalyptus","brassiana","Ebra","E BRASS","C6","2","TROP",24,8,6,1,68,"E4","Ebra_C6_2_R68",1,0.849385822,48,60,"o","40",-0.0671563483735572,-0.0627009646302252
"1567","E",4,3,"Eucalyptus","brassiana","Ebra","E BRASS","C6","2","TROP",24,8,6,1,68,"E4","Ebra_C6_2_R68",1,0.849385822,40,5,"p","40",0.594063377456879,0.604864772920565
"1568","E",4,3,"Eucalyptus","brassiana","Ebra","E BRASS","C6","2","TROP",24,8,6,1,68,"E4","Ebra_C6_2_R68",1,0.849385822,48,15,"p","40",-0.0482954545454545,-0.0448933782267116
"1569","E",4,3,"Eucalyptus","brassiana","Ebra","E BRASS","C6","2","TROP",24,8,6,1,68,"E4","Ebra_C6_2_R68",1,0.849385822,52,30,"i","40",0.713496637848223,0.714991919383972
"1570","E",4,3,"Eucalyptus","brassiana","Ebra","E BRASS","C6","2","TROP",24,8,6,1,68,"E4","Ebra_C6_2_R68",1,0.849385822,48,30,"p","40",-0.0663956639566396,-0.0723357261181669
"1571","E",4,3,"Eucalyptus","brassiana","Ebra","E BRASS","C6","2","TROP",24,8,6,1,68,"E4","Ebra_C6_2_R68",1,0.849385822,44,60,"o","40",0.250696378830084,0.230177514792899
"1572","E",4,3,"Eucalyptus","brassiana","Ebra","E BRASS","C6","2","TROP",24,8,6,1,68,"E4","Ebra_C6_2_R68",1,0.849385822,30,60,"o","40",0.473254389546754,0.449609713790113
"1573","E",4,3,"Eucalyptus","brassiana","Ebra","E BRASS","C6","2","TROP",24,8,6,1,68,"E4","Ebra_C6_2_R68",1,0.849385822,36,30,"i","40",0.797104945717732,0.79748474200111
"1574","E",4,3,"Eucalyptus","brassiana","Ebra","E BRASS","C6","2","TROP",24,8,6,1,68,"E4","Ebra_C6_2_R68",1,0.849385822,52,30,"p","40",-0.0822147651006712,-0.082080200501253
"1575","E",4,3,"Eucalyptus","brassiana","Ebra","E BRASS","C6","2","TROP",24,8,6,1,68,"E4","Ebra_C6_2_R68",1,0.849385822,36,30,"o","40",0.689609354238639,0.687200255781733
"1576","E",4,3,"Eucalyptus","brassiana","Ebra","E BRASS","C6","2","TROP",24,8,6,1,68,"E4","Ebra_C6_2_R68",1,0.849385822,30,30,"o","40",0.547835195530726,0.536261079774375
"1577","E",4,3,"Eucalyptus","brassiana","Ebra","E BRASS","C6","2","TROP",24,8,6,1,68,"E4","Ebra_C6_2_R68",1,0.849385822,44,120,"o","40",0.190391459074733,0.196366177498253
"1578","E",4,3,"Eucalyptus","brassiana","Ebra","E BRASS","C6","2","TROP",24,8,6,1,68,"E4","Ebra_C6_2_R68",1,0.849385822,56,30,"p","40",-0.105610561056106,-0.108090614886732
"1579","E",4,3,"Eucalyptus","brassiana","Ebra","E BRASS","C6","2","TROP",24,8,6,1,68,"E4","Ebra_C6_2_R68",1,0.849385822,44,30,"i","40",0.777750906892382,0.779207920792079
"1580","E",4,3,"Eucalyptus","brassiana","Ebra","E BRASS","C6","2","TROP",24,8,6,1,68,"E4","Ebra_C6_2_R68",1,0.849385822,48,30,"o","40",-0.00968783638320773,-0.00894759267149556
"1581","E",4,3,"Eucalyptus","brassiana","Ebra","E BRASS","C6","2","TROP",24,8,6,1,68,"E4","Ebra_C6_2_R68",1,0.849385822,44,120,"p","40",0.0619195046439629,0.0458937198067632
"1582","E",4,3,"Eucalyptus","brassiana","Ebra","E BRASS","C6","2","TROP",24,8,6,1,68,"E4","Ebra_C6_2_R68",1,0.849385822,40,15,"i","40",0.759615384615385,0.757864632983794
"1583","E",4,3,"Eucalyptus","brassiana","Ebra","E BRASS","C6","2","TROP",24,8,6,1,68,"E4","Ebra_C6_2_R68",1,0.849385822,56,5,"i","40",0.797701149425287,0.79755153479161
"1584","E",4,3,"Eucalyptus","brassiana","Ebra","E BRASS","C6","2","TROP",24,8,6,1,68,"E4","Ebra_C6_2_R68",1,0.849385822,52,5,"p","40",-0.0644859813084113,-0.0618479880774963
"1585","E",4,3,"Eucalyptus","brassiana","Ebra","E BRASS","C6","2","TROP",24,8,6,1,68,"E4","Ebra_C6_2_R68",1,0.849385822,36,120,"i","40",0.761047463175123,0.759750838524197
"1586","E",4,3,"Eucalyptus","brassiana","Ebra","E BRASS","C6","2","TROP",24,8,6,1,68,"E4","Ebra_C6_2_R68",1,0.849385822,52,60,"i","40",0.79210961493031,0.793063272987991
"1587","E",4,3,"Eucalyptus","brassiana","Ebra","E BRASS","C6","2","TROP",24,8,6,1,68,"E4","Ebra_C6_2_R68",1,0.849385822,44,15,"o","40",0.555323590814196,0.53483893557423
"1588","E",4,3,"Eucalyptus","brassiana","Ebra","E BRASS","C6","2","TROP",24,8,6,1,68,"E4","Ebra_C6_2_R68",1,0.849385822,30,15,"i","40",0.767623421354765,0.764552874697282
"1589","E",4,3,"Eucalyptus","brassiana","Ebra","E BRASS","C6","2","TROP",24,8,6,1,68,"E4","Ebra_C6_2_R68",1,0.849385822,36,5,"p","40",0.596073990184976,0.593604563879297
"1590","E",4,3,"Eucalyptus","brassiana","Ebra","E BRASS","C6","2","TROP",24,8,6,1,68,"E4","Ebra_C6_2_R68",1,0.849385822,40,15,"o","40",0.708012675418741,0.70259703993298
"1591","E",4,3,"Eucalyptus","brassiana","Ebra","E BRASS","C6","2","TROP",24,8,6,1,68,"E4","Ebra_C6_2_R68",1,0.849385822,30,60,"i","40",0.771796093377799,0.773370029420139
"1592","E",4,3,"Eucalyptus","brassiana","Ebra","E BRASS","C6","2","TROP",24,8,6,1,68,"E4","Ebra_C6_2_R68",1,0.849385822,56,15,"i","40",0.780896110290497,0.780913724749858
"1593","E",4,3,"Eucalyptus","brassiana","Ebra","E BRASS","C6","2","TROP",24,8,6,1,68,"E4","Ebra_C6_2_R68",1,0.849385822,30,15,"o","40",0.694663795166308,0.688495575221239
"1594","E",4,3,"Eucalyptus","brassiana","Ebra","E BRASS","C6","2","TROP",24,8,6,1,68,"E4","Ebra_C6_2_R68",1,0.849385822,56,5,"p","40",-0.108187134502924,-0.0998248686514887
"1595","E",4,3,"Eucalyptus","brassiana","Ebra","E BRASS","C6","2","TROP",24,8,6,1,68,"E4","Ebra_C6_2_R68",1,0.849385822,36,15,"p","40",0.506016847172082,0.508319662526365
"1596","E",4,3,"Eucalyptus","brassiana","Ebra","E BRASS","C6","2","TROP",24,8,6,1,68,"E4","Ebra_C6_2_R68",1,0.849385822,30,120,"o","40",0.553590761457957,0.502311756935271
"1597","E",4,3,"Eucalyptus","brassiana","Ebra","E BRASS","C6","2","TROP",24,8,6,1,68,"E4","Ebra_C6_2_R68",1,0.849385822,48,5,"p","40",0.0881763527054108,0.0625521267723103
"1598","E",4,3,"Eucalyptus","brassiana","Ebra","E BRASS","C6","2","TROP",24,8,6,1,68,"E4","Ebra_C6_2_R68",1,0.849385822,30,120,"i","40",0.764794383149448,0.748053717399766
"1599","E",4,3,"Eucalyptus","brassiana","Ebra","E BRASS","C6","2","TROP",24,8,6,1,68,"E4","Ebra_C6_2_R68",1,0.849385822,56,30,"i","40",0.755612126822495,0.756932208105351
"1600","E",5,2,"Corymbia","stockeri","Csto","C STOC","C1","1","TROP",24,8,6,1,69,"E5","Csto_C1_1_R69",1,0.85509578,52,5,"p","41",-0.0414878397711016,-0.0350877192982455
"1601","E",5,2,"Corymbia","stockeri","Csto","C STOC","C1","1","TROP",24,8,6,1,69,"E5","Csto_C1_1_R69",1,0.85509578,40,120,"p","41",-0.0527426160337553,-0.0431107354184277
"1602","E",5,2,"Corymbia","stockeri","Csto","C STOC","C1","1","TROP",24,8,6,1,69,"E5","Csto_C1_1_R69",1,0.85509578,30,60,"o","41",0.0803080308030803,0.0367309458218549
"1603","E",5,2,"Corymbia","stockeri","Csto","C STOC","C1","1","TROP",24,8,6,1,69,"E5","Csto_C1_1_R69",1,0.85509578,36,30,"o","41",0.36950146627566,0.374582869855395
"1604","E",5,2,"Corymbia","stockeri","Csto","C STOC","C1","1","TROP",24,8,6,1,69,"E5","Csto_C1_1_R69",1,0.85509578,52,30,"p","41",-0.0882352941176471,-0.0831040176114473
"1605","E",5,2,"Corymbia","stockeri","Csto","C STOC","C1","1","TROP",24,8,6,1,69,"E5","Csto_C1_1_R69",1,0.85509578,40,5,"p","41",0.474341192787795,0.458144454517981
"1606","E",5,2,"Corymbia","stockeri","Csto","C STOC","C1","1","TROP",24,8,6,1,69,"E5","Csto_C1_1_R69",1,0.85509578,52,60,"p","41",-0.0942562592047129,-0.0952649379932357
"1607","E",5,2,"Corymbia","stockeri","Csto","C STOC","C1","1","TROP",24,8,6,1,69,"E5","Csto_C1_1_R69",1,0.85509578,36,120,"i","41",0.708671241422333,0.711336336336336
"1608","E",5,2,"Corymbia","stockeri","Csto","C STOC","C1","1","TROP",24,8,6,1,69,"E5","Csto_C1_1_R69",1,0.85509578,36,5,"p","41",0.405680990531682,0.412646497683292
"1609","E",5,2,"Corymbia","stockeri","Csto","C STOC","C1","1","TROP",24,8,6,1,69,"E5","Csto_C1_1_R69",1,0.85509578,52,60,"i","41",0.687830687830688,0.697655057582905
"1610","E",5,2,"Corymbia","stockeri","Csto","C STOC","C1","1","TROP",24,8,6,1,69,"E5","Csto_C1_1_R69",1,0.85509578,44,120,"p","41",-0.0450281425891182,-0.0516324981017464
"1611","E",5,2,"Corymbia","stockeri","Csto","C STOC","C1","1","TROP",24,8,6,1,69,"E5","Csto_C1_1_R69",1,0.85509578,30,15,"o","41",0.360515021459228,0.350295192578015
"1612","E",5,2,"Corymbia","stockeri","Csto","C STOC","C1","1","TROP",24,8,6,1,69,"E5","Csto_C1_1_R69",1,0.85509578,40,15,"o","41",0.51501959077057,0.51735339374252
"1613","E",5,2,"Corymbia","stockeri","Csto","C STOC","C1","1","TROP",24,8,6,1,69,"E5","Csto_C1_1_R69",1,0.85509578,36,30,"i","41",0.729975515914655,0.729553903345725
"1614","E",5,2,"Corymbia","stockeri","Csto","C STOC","C1","1","TROP",24,8,6,1,69,"E5","Csto_C1_1_R69",1,0.85509578,30,30,"o","41",0.0796380090497738,0.0754648195406489
"1615","E",5,2,"Corymbia","stockeri","Csto","C STOC","C1","1","TROP",24,8,6,1,69,"E5","Csto_C1_1_R69",1,0.85509578,30,120,"o","41",0.510301868711069,0.525543271063668
"1616","E",5,2,"Corymbia","stockeri","Csto","C STOC","C1","1","TROP",24,8,6,1,69,"E5","Csto_C1_1_R69",1,0.85509578,56,5,"p","41",-0.075968992248062,-0.0924678505817515
"1617","E",5,2,"Corymbia","stockeri","Csto","C STOC","C1","1","TROP",24,8,6,1,69,"E5","Csto_C1_1_R69",1,0.85509578,44,60,"o","41",0.00710227272727273,0.0146710837671556
"1618","E",5,2,"Corymbia","stockeri","Csto","C STOC","C1","1","TROP",24,8,6,1,69,"E5","Csto_C1_1_R69",1,0.85509578,44,15,"o","41",0.104494382022472,0.0933748332592262
"1619","E",5,2,"Corymbia","stockeri","Csto","C STOC","C1","1","TROP",24,8,6,1,69,"E5","Csto_C1_1_R69",1,0.85509578,30,15,"i","41",0.727681246255243,0.730944854232525
"1620","E",5,2,"Corymbia","stockeri","Csto","C STOC","C1","1","TROP",24,8,6,1,69,"E5","Csto_C1_1_R69",1,0.85509578,52,30,"i","41",0.679600235155791,0.684222397654224
"1621","E",5,2,"Corymbia","stockeri","Csto","C STOC","C1","1","TROP",24,8,6,1,69,"E5","Csto_C1_1_R69",1,0.85509578,36,15,"p","41",0.0717131474103586,0.0764102564102563
"1622","E",5,2,"Corymbia","stockeri","Csto","C STOC","C1","1","TROP",24,8,6,1,69,"E5","Csto_C1_1_R69",1,0.85509578,30,60,"i","41",0.690571532580997,0.679895333624073
"1623","E",5,2,"Corymbia","stockeri","Csto","C STOC","C1","1","TROP",24,8,6,1,69,"E5","Csto_C1_1_R69",1,0.85509578,44,30,"i","41",0.644622093023256,0.643508771929825
"1624","E",5,2,"Corymbia","stockeri","Csto","C STOC","C1","1","TROP",24,8,6,1,69,"E5","Csto_C1_1_R69",1,0.85509578,30,120,"i","41",0.752054406347407,0.753762122394382
"1625","E",5,2,"Corymbia","stockeri","Csto","C STOC","C1","1","TROP",24,8,6,1,69,"E5","Csto_C1_1_R69",1,0.85509578,48,15,"p","41",-0.0439393939393939,-0.0435045317220543
"1626","E",5,2,"Corymbia","stockeri","Csto","C STOC","C1","1","TROP",24,8,6,1,69,"E5","Csto_C1_1_R69",1,0.85509578,48,30,"p","41",-0.0590909090909091,-0.0583538083538083
"1627","E",5,2,"Corymbia","stockeri","Csto","C STOC","C1","1","TROP",24,8,6,1,69,"E5","Csto_C1_1_R69",1,0.85509578,36,60,"o","41",0.346527259148618,0.301561483409239
"1628","E",5,2,"Corymbia","stockeri","Csto","C STOC","C1","1","TROP",24,8,6,1,69,"E5","Csto_C1_1_R69",1,0.85509578,48,60,"o","41",-0.0388571428571429,-0.0397702165267345
"1629","E",5,2,"Corymbia","stockeri","Csto","C STOC","C1","1","TROP",24,8,6,1,69,"E5","Csto_C1_1_R69",1,0.85509578,48,30,"o","41",-0.0148367952522255,-0.0090744101633393
"1630","E",5,2,"Corymbia","stockeri","Csto","C STOC","C1","1","TROP",24,8,6,1,69,"E5","Csto_C1_1_R69",1,0.85509578,48,5,"p","41",0.0467032967032967,0.0455722423614707
"1631","E",5,2,"Corymbia","stockeri","Csto","C STOC","C1","1","TROP",24,8,6,1,69,"E5","Csto_C1_1_R69",1,0.85509578,48,15,"o","41",-0.0303030303030303,-0.0560271646859082
"1632","E",5,2,"Corymbia","stockeri","Csto","C STOC","C1","1","TROP",24,8,6,1,69,"E5","Csto_C1_1_R69",1,0.85509578,56,30,"p","41",-0.0947802197802196,-0.0814455231930961
"1633","E",5,2,"Corymbia","stockeri","Csto","C STOC","C1","1","TROP",24,8,6,1,69,"E5","Csto_C1_1_R69",1,0.85509578,52,15,"p","41",-0.0721649484536083,-0.0742255990648743
"1634","E",5,2,"Corymbia","stockeri","Csto","C STOC","C1","1","TROP",24,8,6,1,69,"E5","Csto_C1_1_R69",1,0.85509578,56,30,"i","41",0.713940856970429,0.709172789760607
"1635","E",5,2,"Corymbia","stockeri","Csto","C STOC","C1","1","TROP",24,8,6,1,69,"E5","Csto_C1_1_R69",1,0.85509578,40,15,"i","41",0.738566131025958,0.739283545840923
"1636","E",5,2,"Corymbia","stockeri","Csto","C STOC","C1","1","TROP",24,8,6,1,69,"E5","Csto_C1_1_R69",1,0.85509578,56,5,"i","41",0.784424045010364,0.785541613905836
"1637","E",5,2,"Corymbia","stockeri","Csto","C STOC","C1","1","TROP",24,8,6,1,69,"E5","Csto_C1_1_R69",1,0.85509578,56,15,"i","41",0.757186337504227,0.693212961470256
"1638","E",5,2,"Corymbia","stockeri","Csto","C STOC","C1","1","TROP",24,8,6,1,69,"E5","Csto_C1_1_R69",1,0.85509578,52,60,"o","41",-0.0913091309130913,-0.0856521739130434
"1639","E",5,2,"Corymbia","stockeri","Csto","C STOC","C1","1","TROP",24,8,6,1,69,"E5","Csto_C1_1_R69",1,0.85509578,44,120,"o","41",-0.0308441558441558,-0.0291382517048979
"1640","E",6,2,"Eucalyptus","victrix","Evic","E VICT","C11","2","DES",24,8,6,1,70,"E6","Evic_C11_2_R70",1,0.856541564,44,60,"o","42",0.519647696476965,0.508317425688574
"1641","E",6,2,"Eucalyptus","victrix","Evic","E VICT","C11","2","DES",24,8,6,1,70,"E6","Evic_C11_2_R70",1,0.856541564,40,15,"i","42",0.772964509394572,0.775771103896104
"1642","E",6,2,"Eucalyptus","victrix","Evic","E VICT","C11","2","DES",24,8,6,1,70,"E6","Evic_C11_2_R70",1,0.856541564,48,15,"p","42",0.0235294117647059,0.00479386385426644
"1643","E",6,2,"Eucalyptus","victrix","Evic","E VICT","C11","2","DES",24,8,6,1,70,"E6","Evic_C11_2_R70",1,0.856541564,44,30,"i","42",0.77274031563845,0.771327395643309
"1644","E",6,2,"Eucalyptus","victrix","Evic","E VICT","C11","2","DES",24,8,6,1,70,"E6","Evic_C11_2_R70",1,0.856541564,48,30,"o","42",0.028169014084507,0.0325358851674642
"1645","E",6,2,"Eucalyptus","victrix","Evic","E VICT","C11","2","DES",24,8,6,1,70,"E6","Evic_C11_2_R70",1,0.856541564,30,60,"o","42",0.517653167185878,0.523617278966492
"1646","E",6,2,"Eucalyptus","victrix","Evic","E VICT","C11","2","DES",24,8,6,1,70,"E6","Evic_C11_2_R70",1,0.856541564,56,5,"p","42",-0.0676446617766911,-0.0762951334379906
"1647","E",6,2,"Eucalyptus","victrix","Evic","E VICT","C11","2","DES",24,8,6,1,70,"E6","Evic_C11_2_R70",1,0.856541564,52,15,"p","42",-0.0657237936772046,-0.0646103896103896
"1648","E",6,2,"Eucalyptus","victrix","Evic","E VICT","C11","2","DES",24,8,6,1,70,"E6","Evic_C11_2_R70",1,0.856541564,48,30,"p","42",-0.0290697674418605,-0.028684907325684
"1649","E",6,2,"Eucalyptus","victrix","Evic","E VICT","C11","2","DES",24,8,6,1,70,"E6","Evic_C11_2_R70",1,0.856541564,36,60,"o","42",0.604029445951182,0.606173575902177
"1650","E",6,2,"Eucalyptus","victrix","Evic","E VICT","C11","2","DES",24,8,6,1,70,"E6","Evic_C11_2_R70",1,0.856541564,52,60,"p","42",-0.079663212435233,-0.0744039821849619
"1651","E",6,2,"Eucalyptus","victrix","Evic","E VICT","C11","2","DES",24,8,6,1,70,"E6","Evic_C11_2_R70",1,0.856541564,56,5,"i","42",0.797632468996618,0.801376597836775
"1652","E",6,2,"Eucalyptus","victrix","Evic","E VICT","C11","2","DES",24,8,6,1,70,"E6","Evic_C11_2_R70",1,0.856541564,48,5,"p","42",0.111111111111111,0.128326996197719
"1653","E",6,2,"Eucalyptus","victrix","Evic","E VICT","C11","2","DES",24,8,6,1,70,"E6","Evic_C11_2_R70",1,0.856541564,44,120,"o","42",0.336411609498681,0.34572864321608
"1654","E",6,2,"Eucalyptus","victrix","Evic","E VICT","C11","2","DES",24,8,6,1,70,"E6","Evic_C11_2_R70",1,0.856541564,30,120,"i","42",0.762598664238009,0.763915547024952
"1655","E",6,2,"Eucalyptus","victrix","Evic","E VICT","C11","2","DES",24,8,6,1,70,"E6","Evic_C11_2_R70",1,0.856541564,48,60,"o","42",-0.0527131782945736,-0.0362723214285713
"1656","E",6,2,"Eucalyptus","victrix","Evic","E VICT","C11","2","DES",24,8,6,1,70,"E6","Evic_C11_2_R70",1,0.856541564,56,30,"i","42",0.763984674329502,0.764595103578154
"1657","E",6,2,"Eucalyptus","victrix","Evic","E VICT","C11","2","DES",24,8,6,1,70,"E6","Evic_C11_2_R70",1,0.856541564,44,120,"p","42",0.194581280788177,0.208982584784601
"1658","E",6,2,"Eucalyptus","victrix","Evic","E VICT","C11","2","DES",24,8,6,1,70,"E6","Evic_C11_2_R70",1,0.856541564,36,30,"i","42",0.787313432835821,0.786550766630448
"1659","E",6,2,"Eucalyptus","victrix","Evic","E VICT","C11","2","DES",24,8,6,1,70,"E6","Evic_C11_2_R70",1,0.856541564,30,120,"o","42",0.529379760609358,0.516310461192351
"1660","E",6,2,"Eucalyptus","victrix","Evic","E VICT","C11","2","DES",24,8,6,1,70,"E6","Evic_C11_2_R70",1,0.856541564,56,30,"p","42",-0.0748081841432224,-0.0727044025157233
"1661","E",6,2,"Eucalyptus","victrix","Evic","E VICT","C11","2","DES",24,8,6,1,70,"E6","Evic_C11_2_R70",1,0.856541564,44,15,"o","42",0.563674321503132,0.54500537056928
"1662","E",6,2,"Eucalyptus","victrix","Evic","E VICT","C11","2","DES",24,8,6,1,70,"E6","Evic_C11_2_R70",1,0.856541564,48,15,"o","42",0.0347349177330896,0.040396881644224
"1663","E",6,2,"Eucalyptus","victrix","Evic","E VICT","C11","2","DES",24,8,6,1,70,"E6","Evic_C11_2_R70",1,0.856541564,30,15,"i","42",0.783499446290144,0.782244378447179
"1664","E",6,2,"Eucalyptus","victrix","Evic","E VICT","C11","2","DES",24,8,6,1,70,"E6","Evic_C11_2_R70",1,0.856541564,52,30,"i","42",0.710637019230769,0.701326385599242
"1665","E",6,2,"Eucalyptus","victrix","Evic","E VICT","C11","2","DES",24,8,6,1,70,"E6","Evic_C11_2_R70",1,0.856541564,36,5,"p","42",0.552878726010617,0.543807699007142
"1666","E",6,2,"Eucalyptus","victrix","Evic","E VICT","C11","2","DES",24,8,6,1,70,"E6","Evic_C11_2_R70",1,0.856541564,36,15,"p","42",0.503597122302158,0.507625272331155
"1667","E",6,2,"Eucalyptus","victrix","Evic","E VICT","C11","2","DES",24,8,6,1,70,"E6","Evic_C11_2_R70",1,0.856541564,52,5,"p","42",-0.0762527233115468,-0.0752961082910322
"1668","E",6,2,"Eucalyptus","victrix","Evic","E VICT","C11","2","DES",24,8,6,1,70,"E6","Evic_C11_2_R70",1,0.856541564,30,15,"o","42",0.693582404338656,0.691556508276766
"1669","E",6,2,"Eucalyptus","victrix","Evic","E VICT","C11","2","DES",24,8,6,1,70,"E6","Evic_C11_2_R70",1,0.856541564,52,60,"o","42",-0.0691280439905735,-0.0673693858845098
"1670","E",6,2,"Eucalyptus","victrix","Evic","E VICT","C11","2","DES",24,8,6,1,70,"E6","Evic_C11_2_R70",1,0.856541564,52,30,"p","42",-0.0684818481848185,-0.074313408723748
"1671","E",6,2,"Eucalyptus","victrix","Evic","E VICT","C11","2","DES",24,8,6,1,70,"E6","Evic_C11_2_R70",1,0.856541564,40,15,"o","42",0.725939269171385,0.723472993437658
"1672","E",6,2,"Eucalyptus","victrix","Evic","E VICT","C11","2","DES",24,8,6,1,70,"E6","Evic_C11_2_R70",1,0.856541564,40,120,"p","42",0.139759036144578,0.141784037558685
"1673","E",6,2,"Eucalyptus","victrix","Evic","E VICT","C11","2","DES",24,8,6,1,70,"E6","Evic_C11_2_R70",1,0.856541564,30,30,"o","42",0.570798235058163,0.572761474793077
"1674","E",6,2,"Eucalyptus","victrix","Evic","E VICT","C11","2","DES",24,8,6,1,70,"E6","Evic_C11_2_R70",1,0.856541564,40,5,"p","42",0.593769089798412,0.594427244582043
"1675","E",6,2,"Eucalyptus","victrix","Evic","E VICT","C11","2","DES",24,8,6,1,70,"E6","Evic_C11_2_R70",1,0.856541564,36,30,"o","42",0.664838930774503,0.664302916778164
"1676","E",6,2,"Eucalyptus","victrix","Evic","E VICT","C11","2","DES",24,8,6,1,70,"E6","Evic_C11_2_R70",1,0.856541564,52,60,"i","42",0.798248092681548,0.798785594639866
"1677","E",6,2,"Eucalyptus","victrix","Evic","E VICT","C11","2","DES",24,8,6,1,70,"E6","Evic_C11_2_R70",1,0.856541564,30,60,"i","42",0.774987690792713,0.774202815282965
"1678","E",6,2,"Eucalyptus","victrix","Evic","E VICT","C11","2","DES",24,8,6,1,70,"E6","Evic_C11_2_R70",1,0.856541564,56,15,"i","42",0.786645384410748,0.788602751060089
"1679","E",6,2,"Eucalyptus","victrix","Evic","E VICT","C11","2","DES",24,8,6,1,70,"E6","Evic_C11_2_R70",1,0.856541564,36,120,"i","42",0.774103139013453,0.775257275644572
"1680","E",7,2,"Corymbia","watsoniana","Cwat","C WATS","C6","1","SUB",24,8,6,1,71,"E7","Cwat_C6_1_R71",1,0.911094284,36,60,"o","43",0.28662109375,0.250395256916996
"1681","E",7,2,"Corymbia","watsoniana","Cwat","C WATS","C6","1","SUB",24,8,6,1,71,"E7","Cwat_C6_1_R71",1,0.911094284,44,120,"o","43",-0.0210970464135021,-0.0147904683648315
"1682","E",7,2,"Corymbia","watsoniana","Cwat","C WATS","C6","1","SUB",24,8,6,1,71,"E7","Cwat_C6_1_R71",1,0.911094284,30,60,"i","43",0.663590825204324,0.663534404364959
"1683","E",7,2,"Corymbia","watsoniana","Cwat","C WATS","C6","1","SUB",24,8,6,1,71,"E7","Cwat_C6_1_R71",1,0.911094284,44,30,"i","43",0.634575026232949,0.630459830313187
"1684","E",7,2,"Corymbia","watsoniana","Cwat","C WATS","C6","1","SUB",24,8,6,1,71,"E7","Cwat_C6_1_R71",1,0.911094284,30,60,"o","43",0.250769230769231,0.252562367046993
"1685","E",7,2,"Corymbia","watsoniana","Cwat","C WATS","C6","1","SUB",24,8,6,1,71,"E7","Cwat_C6_1_R71",1,0.911094284,36,30,"i","43",0.551804038397882,0.570824253300859
"1686","E",7,2,"Corymbia","watsoniana","Cwat","C WATS","C6","1","SUB",24,8,6,1,71,"E7","Cwat_C6_1_R71",1,0.911094284,48,60,"o","43",-0.0262329485834208,-0.0242816673411573
"1687","E",7,2,"Corymbia","watsoniana","Cwat","C WATS","C6","1","SUB",24,8,6,1,71,"E7","Cwat_C6_1_R71",1,0.911094284,44,60,"o","43",0.0340715502555367,0.026595744680851
"1688","E",7,2,"Corymbia","watsoniana","Cwat","C WATS","C6","1","SUB",24,8,6,1,71,"E7","Cwat_C6_1_R71",1,0.911094284,44,15,"o","43",0.210227272727273,0.221984732824427
"1689","E",7,2,"Corymbia","watsoniana","Cwat","C WATS","C6","1","SUB",24,8,6,1,71,"E7","Cwat_C6_1_R71",1,0.911094284,48,15,"o","43",0.0500736377025037,0.0326869806094183
"1690","E",7,2,"Corymbia","watsoniana","Cwat","C WATS","C6","1","SUB",24,8,6,1,71,"E7","Cwat_C6_1_R71",1,0.911094284,40,120,"p","43",0.0749574105621806,0.0497094899935442
"1691","E",7,2,"Corymbia","watsoniana","Cwat","C WATS","C6","1","SUB",24,8,6,1,71,"E7","Cwat_C6_1_R71",1,0.911094284,40,15,"i","43",0.662543295398318,0.664598681659558
"1692","E",7,2,"Corymbia","watsoniana","Cwat","C WATS","C6","1","SUB",24,8,6,1,71,"E7","Cwat_C6_1_R71",1,0.911094284,48,5,"p","43",0.0731707317073171,0.0670028818443805
"1693","E",7,2,"Corymbia","watsoniana","Cwat","C WATS","C6","1","SUB",24,8,6,1,71,"E7","Cwat_C6_1_R71",1,0.911094284,36,5,"p","43",0.213441654357459,0.214873603762493
"1694","E",7,2,"Corymbia","watsoniana","Cwat","C WATS","C6","1","SUB",24,8,6,1,71,"E7","Cwat_C6_1_R71",1,0.911094284,36,15,"p","43",0.204651162790698,0.210832587287377
"1695","E",7,2,"Corymbia","watsoniana","Cwat","C WATS","C6","1","SUB",24,8,6,1,71,"E7","Cwat_C6_1_R71",1,0.911094284,30,15,"o","43",0.209550962223806,0.214048672566372
"1696","E",7,2,"Corymbia","watsoniana","Cwat","C WATS","C6","1","SUB",24,8,6,1,71,"E7","Cwat_C6_1_R71",1,0.911094284,56,5,"p","43",-0.0661715057393653,-0.0724292889241343
"1697","E",7,2,"Corymbia","watsoniana","Cwat","C WATS","C6","1","SUB",24,8,6,1,71,"E7","Cwat_C6_1_R71",1,0.911094284,44,120,"p","43",-0.0426966292134831,-0.0584795321637427
"1698","E",7,2,"Corymbia","watsoniana","Cwat","C WATS","C6","1","SUB",24,8,6,1,71,"E7","Cwat_C6_1_R71",1,0.911094284,52,30,"p","43",-0.0926517571884984,-0.0881226053639846
"1699","E",7,2,"Corymbia","watsoniana","Cwat","C WATS","C6","1","SUB",24,8,6,1,71,"E7","Cwat_C6_1_R71",1,0.911094284,30,120,"o","43",0.252390057361377,0.254848334162108
"1700","E",7,2,"Corymbia","watsoniana","Cwat","C WATS","C6","1","SUB",24,8,6,1,71,"E7","Cwat_C6_1_R71",1,0.911094284,52,15,"p","43",-0.0550943396226415,-0.0519207683073228
"1701","E",7,2,"Corymbia","watsoniana","Cwat","C WATS","C6","1","SUB",24,8,6,1,71,"E7","Cwat_C6_1_R71",1,0.911094284,40,5,"p","43",0.308966861598441,0.314448669201521
"1702","E",7,2,"Corymbia","watsoniana","Cwat","C WATS","C6","1","SUB",24,8,6,1,71,"E7","Cwat_C6_1_R71",1,0.911094284,48,30,"p","43",-0.0709812108559499,-0.077116512992456
"1703","E",7,2,"Corymbia","watsoniana","Cwat","C WATS","C6","1","SUB",24,8,6,1,71,"E7","Cwat_C6_1_R71",1,0.911094284,40,15,"o","43",0.462165308498254,0.470944977395523
"1704","E",7,2,"Corymbia","watsoniana","Cwat","C WATS","C6","1","SUB",24,8,6,1,71,"E7","Cwat_C6_1_R71",1,0.911094284,30,30,"o","43",0.134715025906736,0.138123359580053
"1705","E",7,2,"Corymbia","watsoniana","Cwat","C WATS","C6","1","SUB",24,8,6,1,71,"E7","Cwat_C6_1_R71",1,0.911094284,56,5,"i","43",0.732819233386255,0.732701088865472
"1706","E",7,2,"Corymbia","watsoniana","Cwat","C WATS","C6","1","SUB",24,8,6,1,71,"E7","Cwat_C6_1_R71",1,0.911094284,48,15,"p","43",-0.00801603206412821,-0.0253378378378379
"1707","E",7,2,"Corymbia","watsoniana","Cwat","C WATS","C6","1","SUB",24,8,6,1,71,"E7","Cwat_C6_1_R71",1,0.911094284,52,5,"p","43",-0.074688796680498,-0.0834224598930483
"1708","E",7,2,"Corymbia","watsoniana","Cwat","C WATS","C6","1","SUB",24,8,6,1,71,"E7","Cwat_C6_1_R71",1,0.911094284,30,120,"i","43",0.687226933950141,0.694578372527797
"1709","E",7,2,"Corymbia","watsoniana","Cwat","C WATS","C6","1","SUB",24,8,6,1,71,"E7","Cwat_C6_1_R71",1,0.911094284,48,30,"o","43",0,-0.00669344042838016
"1710","E",7,2,"Corymbia","watsoniana","Cwat","C WATS","C6","1","SUB",24,8,6,1,71,"E7","Cwat_C6_1_R71",1,0.911094284,52,60,"o","43",-0.0944309927360773,-0.0920421860019176
"1711","E",7,2,"Corymbia","watsoniana","Cwat","C WATS","C6","1","SUB",24,8,6,1,71,"E7","Cwat_C6_1_R71",1,0.911094284,56,15,"i","43",0.72852912142152,0.73021897810219
"1712","E",7,2,"Corymbia","watsoniana","Cwat","C WATS","C6","1","SUB",24,8,6,1,71,"E7","Cwat_C6_1_R71",1,0.911094284,36,30,"o","43",0.00911854103343463,0.0133228840125392
"1713","E",7,2,"Corymbia","watsoniana","Cwat","C WATS","C6","1","SUB",24,8,6,1,71,"E7","Cwat_C6_1_R71",1,0.911094284,36,120,"i","43",0.664393226716839,0.647488755622189
"1714","E",7,2,"Corymbia","watsoniana","Cwat","C WATS","C6","1","SUB",24,8,6,1,71,"E7","Cwat_C6_1_R71",1,0.911094284,56,30,"p","43",-0.0817717206132879,-0.087956698240866
"1715","E",7,2,"Corymbia","watsoniana","Cwat","C WATS","C6","1","SUB",24,8,6,1,71,"E7","Cwat_C6_1_R71",1,0.911094284,52,60,"p","43",-0.0988074957410562,-0.0997891777933942
"1716","E",7,2,"Corymbia","watsoniana","Cwat","C WATS","C6","1","SUB",24,8,6,1,71,"E7","Cwat_C6_1_R71",1,0.911094284,30,15,"i","43",0.644683714670256,0.640776699029126
"1717","E",7,2,"Corymbia","watsoniana","Cwat","C WATS","C6","1","SUB",24,8,6,1,71,"E7","Cwat_C6_1_R71",1,0.911094284,52,30,"i","43",0.685721295387635,0.652776422367522
"1718","E",7,2,"Corymbia","watsoniana","Cwat","C WATS","C6","1","SUB",24,8,6,1,71,"E7","Cwat_C6_1_R71",1,0.911094284,52,60,"i","43",0.696152041295167,0.69494931043931
"1719","E",7,2,"Corymbia","watsoniana","Cwat","C WATS","C6","1","SUB",24,8,6,1,71,"E7","Cwat_C6_1_R71",1,0.911094284,56,30,"i","43",0.668224299065421,0.667208413001912
"1720","E",8,2,"Eucalyptus","viridis","Evir","E VIRID","C1","1","COSMO",24,8,6,1,72,"E8","Evir_C1_1_R72",1,0.966664548,36,60,"o","44",0.696913580246914,0.673265936534681
"1721","E",8,2,"Eucalyptus","viridis","Evir","E VIRID","C1","1","COSMO",24,8,6,1,72,"E8","Evir_C1_1_R72",1,0.966664548,44,120,"o","44",0.148989898989899,0.121976866456362
"1722","E",8,2,"Eucalyptus","viridis","Evir","E VIRID","C1","1","COSMO",24,8,6,1,72,"E8","Evir_C1_1_R72",1,0.966664548,52,15,"p","44",-0.0521235521235521,-0.0628810975609757
"1723","E",8,2,"Eucalyptus","viridis","Evir","E VIRID","C1","1","COSMO",24,8,6,1,72,"E8","Evir_C1_1_R72",1,0.966664548,44,30,"i","44",0.807471264367816,0.808973639932698
"1724","E",8,2,"Eucalyptus","viridis","Evir","E VIRID","C1","1","COSMO",24,8,6,1,72,"E8","Evir_C1_1_R72",1,0.966664548,48,60,"o","44",-0.0187793427230047,-0.0246268656716418
"1725","E",8,2,"Eucalyptus","viridis","Evir","E VIRID","C1","1","COSMO",24,8,6,1,72,"E8","Evir_C1_1_R72",1,0.966664548,36,5,"p","44",0.656669650850492,0.654623502056877
"1726","E",8,2,"Eucalyptus","viridis","Evir","E VIRID","C1","1","COSMO",24,8,6,1,72,"E8","Evir_C1_1_R72",1,0.966664548,30,15,"o","44",0.760840649108806,0.760812375039461
"1727","E",8,2,"Eucalyptus","viridis","Evir","E VIRID","C1","1","COSMO",24,8,6,1,72,"E8","Evir_C1_1_R72",1,0.966664548,40,15,"i","44",0.793636633957776,0.794877711121366
"1728","E",8,2,"Eucalyptus","viridis","Evir","E VIRID","C1","1","COSMO",24,8,6,1,72,"E8","Evir_C1_1_R72",1,0.966664548,48,30,"p","44",-0.084375,-0.0784780023781213
"1729","E",8,2,"Eucalyptus","viridis","Evir","E VIRID","C1","1","COSMO",24,8,6,1,72,"E8","Evir_C1_1_R72",1,0.966664548,44,60,"o","44",0.0902394106813997,0.0867453157529493
"1730","E",8,2,"Eucalyptus","viridis","Evir","E VIRID","C1","1","COSMO",24,8,6,1,72,"E8","Evir_C1_1_R72",1,0.966664548,48,15,"o","44",-0.0112359550561798,-0.0155979202772965
"1731","E",8,2,"Eucalyptus","viridis","Evir","E VIRID","C1","1","COSMO",24,8,6,1,72,"E8","Evir_C1_1_R72",1,0.966664548,48,30,"o","44",0.0171428571428572,0.0159503766061143
"1732","E",8,2,"Eucalyptus","viridis","Evir","E VIRID","C1","1","COSMO",24,8,6,1,72,"E8","Evir_C1_1_R72",1,0.966664548,48,5,"p","44",0.0471698113207548,0.0528846153846154
"1733","E",8,2,"Eucalyptus","viridis","Evir","E VIRID","C1","1","COSMO",24,8,6,1,72,"E8","Evir_C1_1_R72",1,0.966664548,44,15,"o","44",0.577146546158812,0.314544189283229
"1734","E",8,2,"Eucalyptus","viridis","Evir","E VIRID","C1","1","COSMO",24,8,6,1,72,"E8","Evir_C1_1_R72",1,0.966664548,36,15,"p","44",0.529499626587005,0.490527740189445
"1735","E",8,2,"Eucalyptus","viridis","Evir","E VIRID","C1","1","COSMO",24,8,6,1,72,"E8","Evir_C1_1_R72",1,0.966664548,40,120,"p","44",0.134556574923547,0.12781954887218
"1736","E",8,2,"Eucalyptus","viridis","Evir","E VIRID","C1","1","COSMO",24,8,6,1,72,"E8","Evir_C1_1_R72",1,0.966664548,56,30,"i","44",0.797827398913699,0.797986891385768
"1737","E",8,2,"Eucalyptus","viridis","Evir","E VIRID","C1","1","COSMO",24,8,6,1,72,"E8","Evir_C1_1_R72",1,0.966664548,56,5,"i","44",0.817689530685921,0.816159943215427
"1738","E",8,2,"Eucalyptus","viridis","Evir","E VIRID","C1","1","COSMO",24,8,6,1,72,"E8","Evir_C1_1_R72",1,0.966664548,36,30,"i","44",0.81717933836332,0.816396437542818
"1739","E",8,2,"Eucalyptus","viridis","Evir","E VIRID","C1","1","COSMO",24,8,6,1,72,"E8","Evir_C1_1_R72",1,0.966664548,30,15,"i","44",0.800270635994587,0.800258425756434
"1740","E",8,2,"Eucalyptus","viridis","Evir","E VIRID","C1","1","COSMO",24,8,6,1,72,"E8","Evir_C1_1_R72",1,0.966664548,30,30,"o","44",0.457070707070707,0.459677419354839
"1741","E",8,2,"Eucalyptus","viridis","Evir","E VIRID","C1","1","COSMO",24,8,6,1,72,"E8","Evir_C1_1_R72",1,0.966664548,56,5,"p","44",-0.0774577954319762,-0.0665610142630746
"1742","E",8,2,"Eucalyptus","viridis","Evir","E VIRID","C1","1","COSMO",24,8,6,1,72,"E8","Evir_C1_1_R72",1,0.966664548,52,5,"p","44",-0.0566280566280566,-0.0489678348535767
"1743","E",8,2,"Eucalyptus","viridis","Evir","E VIRID","C1","1","COSMO",24,8,6,1,72,"E8","Evir_C1_1_R72",1,0.966664548,52,30,"p","44",-0.0675273088381331,-0.063681976071015
"1744","E",8,2,"Eucalyptus","viridis","Evir","E VIRID","C1","1","COSMO",24,8,6,1,72,"E8","Evir_C1_1_R72",1,0.966664548,30,120,"o","44",0.719820685238553,0.682915360501567
"1745","E",8,2,"Eucalyptus","viridis","Evir","E VIRID","C1","1","COSMO",24,8,6,1,72,"E8","Evir_C1_1_R72",1,0.966664548,48,15,"p","44",-0.0438596491228071,-0.04421768707483
"1746","E",8,2,"Eucalyptus","viridis","Evir","E VIRID","C1","1","COSMO",24,8,6,1,72,"E8","Evir_C1_1_R72",1,0.966664548,30,60,"i","44",0.798069187449718,0.798231009365244
"1747","E",8,2,"Eucalyptus","viridis","Evir","E VIRID","C1","1","COSMO",24,8,6,1,72,"E8","Evir_C1_1_R72",1,0.966664548,40,5,"p","44",0.622545915136162,0.622521606507372
"1748","E",8,2,"Eucalyptus","viridis","Evir","E VIRID","C1","1","COSMO",24,8,6,1,72,"E8","Evir_C1_1_R72",1,0.966664548,52,60,"i","44",0.824138824138824,0.824575504872903
"1749","E",8,2,"Eucalyptus","viridis","Evir","E VIRID","C1","1","COSMO",24,8,6,1,72,"E8","Evir_C1_1_R72",1,0.966664548,30,120,"i","44",0.7687456201822,0.747593736532107
"1750","E",8,2,"Eucalyptus","viridis","Evir","E VIRID","C1","1","COSMO",24,8,6,1,72,"E8","Evir_C1_1_R72",1,0.966664548,30,60,"o","44",0.424512987012987,0.425925925925926
"1751","E",8,2,"Eucalyptus","viridis","Evir","E VIRID","C1","1","COSMO",24,8,6,1,72,"E8","Evir_C1_1_R72",1,0.966664548,56,15,"i","44",0.808375298171217,0.808848840741116
"1752","E",8,2,"Eucalyptus","viridis","Evir","E VIRID","C1","1","COSMO",24,8,6,1,72,"E8","Evir_C1_1_R72",1,0.966664548,40,15,"o","44",0.770189561152947,0.766541038525963
"1753","E",8,2,"Eucalyptus","viridis","Evir","E VIRID","C1","1","COSMO",24,8,6,1,72,"E8","Evir_C1_1_R72",1,0.966664548,36,120,"i","44",0.803605313092979,0.802048623966432
"1754","E",8,2,"Eucalyptus","viridis","Evir","E VIRID","C1","1","COSMO",24,8,6,1,72,"E8","Evir_C1_1_R72",1,0.966664548,56,30,"p","44",-0.0695296523517382,-0.079715864246251
"1755","E",8,2,"Eucalyptus","viridis","Evir","E VIRID","C1","1","COSMO",24,8,6,1,72,"E8","Evir_C1_1_R72",1,0.966664548,44,120,"p","44",0.0200803212851404,0.0258064516129032
"1756","E",8,2,"Eucalyptus","viridis","Evir","E VIRID","C1","1","COSMO",24,8,6,1,72,"E8","Evir_C1_1_R72",1,0.966664548,36,30,"o","44",0.74644128113879,0.748362189985962
"1757","E",8,2,"Eucalyptus","viridis","Evir","E VIRID","C1","1","COSMO",24,8,6,1,72,"E8","Evir_C1_1_R72",1,0.966664548,52,60,"p","44",-0.0649064906490649,-0.0815632965165676
"1758","E",8,2,"Eucalyptus","viridis","Evir","E VIRID","C1","1","COSMO",24,8,6,1,72,"E8","Evir_C1_1_R72",1,0.966664548,52,30,"i","44",0.767096412556054,0.766280594405594
"1759","E",8,2,"Eucalyptus","viridis","Evir","E VIRID","C1","1","COSMO",24,8,6,1,72,"E8","Evir_C1_1_R72",1,0.966664548,52,60,"o","44",-0.0647534952170714,-0.0731851851851851
"1760","E",9,2,"Eucalyptus","radiata ssp. radiata","Erad","E RADI","C7","1","TEMP",24,8,6,1,73,"E9","Erad_C7_1_R73",1,0.998918145,56,5,"i","45",0.77207095709571,0.772158114411981
"1761","E",9,2,"Eucalyptus","radiata ssp. radiata","Erad","E RADI","C7","1","TEMP",24,8,6,1,73,"E9","Erad_C7_1_R73",1,0.998918145,48,15,"o","45",-0.026333558406482,-0.0338062179293691
"1762","E",9,2,"Eucalyptus","radiata ssp. radiata","Erad","E RADI","C7","1","TEMP",24,8,6,1,73,"E9","Erad_C7_1_R73",1,0.998918145,52,30,"p","45",-0.0654205607476636,-0.0542443064182196
"1763","E",9,2,"Eucalyptus","radiata ssp. radiata","Erad","E RADI","C7","1","TEMP",24,8,6,1,73,"E9","Erad_C7_1_R73",1,0.998918145,40,15,"i","45",0.741039779440725,0.742105263157895
"1764","E",9,2,"Eucalyptus","radiata ssp. radiata","Erad","E RADI","C7","1","TEMP",24,8,6,1,73,"E9","Erad_C7_1_R73",1,0.998918145,56,15,"i","45",0.773200543232232,0.774659550975341
"1765","E",9,2,"Eucalyptus","radiata ssp. radiata","Erad","E RADI","C7","1","TEMP",24,8,6,1,73,"E9","Erad_C7_1_R73",1,0.998918145,56,30,"p","45",-0.0635335073977372,-0.0727210652099694
"1766","E",9,2,"Eucalyptus","radiata ssp. radiata","Erad","E RADI","C7","1","TEMP",24,8,6,1,73,"E9","Erad_C7_1_R73",1,0.998918145,30,60,"o","45",0.602771905097487,0.587301587301587
"1767","E",9,2,"Eucalyptus","radiata ssp. radiata","Erad","E RADI","C7","1","TEMP",24,8,6,1,73,"E9","Erad_C7_1_R73",1,0.998918145,44,60,"o","45",0.113924050632911,0.165003837298542
"1768","E",9,2,"Eucalyptus","radiata ssp. radiata","Erad","E RADI","C7","1","TEMP",24,8,6,1,73,"E9","Erad_C7_1_R73",1,0.998918145,48,60,"o","45",-0.038089089735313,-0.0366309494144032
"1769","E",9,2,"Eucalyptus","radiata ssp. radiata","Erad","E RADI","C7","1","TEMP",24,8,6,1,73,"E9","Erad_C7_1_R73",1,0.998918145,30,60,"i","45",0.772294005507308,0.772711806736985
"1770","E",9,2,"Eucalyptus","radiata ssp. radiata","Erad","E RADI","C7","1","TEMP",24,8,6,1,73,"E9","Erad_C7_1_R73",1,0.998918145,40,120,"p","45",0.277611940298508,0.159810126582279
"1771","E",9,2,"Eucalyptus","radiata ssp. radiata","Erad","E RADI","C7","1","TEMP",24,8,6,1,73,"E9","Erad_C7_1_R73",1,0.998918145,48,30,"p","45",-0.0704070407040704,-0.0604444444444444
"1772","E",9,2,"Eucalyptus","radiata ssp. radiata","Erad","E RADI","C7","1","TEMP",24,8,6,1,73,"E9","Erad_C7_1_R73",1,0.998918145,52,30,"i","45",0.715240083507307,0.713597074468085
"1773","E",9,2,"Eucalyptus","radiata ssp. radiata","Erad","E RADI","C7","1","TEMP",24,8,6,1,73,"E9","Erad_C7_1_R73",1,0.998918145,44,120,"p","45",-0.0227272727272727,-0.0244379276637341
"1774","E",9,2,"Eucalyptus","radiata ssp. radiata","Erad","E RADI","C7","1","TEMP",24,8,6,1,73,"E9","Erad_C7_1_R73",1,0.998918145,36,15,"p","45",0.511600237953599,0.494387627837366
"1775","E",9,2,"Eucalyptus","radiata ssp. radiata","Erad","E RADI","C7","1","TEMP",24,8,6,1,73,"E9","Erad_C7_1_R73",1,0.998918145,44,120,"o","45",-0.0310077519379845,-0.0128663330950679
"1776","E",9,2,"Eucalyptus","radiata ssp. radiata","Erad","E RADI","C7","1","TEMP",24,8,6,1,73,"E9","Erad_C7_1_R73",1,0.998918145,48,30,"o","45",-0.0157377049180329,-0.00414823008849573
"1777","E",9,2,"Eucalyptus","radiata ssp. radiata","Erad","E RADI","C7","1","TEMP",24,8,6,1,73,"E9","Erad_C7_1_R73",1,0.998918145,52,60,"p","45",-0.0678642714570858,-0.0659297275957364
"1778","E",9,2,"Eucalyptus","radiata ssp. radiata","Erad","E RADI","C7","1","TEMP",24,8,6,1,73,"E9","Erad_C7_1_R73",1,0.998918145,40,15,"o","45",0.64385235883647,0.645300373670595
"1779","E",9,2,"Eucalyptus","radiata ssp. radiata","Erad","E RADI","C7","1","TEMP",24,8,6,1,73,"E9","Erad_C7_1_R73",1,0.998918145,36,30,"i","45",0.780938833570413,0.782892893827622
"1780","E",9,2,"Eucalyptus","radiata ssp. radiata","Erad","E RADI","C7","1","TEMP",24,8,6,1,73,"E9","Erad_C7_1_R73",1,0.998918145,56,30,"i","45",0.75656271034328,0.755848346329659
"1781","E",9,2,"Eucalyptus","radiata ssp. radiata","Erad","E RADI","C7","1","TEMP",24,8,6,1,73,"E9","Erad_C7_1_R73",1,0.998918145,48,5,"p","45",0.0594405594405594,0.0686341798215511
"1782","E",9,2,"Eucalyptus","radiata ssp. radiata","Erad","E RADI","C7","1","TEMP",24,8,6,1,73,"E9","Erad_C7_1_R73",1,0.998918145,36,30,"o","45",0.490052781161186,0.488521432011559
"1783","E",9,2,"Eucalyptus","radiata ssp. radiata","Erad","E RADI","C7","1","TEMP",24,8,6,1,73,"E9","Erad_C7_1_R73",1,0.998918145,40,5,"p","45",0.528655597214783,0.522038271339497
"1784","E",9,2,"Eucalyptus","radiata ssp. radiata","Erad","E RADI","C7","1","TEMP",24,8,6,1,73,"E9","Erad_C7_1_R73",1,0.998918145,44,15,"o","45",0.221153846153846,0.240406320541761
"1785","E",9,2,"Eucalyptus","radiata ssp. radiata","Erad","E RADI","C7","1","TEMP",24,8,6,1,73,"E9","Erad_C7_1_R73",1,0.998918145,52,15,"p","45",-0.0630557801131771,-0.0637880274779196
"1786","E",9,2,"Eucalyptus","radiata ssp. radiata","Erad","E RADI","C7","1","TEMP",24,8,6,1,73,"E9","Erad_C7_1_R73",1,0.998918145,48,15,"p","45",-0.0358649789029536,-0.037639007698888
"1787","E",9,2,"Eucalyptus","radiata ssp. radiata","Erad","E RADI","C7","1","TEMP",24,8,6,1,73,"E9","Erad_C7_1_R73",1,0.998918145,30,15,"i","45",0.759501689189189,0.761106036701819
"1788","E",9,2,"Eucalyptus","radiata ssp. radiata","Erad","E RADI","C7","1","TEMP",24,8,6,1,73,"E9","Erad_C7_1_R73",1,0.998918145,36,5,"p","45",0.592734225621415,0.584243369734789
"1789","E",9,2,"Eucalyptus","radiata ssp. radiata","Erad","E RADI","C7","1","TEMP",24,8,6,1,73,"E9","Erad_C7_1_R73",1,0.998918145,44,30,"i","45",0.747265858023464,0.740272065801961
"1790","E",9,2,"Eucalyptus","radiata ssp. radiata","Erad","E RADI","C7","1","TEMP",24,8,6,1,73,"E9","Erad_C7_1_R73",1,0.998918145,52,60,"o","45",-0.0622188905547227,-0.0636471284783895
"1791","E",9,2,"Eucalyptus","radiata ssp. radiata","Erad","E RADI","C7","1","TEMP",24,8,6,1,73,"E9","Erad_C7_1_R73",1,0.998918145,30,120,"i","45",0.775793650793651,0.775771971496437
"1792","E",9,2,"Eucalyptus","radiata ssp. radiata","Erad","E RADI","C7","1","TEMP",24,8,6,1,73,"E9","Erad_C7_1_R73",1,0.998918145,30,15,"o","45",0.626118067978533,0.620097123645872
"1793","E",9,2,"Eucalyptus","radiata ssp. radiata","Erad","E RADI","C7","1","TEMP",24,8,6,1,73,"E9","Erad_C7_1_R73",1,0.998918145,36,60,"o","45",0.530855286900036,0.529403528423411
"1794","E",9,2,"Eucalyptus","radiata ssp. radiata","Erad","E RADI","C7","1","TEMP",24,8,6,1,73,"E9","Erad_C7_1_R73",1,0.998918145,56,5,"p","45",-0.0747028862478777,-0.0713561041596212
"1795","E",9,2,"Eucalyptus","radiata ssp. radiata","Erad","E RADI","C7","1","TEMP",24,8,6,1,73,"E9","Erad_C7_1_R73",1,0.998918145,36,120,"i","45",0.763241285649615,0.764253798033959
"1796","E",9,2,"Eucalyptus","radiata ssp. radiata","Erad","E RADI","C7","1","TEMP",24,8,6,1,73,"E9","Erad_C7_1_R73",1,0.998918145,30,120,"o","45",0.596121416526138,0.591395375589555
"1797","E",9,2,"Eucalyptus","radiata ssp. radiata","Erad","E RADI","C7","1","TEMP",24,8,6,1,73,"E9","Erad_C7_1_R73",1,0.998918145,30,30,"o","45",0.616233254531127,0.615440565253533
"1798","E",9,2,"Eucalyptus","radiata ssp. radiata","Erad","E RADI","C7","1","TEMP",24,8,6,1,73,"E9","Erad_C7_1_R73",1,0.998918145,52,5,"p","45",-0.06,-0.055350553505535
"1799","E",9,2,"Eucalyptus","radiata ssp. radiata","Erad","E RADI","C7","1","TEMP",24,8,6,1,73,"E9","Erad_C7_1_R73",1,0.998918145,52,60,"i","45",0.792030445489143,0.792608178574696
